<?xml version="1.0" encoding="UTF-8"?>
<gpx version="1.1" creator="Larapinta Trail 2027" xmlns="http://www.topografix.com/GPX/1/1">
  <trk>
    <name>Larapinta Trail east to west plus Mt Sonder</name>
    <trkseg>
    <trkpt lat="-23.6709454" lon="133.8850788"></trkpt>
    <trkpt lat="-23.6708752" lon="133.8851041"></trkpt>
    <trkpt lat="-23.6707940" lon="133.8851173"></trkpt>
    <trkpt lat="-23.6705623" lon="133.8851467"></trkpt>
    <trkpt lat="-23.6703588" lon="133.8851534"></trkpt>
    <trkpt lat="-23.6701911" lon="133.8850081"></trkpt>
    <trkpt lat="-23.6700920" lon="133.8848827"></trkpt>
    <trkpt lat="-23.6700243" lon="133.8846639"></trkpt>
    <trkpt lat="-23.6698362" lon="133.8844152"></trkpt>
    <trkpt lat="-23.6696958" lon="133.8841202"></trkpt>
    <trkpt lat="-23.6694859" lon="133.8838842"></trkpt>
    <trkpt lat="-23.6694070" lon="133.8837644"></trkpt>
    <trkpt lat="-23.6692719" lon="133.8836545"></trkpt>
    <trkpt lat="-23.6691391" lon="133.8834611"></trkpt>
    <trkpt lat="-23.6691289" lon="133.8832322"></trkpt>
    <trkpt lat="-23.6690585" lon="133.8831715"></trkpt>
    <trkpt lat="-23.6689620" lon="133.8831396"></trkpt>
    <trkpt lat="-23.6688087" lon="133.8831849"></trkpt>
    <trkpt lat="-23.6686439" lon="133.8832335"></trkpt>
    <trkpt lat="-23.6684351" lon="133.8833471"></trkpt>
    <trkpt lat="-23.6682899" lon="133.8833798"></trkpt>
    <trkpt lat="-23.6681589" lon="133.8834838"></trkpt>
    <trkpt lat="-23.6680829" lon="133.8835997"></trkpt>
    <trkpt lat="-23.6680034" lon="133.8837849"></trkpt>
    <trkpt lat="-23.6678389" lon="133.8838707"></trkpt>
    <trkpt lat="-23.6675425" lon="133.8839844"></trkpt>
    <trkpt lat="-23.6671967" lon="133.8840507"></trkpt>
    <trkpt lat="-23.6669317" lon="133.8840667"></trkpt>
    <trkpt lat="-23.6668066" lon="133.8841160"></trkpt>
    <trkpt lat="-23.6666016" lon="133.8840705"></trkpt>
    <trkpt lat="-23.6662751" lon="133.8841160"></trkpt>
    <trkpt lat="-23.6660770" lon="133.8842184"></trkpt>
    <trkpt lat="-23.6658322" lon="133.8841915"></trkpt>
    <trkpt lat="-23.6655455" lon="133.8844877"></trkpt>
    <trkpt lat="-23.6653057" lon="133.8845143"></trkpt>
    <trkpt lat="-23.6651610" lon="133.8844806"></trkpt>
    <trkpt lat="-23.6649236" lon="133.8845901"></trkpt>
    <trkpt lat="-23.6647151" lon="133.8848177"></trkpt>
    <trkpt lat="-23.6643364" lon="133.8851060"></trkpt>
    <trkpt lat="-23.6641149" lon="133.8853487"></trkpt>
    <trkpt lat="-23.6639308" lon="133.8854587"></trkpt>
    <trkpt lat="-23.6637050" lon="133.8856938"></trkpt>
    <trkpt lat="-23.6636312" lon="133.8859604"></trkpt>
    <trkpt lat="-23.6634513" lon="133.8860637"></trkpt>
    <trkpt lat="-23.6634618" lon="133.8862040"></trkpt>
    <trkpt lat="-23.6634201" lon="133.8862913"></trkpt>
    <trkpt lat="-23.6631065" lon="133.8862421"></trkpt>
    <trkpt lat="-23.6627209" lon="133.8861186"></trkpt>
    <trkpt lat="-23.6622423" lon="133.8859119"></trkpt>
    <trkpt lat="-23.6621902" lon="133.8859423"></trkpt>
    <trkpt lat="-23.6620095" lon="133.8858361"></trkpt>
    <trkpt lat="-23.6617811" lon="133.8857490"></trkpt>
    <trkpt lat="-23.6613920" lon="133.8856427"></trkpt>
    <trkpt lat="-23.6612877" lon="133.8855555"></trkpt>
    <trkpt lat="-23.6610133" lon="133.8855062"></trkpt>
    <trkpt lat="-23.6602653" lon="133.8852637"></trkpt>
    <trkpt lat="-23.6598945" lon="133.8850738"></trkpt>
    <trkpt lat="-23.6597104" lon="133.8850510"></trkpt>
    <trkpt lat="-23.6586055" lon="133.8846925"></trkpt>
    <trkpt lat="-23.6581608" lon="133.8845086"></trkpt>
    <trkpt lat="-23.6580114" lon="133.8844005"></trkpt>
    <trkpt lat="-23.6578828" lon="133.8843265"></trkpt>
    <trkpt lat="-23.6577960" lon="133.8843606"></trkpt>
    <trkpt lat="-23.6576014" lon="133.8843075"></trkpt>
    <trkpt lat="-23.6574868" lon="133.8842886"></trkpt>
    <trkpt lat="-23.6572540" lon="133.8842127"></trkpt>
    <trkpt lat="-23.6571810" lon="133.8841672"></trkpt>
    <trkpt lat="-23.6569691" lon="133.8841065"></trkpt>
    <trkpt lat="-23.6567728" lon="133.8840192"></trkpt>
    <trkpt lat="-23.6567120" lon="133.8837954"></trkpt>
    <trkpt lat="-23.6567050" lon="133.8836134"></trkpt>
    <trkpt lat="-23.6565730" lon="133.8834465"></trkpt>
    <trkpt lat="-23.6564826" lon="133.8832265"></trkpt>
    <trkpt lat="-23.6563402" lon="133.8830899"></trkpt>
    <trkpt lat="-23.6563078" lon="133.8829619"></trkpt>
    <trkpt lat="-23.6562759" lon="133.8828358"></trkpt>
    <trkpt lat="-23.6563271" lon="133.8826076"></trkpt>
    <trkpt lat="-23.6563549" lon="133.8824260"></trkpt>
    <trkpt lat="-23.6563654" lon="133.8823520"></trkpt>
    <trkpt lat="-23.6563310" lon="133.8821577"></trkpt>
    <trkpt lat="-23.6562606" lon="133.8820875"></trkpt>
    <trkpt lat="-23.6561748" lon="133.8818969"></trkpt>
    <trkpt lat="-23.6561491" lon="133.8817649"></trkpt>
    <trkpt lat="-23.6560745" lon="133.8817450"></trkpt>
    <trkpt lat="-23.6559762" lon="133.8817184"></trkpt>
    <trkpt lat="-23.6559443" lon="133.8815014"></trkpt>
    <trkpt lat="-23.6558836" lon="133.8813208"></trkpt>
    <trkpt lat="-23.6558689" lon="133.8810873"></trkpt>
    <trkpt lat="-23.6559123" lon="133.8809843"></trkpt>
    <trkpt lat="-23.6558661" lon="133.8808130"></trkpt>
    <trkpt lat="-23.6559135" lon="133.8806168"></trkpt>
    <trkpt lat="-23.6558904" lon="133.8803576"></trkpt>
    <trkpt lat="-23.6559151" lon="133.8802385"></trkpt>
    <trkpt lat="-23.6560417" lon="133.8801342"></trkpt>
    <trkpt lat="-23.6562181" lon="133.8800716"></trkpt>
    <trkpt lat="-23.6562740" lon="133.8799379"></trkpt>
    <trkpt lat="-23.6563395" lon="133.8797988"></trkpt>
    <trkpt lat="-23.6563701" lon="133.8796858"></trkpt>
    <trkpt lat="-23.6562299" lon="133.8793649"></trkpt>
    <trkpt lat="-23.6562368" lon="133.8792852"></trkpt>
    <trkpt lat="-23.6561499" lon="133.8791259"></trkpt>
    <trkpt lat="-23.6561951" lon="133.8790007"></trkpt>
    <trkpt lat="-23.6560596" lon="133.8787276"></trkpt>
    <trkpt lat="-23.6560735" lon="133.8786328"></trkpt>
    <trkpt lat="-23.6559693" lon="133.8784431"></trkpt>
    <trkpt lat="-23.6559102" lon="133.8782990"></trkpt>
    <trkpt lat="-23.6557782" lon="133.8782686"></trkpt>
    <trkpt lat="-23.6557587" lon="133.8782003"></trkpt>
    <trkpt lat="-23.6558447" lon="133.8779893"></trkpt>
    <trkpt lat="-23.6558129" lon="133.8778438"></trkpt>
    <trkpt lat="-23.6557189" lon="133.8776862"></trkpt>
    <trkpt lat="-23.6556531" lon="133.8775896"></trkpt>
    <trkpt lat="-23.6555523" lon="133.8774038"></trkpt>
    <trkpt lat="-23.6553195" lon="133.8771951"></trkpt>
    <trkpt lat="-23.6552896" lon="133.8769927"></trkpt>
    <trkpt lat="-23.6552174" lon="133.8768071"></trkpt>
    <trkpt lat="-23.6551680" lon="133.8767123"></trkpt>
    <trkpt lat="-23.6550273" lon="133.8766300"></trkpt>
    <trkpt lat="-23.6548748" lon="133.8764934"></trkpt>
    <trkpt lat="-23.6548088" lon="133.8764593"></trkpt>
    <trkpt lat="-23.6547810" lon="133.8763644"></trkpt>
    <trkpt lat="-23.6547706" lon="133.8761027"></trkpt>
    <trkpt lat="-23.6548053" lon="133.8759282"></trkpt>
    <trkpt lat="-23.6547428" lon="133.8758827"></trkpt>
    <trkpt lat="-23.6546941" lon="133.8757727"></trkpt>
    <trkpt lat="-23.6546316" lon="133.8757347"></trkpt>
    <trkpt lat="-23.6546436" lon="133.8756244"></trkpt>
    <trkpt lat="-23.6546747" lon="133.8755777"></trkpt>
    <trkpt lat="-23.6547110" lon="133.8754233"></trkpt>
    <trkpt lat="-23.6548009" lon="133.8752936"></trkpt>
    <trkpt lat="-23.6547576" lon="133.8747274"></trkpt>
    <trkpt lat="-23.6546265" lon="133.8744658"></trkpt>
    <trkpt lat="-23.6544040" lon="133.8742541"></trkpt>
    <trkpt lat="-23.6541543" lon="133.8739498"></trkpt>
    <trkpt lat="-23.6539822" lon="133.8738255"></trkpt>
    <trkpt lat="-23.6537760" lon="133.8737338"></trkpt>
    <trkpt lat="-23.6536317" lon="133.8736754"></trkpt>
    <trkpt lat="-23.6535847" lon="133.8736047"></trkpt>
    <trkpt lat="-23.6535082" lon="133.8734446"></trkpt>
    <trkpt lat="-23.6533840" lon="133.8733110"></trkpt>
    <trkpt lat="-23.6534195" lon="133.8730958"></trkpt>
    <trkpt lat="-23.6533319" lon="133.8728731"></trkpt>
    <trkpt lat="-23.6531628" lon="133.8725931"></trkpt>
    <trkpt lat="-23.6532173" lon="133.8725097"></trkpt>
    <trkpt lat="-23.6532034" lon="133.8723987"></trkpt>
    <trkpt lat="-23.6531406" lon="133.8723352"></trkpt>
    <trkpt lat="-23.6527724" lon="133.8721468"></trkpt>
    <trkpt lat="-23.6526616" lon="133.8719378"></trkpt>
    <trkpt lat="-23.6525720" lon="133.8717987"></trkpt>
    <trkpt lat="-23.6524651" lon="133.8717634"></trkpt>
    <trkpt lat="-23.6522914" lon="133.8717114"></trkpt>
    <trkpt lat="-23.6522036" lon="133.8715671"></trkpt>
    <trkpt lat="-23.6523047" lon="133.8713737"></trkpt>
    <trkpt lat="-23.6522839" lon="133.8712579"></trkpt>
    <trkpt lat="-23.6521861" lon="133.8711543"></trkpt>
    <trkpt lat="-23.6520161" lon="133.8711468"></trkpt>
    <trkpt lat="-23.6519176" lon="133.8709774"></trkpt>
    <trkpt lat="-23.6518117" lon="133.8709299"></trkpt>
    <trkpt lat="-23.6516226" lon="133.8707239"></trkpt>
    <trkpt lat="-23.6515364" lon="133.8704477"></trkpt>
    <trkpt lat="-23.6514439" lon="133.8703369"></trkpt>
    <trkpt lat="-23.6513238" lon="133.8700715"></trkpt>
    <trkpt lat="-23.6512995" lon="133.8699008"></trkpt>
    <trkpt lat="-23.6512335" lon="133.8698363"></trkpt>
    <trkpt lat="-23.6512265" lon="133.8696201"></trkpt>
    <trkpt lat="-23.6512359" lon="133.8695271"></trkpt>
    <trkpt lat="-23.6512430" lon="133.8694559"></trkpt>
    <trkpt lat="-23.6512991" lon="133.8693697"></trkpt>
    <trkpt lat="-23.6513554" lon="133.8692462"></trkpt>
    <trkpt lat="-23.6511014" lon="133.8691156"></trkpt>
    <trkpt lat="-23.6510146" lon="133.8688690"></trkpt>
    <trkpt lat="-23.6509938" lon="133.8687425"></trkpt>
    <trkpt lat="-23.6509555" lon="133.8686223"></trkpt>
    <trkpt lat="-23.6509507" lon="133.8684998"></trkpt>
    <trkpt lat="-23.6508997" lon="133.8682901"></trkpt>
    <trkpt lat="-23.6508953" lon="133.8681429"></trkpt>
    <trkpt lat="-23.6507873" lon="133.8680258"></trkpt>
    <trkpt lat="-23.6507986" lon="133.8677607"></trkpt>
    <trkpt lat="-23.6508377" lon="133.8674578"></trkpt>
    <trkpt lat="-23.6508635" lon="133.8673286"></trkpt>
    <trkpt lat="-23.6508082" lon="133.8670691"></trkpt>
    <trkpt lat="-23.6507318" lon="133.8666558"></trkpt>
    <trkpt lat="-23.6507515" lon="133.8663446"></trkpt>
    <trkpt lat="-23.6508458" lon="133.8657006"></trkpt>
    <trkpt lat="-23.6508945" lon="133.8653880"></trkpt>
    <trkpt lat="-23.6508064" lon="133.8652612"></trkpt>
    <trkpt lat="-23.6507480" lon="133.8651933"></trkpt>
    <trkpt lat="-23.6505487" lon="133.8650838"></trkpt>
    <trkpt lat="-23.6502794" lon="133.8650971"></trkpt>
    <trkpt lat="-23.6500834" lon="133.8650143"></trkpt>
    <trkpt lat="-23.6499191" lon="133.8649660"></trkpt>
    <trkpt lat="-23.6498432" lon="133.8649798"></trkpt>
    <trkpt lat="-23.6497800" lon="133.8648969"></trkpt>
    <trkpt lat="-23.6497420" lon="133.8648210"></trkpt>
    <trkpt lat="-23.6496725" lon="133.8648003"></trkpt>
    <trkpt lat="-23.6494639" lon="133.8646278"></trkpt>
    <trkpt lat="-23.6494070" lon="133.8644828"></trkpt>
    <trkpt lat="-23.6494892" lon="133.8643034"></trkpt>
    <trkpt lat="-23.6494386" lon="133.8641930"></trkpt>
    <trkpt lat="-23.6493374" lon="133.8641654"></trkpt>
    <trkpt lat="-23.6491857" lon="133.8641654"></trkpt>
    <trkpt lat="-23.6490340" lon="133.8641032"></trkpt>
    <trkpt lat="-23.6488443" lon="133.8641516"></trkpt>
    <trkpt lat="-23.6487748" lon="133.8640273"></trkpt>
    <trkpt lat="-23.6486420" lon="133.8639445"></trkpt>
    <trkpt lat="-23.6482563" lon="133.8637305"></trkpt>
    <trkpt lat="-23.6480161" lon="133.8634890"></trkpt>
    <trkpt lat="-23.6479236" lon="133.8631492"></trkpt>
    <trkpt lat="-23.6478610" lon="133.8629596"></trkpt>
    <trkpt lat="-23.6477498" lon="133.8627813"></trkpt>
    <trkpt lat="-23.6475692" lon="133.8626751"></trkpt>
    <trkpt lat="-23.6471439" lon="133.8624956"></trkpt>
    <trkpt lat="-23.6470923" lon="133.8624165"></trkpt>
    <trkpt lat="-23.6470612" lon="133.8623209"></trkpt>
    <trkpt lat="-23.6470084" lon="133.8622369"></trkpt>
    <trkpt lat="-23.6469675" lon="133.8621491"></trkpt>
    <trkpt lat="-23.6468823" lon="133.8620547"></trkpt>
    <trkpt lat="-23.6468835" lon="133.8620303"></trkpt>
    <trkpt lat="-23.6468747" lon="133.8619016"></trkpt>
    <trkpt lat="-23.6469038" lon="133.8618463"></trkpt>
    <trkpt lat="-23.6469559" lon="133.8617173"></trkpt>
    <trkpt lat="-23.6469385" lon="133.8615883"></trkpt>
    <trkpt lat="-23.6469593" lon="133.8613531"></trkpt>
    <trkpt lat="-23.6469340" lon="133.8611581"></trkpt>
    <trkpt lat="-23.6470522" lon="133.8607787"></trkpt>
    <trkpt lat="-23.6470313" lon="133.8606877"></trkpt>
    <trkpt lat="-23.6471981" lon="133.8602098"></trkpt>
    <trkpt lat="-23.6474031" lon="133.8600201"></trkpt>
    <trkpt lat="-23.6475004" lon="133.8597242"></trkpt>
    <trkpt lat="-23.6475663" lon="133.8596126"></trkpt>
    <trkpt lat="-23.6476183" lon="133.8595678"></trkpt>
    <trkpt lat="-23.6476700" lon="133.8595226"></trkpt>
    <trkpt lat="-23.6476842" lon="133.8595026"></trkpt>
    <trkpt lat="-23.6477271" lon="133.8594937"></trkpt>
    <trkpt lat="-23.6477419" lon="133.8594815"></trkpt>
    <trkpt lat="-23.6478650" lon="133.8594046"></trkpt>
    <trkpt lat="-23.6478869" lon="133.8593817"></trkpt>
    <trkpt lat="-23.6478846" lon="133.8592802"></trkpt>
    <trkpt lat="-23.6478845" lon="133.8592524"></trkpt>
    <trkpt lat="-23.6478875" lon="133.8592208"></trkpt>
    <trkpt lat="-23.6478839" lon="133.8591971"></trkpt>
    <trkpt lat="-23.6479046" lon="133.8590480"></trkpt>
    <trkpt lat="-23.6480112" lon="133.8589201"></trkpt>
    <trkpt lat="-23.6479973" lon="133.8587304"></trkpt>
    <trkpt lat="-23.6480946" lon="133.8583473"></trkpt>
    <trkpt lat="-23.6482093" lon="133.8582563"></trkpt>
    <trkpt lat="-23.6486262" lon="133.8580780"></trkpt>
    <trkpt lat="-23.6486992" lon="133.8579452"></trkpt>
    <trkpt lat="-23.6488764" lon="133.8577214"></trkpt>
    <trkpt lat="-23.6490414" lon="133.8573857"></trkpt>
    <trkpt lat="-23.6489754" lon="133.8571354"></trkpt>
    <trkpt lat="-23.6489754" lon="133.8570102"></trkpt>
    <trkpt lat="-23.6488886" lon="133.8568054"></trkpt>
    <trkpt lat="-23.6489650" lon="133.8564412"></trkpt>
    <trkpt lat="-23.6490345" lon="133.8562819"></trkpt>
    <trkpt lat="-23.6489685" lon="133.8559367"></trkpt>
    <trkpt lat="-23.6489841" lon="133.8557565"></trkpt>
    <trkpt lat="-23.6489216" lon="133.8553734"></trkpt>
    <trkpt lat="-23.6488451" lon="133.8552900"></trkpt>
    <trkpt lat="-23.6488208" lon="133.8551951"></trkpt>
    <trkpt lat="-23.6488764" lon="133.8549941"></trkpt>
    <trkpt lat="-23.6491335" lon="133.8548689"></trkpt>
    <trkpt lat="-23.6491439" lon="133.8547362"></trkpt>
    <trkpt lat="-23.6492239" lon="133.8547058"></trkpt>
    <trkpt lat="-23.6492308" lon="133.8545920"></trkpt>
    <trkpt lat="-23.6493072" lon="133.8545351"></trkpt>
    <trkpt lat="-23.6493559" lon="133.8543834"></trkpt>
    <trkpt lat="-23.6494949" lon="133.8542392"></trkpt>
    <trkpt lat="-23.6495887" lon="133.8542051"></trkpt>
    <trkpt lat="-23.6496790" lon="133.8539927"></trkpt>
    <trkpt lat="-23.6496617" lon="133.8538599"></trkpt>
    <trkpt lat="-23.6498458" lon="133.8535603"></trkpt>
    <trkpt lat="-23.6500960" lon="133.8533820"></trkpt>
    <trkpt lat="-23.6502141" lon="133.8531999"></trkpt>
    <trkpt lat="-23.6502255" lon="133.8531181"></trkpt>
    <trkpt lat="-23.6503819" lon="133.8529189"></trkpt>
    <trkpt lat="-23.6502985" lon="133.8528848"></trkpt>
    <trkpt lat="-23.6502985" lon="133.8528279"></trkpt>
    <trkpt lat="-23.6501630" lon="133.8527710"></trkpt>
    <trkpt lat="-23.6499858" lon="133.8526193"></trkpt>
    <trkpt lat="-23.6499128" lon="133.8523917"></trkpt>
    <trkpt lat="-23.6499128" lon="133.8522513"></trkpt>
    <trkpt lat="-23.6497738" lon="133.8521299"></trkpt>
    <trkpt lat="-23.6497391" lon="133.8520199"></trkpt>
    <trkpt lat="-23.6496627" lon="133.8519403"></trkpt>
    <trkpt lat="-23.6496010" lon="133.8518772"></trkpt>
    <trkpt lat="-23.6495942" lon="133.8518600"></trkpt>
    <trkpt lat="-23.6494826" lon="133.8518201"></trkpt>
    <trkpt lat="-23.6494339" lon="133.8517706"></trkpt>
    <trkpt lat="-23.6494073" lon="133.8517407"></trkpt>
    <trkpt lat="-23.6493444" lon="133.8516624"></trkpt>
    <trkpt lat="-23.6493291" lon="133.8516154"></trkpt>
    <trkpt lat="-23.6492022" lon="133.8514493"></trkpt>
    <trkpt lat="-23.6491797" lon="133.8514285"></trkpt>
    <trkpt lat="-23.6490688" lon="133.8513561"></trkpt>
    <trkpt lat="-23.6490244" lon="133.8513331"></trkpt>
    <trkpt lat="-23.6489686" lon="133.8512793"></trkpt>
    <trkpt lat="-23.6489199" lon="133.8512560"></trkpt>
    <trkpt lat="-23.6487738" lon="133.8512556"></trkpt>
    <trkpt lat="-23.6486118" lon="133.8512596"></trkpt>
    <trkpt lat="-23.6485166" lon="133.8512706"></trkpt>
    <trkpt lat="-23.6483513" lon="133.8512352"></trkpt>
    <trkpt lat="-23.6482046" lon="133.8511861"></trkpt>
    <trkpt lat="-23.6481421" lon="133.8511942"></trkpt>
    <trkpt lat="-23.6480948" lon="133.8511913"></trkpt>
    <trkpt lat="-23.6480560" lon="133.8511817"></trkpt>
    <trkpt lat="-23.6479554" lon="133.8511448"></trkpt>
    <trkpt lat="-23.6478761" lon="133.8511529"></trkpt>
    <trkpt lat="-23.6477556" lon="133.8511951"></trkpt>
    <trkpt lat="-23.6476238" lon="133.8511876"></trkpt>
    <trkpt lat="-23.6472311" lon="133.8511004"></trkpt>
    <trkpt lat="-23.6471826" lon="133.8510589"></trkpt>
    <trkpt lat="-23.6471162" lon="133.8510020"></trkpt>
    <trkpt lat="-23.6470575" lon="133.8509174"></trkpt>
    <trkpt lat="-23.6470432" lon="133.8507289"></trkpt>
    <trkpt lat="-23.6471057" lon="133.8506037"></trkpt>
    <trkpt lat="-23.6472520" lon="133.8504821"></trkpt>
    <trkpt lat="-23.6475439" lon="133.8504290"></trkpt>
    <trkpt lat="-23.6476490" lon="133.8503403"></trkpt>
    <trkpt lat="-23.6477516" lon="133.8501918"></trkpt>
    <trkpt lat="-23.6478580" lon="133.8501185"></trkpt>
    <trkpt lat="-23.6479907" lon="133.8500070"></trkpt>
    <trkpt lat="-23.6480745" lon="133.8499232"></trkpt>
    <trkpt lat="-23.6482123" lon="133.8499242"></trkpt>
    <trkpt lat="-23.6482364" lon="133.8499034"></trkpt>
    <trkpt lat="-23.6482520" lon="133.8497804"></trkpt>
    <trkpt lat="-23.6482866" lon="133.8497257"></trkpt>
    <trkpt lat="-23.6483804" lon="133.8496679"></trkpt>
    <trkpt lat="-23.6484785" lon="133.8495455"></trkpt>
    <trkpt lat="-23.6485707" lon="133.8494559"></trkpt>
    <trkpt lat="-23.6486113" lon="133.8493891"></trkpt>
    <trkpt lat="-23.6486616" lon="133.8493799"></trkpt>
    <trkpt lat="-23.6487385" lon="133.8493821"></trkpt>
    <trkpt lat="-23.6488867" lon="133.8492649"></trkpt>
    <trkpt lat="-23.6489238" lon="133.8492004"></trkpt>
    <trkpt lat="-23.6490623" lon="133.8490251"></trkpt>
    <trkpt lat="-23.6491735" lon="133.8489479"></trkpt>
    <trkpt lat="-23.6491927" lon="133.8489481"></trkpt>
    <trkpt lat="-23.6492483" lon="133.8489618"></trkpt>
    <trkpt lat="-23.6494528" lon="133.8489509"></trkpt>
    <trkpt lat="-23.6496156" lon="133.8489758"></trkpt>
    <trkpt lat="-23.6496847" lon="133.8489582"></trkpt>
    <trkpt lat="-23.6497840" lon="133.8490157"></trkpt>
    <trkpt lat="-23.6498245" lon="133.8490002"></trkpt>
    <trkpt lat="-23.6499721" lon="133.8490552"></trkpt>
    <trkpt lat="-23.6500207" lon="133.8490857"></trkpt>
    <trkpt lat="-23.6501487" lon="133.8490915"></trkpt>
    <trkpt lat="-23.6502048" lon="133.8490774"></trkpt>
    <trkpt lat="-23.6503348" lon="133.8490953"></trkpt>
    <trkpt lat="-23.6504454" lon="133.8491387"></trkpt>
    <trkpt lat="-23.6504819" lon="133.8491383"></trkpt>
    <trkpt lat="-23.6504936" lon="133.8491287"></trkpt>
    <trkpt lat="-23.6505792" lon="133.8491138"></trkpt>
    <trkpt lat="-23.6506653" lon="133.8491242"></trkpt>
    <trkpt lat="-23.6506958" lon="133.8491197"></trkpt>
    <trkpt lat="-23.6508094" lon="133.8492007"></trkpt>
    <trkpt lat="-23.6508216" lon="133.8492151"></trkpt>
    <trkpt lat="-23.6508512" lon="133.8492122"></trkpt>
    <trkpt lat="-23.6508722" lon="133.8492006"></trkpt>
    <trkpt lat="-23.6509130" lon="133.8491971"></trkpt>
    <trkpt lat="-23.6509547" lon="133.8491570"></trkpt>
    <trkpt lat="-23.6509785" lon="133.8491603"></trkpt>
    <trkpt lat="-23.6510047" lon="133.8491366"></trkpt>
    <trkpt lat="-23.6510142" lon="133.8491003"></trkpt>
    <trkpt lat="-23.6510317" lon="133.8490894"></trkpt>
    <trkpt lat="-23.6511051" lon="133.8490809"></trkpt>
    <trkpt lat="-23.6511915" lon="133.8489639"></trkpt>
    <trkpt lat="-23.6512981" lon="133.8486769"></trkpt>
    <trkpt lat="-23.6512900" lon="133.8486243"></trkpt>
    <trkpt lat="-23.6514680" lon="133.8479944"></trkpt>
    <trkpt lat="-23.6515281" lon="133.8478366"></trkpt>
    <trkpt lat="-23.6515997" lon="133.8477173"></trkpt>
    <trkpt lat="-23.6516507" lon="133.8476935"></trkpt>
    <trkpt lat="-23.6517157" lon="133.8476015"></trkpt>
    <trkpt lat="-23.6517666" lon="133.8474312"></trkpt>
    <trkpt lat="-23.6517846" lon="133.8473859"></trkpt>
    <trkpt lat="-23.6517923" lon="133.8473543"></trkpt>
    <trkpt lat="-23.6517957" lon="133.8472067"></trkpt>
    <trkpt lat="-23.6518197" lon="133.8471773"></trkpt>
    <trkpt lat="-23.6517955" lon="133.8469887"></trkpt>
    <trkpt lat="-23.6518809" lon="133.8467623"></trkpt>
    <trkpt lat="-23.6518963" lon="133.8466898"></trkpt>
    <trkpt lat="-23.6519538" lon="133.8465550"></trkpt>
    <trkpt lat="-23.6520038" lon="133.8463621"></trkpt>
    <trkpt lat="-23.6520247" lon="133.8462190"></trkpt>
    <trkpt lat="-23.6520610" lon="133.8461000"></trkpt>
    <trkpt lat="-23.6520441" lon="133.8460131"></trkpt>
    <trkpt lat="-23.6520238" lon="133.8458136"></trkpt>
    <trkpt lat="-23.6520210" lon="133.8457275"></trkpt>
    <trkpt lat="-23.6520242" lon="133.8457038"></trkpt>
    <trkpt lat="-23.6520102" lon="133.8456257"></trkpt>
    <trkpt lat="-23.6520236" lon="133.8455796"></trkpt>
    <trkpt lat="-23.6519887" lon="133.8454871"></trkpt>
    <trkpt lat="-23.6520397" lon="133.8453122"></trkpt>
    <trkpt lat="-23.6519511" lon="133.8452496"></trkpt>
    <trkpt lat="-23.6518677" lon="133.8444265"></trkpt>
    <trkpt lat="-23.6521528" lon="133.8436050"></trkpt>
    <trkpt lat="-23.6521908" lon="133.8433551"></trkpt>
    <trkpt lat="-23.6522547" lon="133.8432343"></trkpt>
    <trkpt lat="-23.6522388" lon="133.8431756"></trkpt>
    <trkpt lat="-23.6522312" lon="133.8430617"></trkpt>
    <trkpt lat="-23.6522378" lon="133.8429377"></trkpt>
    <trkpt lat="-23.6521625" lon="133.8427858"></trkpt>
    <trkpt lat="-23.6521486" lon="133.8427532"></trkpt>
    <trkpt lat="-23.6522680" lon="133.8424009"></trkpt>
    <trkpt lat="-23.6522869" lon="133.8422392"></trkpt>
    <trkpt lat="-23.6522983" lon="133.8420894"></trkpt>
    <trkpt lat="-23.6522850" lon="133.8419481"></trkpt>
    <trkpt lat="-23.6523418" lon="133.8418072"></trkpt>
    <trkpt lat="-23.6523562" lon="133.8415160"></trkpt>
    <trkpt lat="-23.6523570" lon="133.8414797"></trkpt>
    <trkpt lat="-23.6523228" lon="133.8414132"></trkpt>
    <trkpt lat="-23.6523266" lon="133.8413228"></trkpt>
    <trkpt lat="-23.6522772" lon="133.8412083"></trkpt>
    <trkpt lat="-23.6523083" lon="133.8411066"></trkpt>
    <trkpt lat="-23.6522818" lon="133.8408754"></trkpt>
    <trkpt lat="-23.6522482" lon="133.8407956"></trkpt>
    <trkpt lat="-23.6522581" lon="133.8404923"></trkpt>
    <trkpt lat="-23.6524482" lon="133.8399416"></trkpt>
    <trkpt lat="-23.6524666" lon="133.8398493"></trkpt>
    <trkpt lat="-23.6526935" lon="133.8396362"></trkpt>
    <trkpt lat="-23.6529826" lon="133.8395097"></trkpt>
    <trkpt lat="-23.6530669" lon="133.8394908"></trkpt>
    <trkpt lat="-23.6531991" lon="133.8394750"></trkpt>
    <trkpt lat="-23.6532620" lon="133.8394760"></trkpt>
    <trkpt lat="-23.6533514" lon="133.8394503"></trkpt>
    <trkpt lat="-23.6535899" lon="133.8394633"></trkpt>
    <trkpt lat="-23.6536661" lon="133.8394711"></trkpt>
    <trkpt lat="-23.6537207" lon="133.8394265"></trkpt>
    <trkpt lat="-23.6537996" lon="133.8390404"></trkpt>
    <trkpt lat="-23.6538459" lon="133.8389842"></trkpt>
    <trkpt lat="-23.6538621" lon="133.8388784"></trkpt>
    <trkpt lat="-23.6538960" lon="133.8387002"></trkpt>
    <trkpt lat="-23.6539956" lon="133.8385840"></trkpt>
    <trkpt lat="-23.6540602" lon="133.8383924"></trkpt>
    <trkpt lat="-23.6541136" lon="133.8381787"></trkpt>
    <trkpt lat="-23.6542020" lon="133.8381355"></trkpt>
    <trkpt lat="-23.6542619" lon="133.8378682"></trkpt>
    <trkpt lat="-23.6544022" lon="133.8376959"></trkpt>
    <trkpt lat="-23.6545352" lon="133.8375482"></trkpt>
    <trkpt lat="-23.6546209" lon="133.8373195"></trkpt>
    <trkpt lat="-23.6547262" lon="133.8371229"></trkpt>
    <trkpt lat="-23.6547622" lon="133.8370066"></trkpt>
    <trkpt lat="-23.6548169" lon="133.8367716"></trkpt>
    <trkpt lat="-23.6549117" lon="133.8365072"></trkpt>
    <trkpt lat="-23.6549340" lon="133.8363382"></trkpt>
    <trkpt lat="-23.6549146" lon="133.8362978"></trkpt>
    <trkpt lat="-23.6548620" lon="133.8361278"></trkpt>
    <trkpt lat="-23.6548279" lon="133.8359819"></trkpt>
    <trkpt lat="-23.6548942" lon="133.8357629"></trkpt>
    <trkpt lat="-23.6549952" lon="133.8356259"></trkpt>
    <trkpt lat="-23.6551102" lon="133.8353825"></trkpt>
    <trkpt lat="-23.6551069" lon="133.8351658"></trkpt>
    <trkpt lat="-23.6549897" lon="133.8348546"></trkpt>
    <trkpt lat="-23.6549657" lon="133.8347354"></trkpt>
    <trkpt lat="-23.6549639" lon="133.8346527"></trkpt>
    <trkpt lat="-23.6548659" lon="133.8343764"></trkpt>
    <trkpt lat="-23.6547704" lon="133.8342743"></trkpt>
    <trkpt lat="-23.6547305" lon="133.8341914"></trkpt>
    <trkpt lat="-23.6546538" lon="133.8340996"></trkpt>
    <trkpt lat="-23.6545316" lon="133.8339934"></trkpt>
    <trkpt lat="-23.6544668" lon="133.8337206"></trkpt>
    <trkpt lat="-23.6544601" lon="133.8335987"></trkpt>
    <trkpt lat="-23.6544384" lon="133.8335515"></trkpt>
    <trkpt lat="-23.6544740" lon="133.8334661"></trkpt>
    <trkpt lat="-23.6546031" lon="133.8333537"></trkpt>
    <trkpt lat="-23.6546474" lon="133.8332022"></trkpt>
    <trkpt lat="-23.6546795" lon="133.8329435"></trkpt>
    <trkpt lat="-23.6547796" lon="133.8327861"></trkpt>
    <trkpt lat="-23.6550035" lon="133.8325192"></trkpt>
    <trkpt lat="-23.6550829" lon="133.8324172"></trkpt>
    <trkpt lat="-23.6552411" lon="133.8322541"></trkpt>
    <trkpt lat="-23.6553127" lon="133.8320869"></trkpt>
    <trkpt lat="-23.6553962" lon="133.8319909"></trkpt>
    <trkpt lat="-23.6555029" lon="133.8319380"></trkpt>
    <trkpt lat="-23.6556081" lon="133.8318265"></trkpt>
    <trkpt lat="-23.6556132" lon="133.8317320"></trkpt>
    <trkpt lat="-23.6556897" lon="133.8316494"></trkpt>
    <trkpt lat="-23.6557391" lon="133.8315939"></trkpt>
    <trkpt lat="-23.6558182" lon="133.8314749"></trkpt>
    <trkpt lat="-23.6558567" lon="133.8312726"></trkpt>
    <trkpt lat="-23.6558360" lon="133.8310908"></trkpt>
    <trkpt lat="-23.6558864" lon="133.8309146"></trkpt>
    <trkpt lat="-23.6558800" lon="133.8308182"></trkpt>
    <trkpt lat="-23.6558230" lon="133.8306934"></trkpt>
    <trkpt lat="-23.6557336" lon="133.8305730"></trkpt>
    <trkpt lat="-23.6556767" lon="133.8304806"></trkpt>
    <trkpt lat="-23.6556754" lon="133.8303233"></trkpt>
    <trkpt lat="-23.6557368" lon="133.8301380"></trkpt>
    <trkpt lat="-23.6556795" lon="133.8300000"></trkpt>
    <trkpt lat="-23.6555558" lon="133.8299137"></trkpt>
    <trkpt lat="-23.6554562" lon="133.8297505"></trkpt>
    <trkpt lat="-23.6553055" lon="133.8296093"></trkpt>
    <trkpt lat="-23.6551692" lon="133.8295375"></trkpt>
    <trkpt lat="-23.6550166" lon="133.8294406"></trkpt>
    <trkpt lat="-23.6549287" lon="133.8294003"></trkpt>
    <trkpt lat="-23.6548242" lon="133.8292482"></trkpt>
    <trkpt lat="-23.6547077" lon="133.8290980"></trkpt>
    <trkpt lat="-23.6546606" lon="133.8289258"></trkpt>
    <trkpt lat="-23.6547333" lon="133.8286866"></trkpt>
    <trkpt lat="-23.6547736" lon="133.8285232"></trkpt>
    <trkpt lat="-23.6548963" lon="133.8282994"></trkpt>
    <trkpt lat="-23.6548895" lon="133.8281546"></trkpt>
    <trkpt lat="-23.6549815" lon="133.8280310"></trkpt>
    <trkpt lat="-23.6552048" lon="133.8276689"></trkpt>
    <trkpt lat="-23.6552469" lon="133.8275881"></trkpt>
    <trkpt lat="-23.6553040" lon="133.8274193"></trkpt>
    <trkpt lat="-23.6556330" lon="133.8268700"></trkpt>
    <trkpt lat="-23.6556616" lon="133.8267747"></trkpt>
    <trkpt lat="-23.6555923" lon="133.8265837"></trkpt>
    <trkpt lat="-23.6556014" lon="133.8264580"></trkpt>
    <trkpt lat="-23.6556265" lon="133.8263468"></trkpt>
    <trkpt lat="-23.6556603" lon="133.8261407"></trkpt>
    <trkpt lat="-23.6557598" lon="133.8259027"></trkpt>
    <trkpt lat="-23.6558811" lon="133.8256840"></trkpt>
    <trkpt lat="-23.6558908" lon="133.8255480"></trkpt>
    <trkpt lat="-23.6558690" lon="133.8254548"></trkpt>
    <trkpt lat="-23.6558800" lon="133.8254211"></trkpt>
    <trkpt lat="-23.6560235" lon="133.8253325"></trkpt>
    <trkpt lat="-23.6560854" lon="133.8252542"></trkpt>
    <trkpt lat="-23.6560894" lon="133.8251276"></trkpt>
    <trkpt lat="-23.6562249" lon="133.8249125"></trkpt>
    <trkpt lat="-23.6562629" lon="133.8248355"></trkpt>
    <trkpt lat="-23.6563024" lon="133.8248163"></trkpt>
    <trkpt lat="-23.6564133" lon="133.8247331"></trkpt>
    <trkpt lat="-23.6564250" lon="133.8247076"></trkpt>
    <trkpt lat="-23.6565543" lon="133.8245701"></trkpt>
    <trkpt lat="-23.6566051" lon="133.8245498"></trkpt>
    <trkpt lat="-23.6566886" lon="133.8244414"></trkpt>
    <trkpt lat="-23.6567751" lon="133.8244155"></trkpt>
    <trkpt lat="-23.6568461" lon="133.8243745"></trkpt>
    <trkpt lat="-23.6569621" lon="133.8242652"></trkpt>
    <trkpt lat="-23.6570350" lon="133.8241053"></trkpt>
    <trkpt lat="-23.6570351" lon="133.8240891"></trkpt>
    <trkpt lat="-23.6570173" lon="133.8238052"></trkpt>
    <trkpt lat="-23.6570175" lon="133.8236579"></trkpt>
    <trkpt lat="-23.6570935" lon="133.8233880"></trkpt>
    <trkpt lat="-23.6571077" lon="133.8232673"></trkpt>
    <trkpt lat="-23.6572112" lon="133.8230384"></trkpt>
    <trkpt lat="-23.6573357" lon="133.8229285"></trkpt>
    <trkpt lat="-23.6573714" lon="133.8228487"></trkpt>
    <trkpt lat="-23.6573627" lon="133.8228058"></trkpt>
    <trkpt lat="-23.6573803" lon="133.8227149"></trkpt>
    <trkpt lat="-23.6573659" lon="133.8226178"></trkpt>
    <trkpt lat="-23.6573569" lon="133.8223069"></trkpt>
    <trkpt lat="-23.6573686" lon="133.8220738"></trkpt>
    <trkpt lat="-23.6573529" lon="133.8219727"></trkpt>
    <trkpt lat="-23.6572752" lon="133.8217868"></trkpt>
    <trkpt lat="-23.6572953" lon="133.8216384"></trkpt>
    <trkpt lat="-23.6573584" lon="133.8213034"></trkpt>
    <trkpt lat="-23.6574329" lon="133.8211525"></trkpt>
    <trkpt lat="-23.6574810" lon="133.8209962"></trkpt>
    <trkpt lat="-23.6575829" lon="133.8208936"></trkpt>
    <trkpt lat="-23.6576479" lon="133.8208492"></trkpt>
    <trkpt lat="-23.6576886" lon="133.8207971"></trkpt>
    <trkpt lat="-23.6579457" lon="133.8206252"></trkpt>
    <trkpt lat="-23.6580058" lon="133.8205211"></trkpt>
    <trkpt lat="-23.6580180" lon="133.8204863"></trkpt>
    <trkpt lat="-23.6580845" lon="133.8203626"></trkpt>
    <trkpt lat="-23.6580627" lon="133.8202979"></trkpt>
    <trkpt lat="-23.6579637" lon="133.8201664"></trkpt>
    <trkpt lat="-23.6579102" lon="133.8199502"></trkpt>
    <trkpt lat="-23.6579195" lon="133.8198488"></trkpt>
    <trkpt lat="-23.6579871" lon="133.8196697"></trkpt>
    <trkpt lat="-23.6580531" lon="133.8196212"></trkpt>
    <trkpt lat="-23.6580691" lon="133.8195104"></trkpt>
    <trkpt lat="-23.6582063" lon="133.8193546"></trkpt>
    <trkpt lat="-23.6583213" lon="133.8192633"></trkpt>
    <trkpt lat="-23.6585555" lon="133.8192800"></trkpt>
    <trkpt lat="-23.6586381" lon="133.8193161"></trkpt>
    <trkpt lat="-23.6587070" lon="133.8192745"></trkpt>
    <trkpt lat="-23.6587845" lon="133.8192669"></trkpt>
    <trkpt lat="-23.6589596" lon="133.8191265"></trkpt>
    <trkpt lat="-23.6591468" lon="133.8188154"></trkpt>
    <trkpt lat="-23.6590882" lon="133.8182015"></trkpt>
    <trkpt lat="-23.6591679" lon="133.8180226"></trkpt>
    <trkpt lat="-23.6592240" lon="133.8180109"></trkpt>
    <trkpt lat="-23.6592760" lon="133.8177138"></trkpt>
    <trkpt lat="-23.6593375" lon="133.8173757"></trkpt>
    <trkpt lat="-23.6594662" lon="133.8171643"></trkpt>
    <trkpt lat="-23.6594096" lon="133.8166886"></trkpt>
    <trkpt lat="-23.6595274" lon="133.8163096"></trkpt>
    <trkpt lat="-23.6598255" lon="133.8159863"></trkpt>
    <trkpt lat="-23.6598949" lon="133.8159264"></trkpt>
    <trkpt lat="-23.6602640" lon="133.8159311"></trkpt>
    <trkpt lat="-23.6603840" lon="133.8159072"></trkpt>
    <trkpt lat="-23.6605262" lon="133.8157603"></trkpt>
    <trkpt lat="-23.6605451" lon="133.8157217"></trkpt>
    <trkpt lat="-23.6607202" lon="133.8151895"></trkpt>
    <trkpt lat="-23.6611005" lon="133.8147717"></trkpt>
    <trkpt lat="-23.6611067" lon="133.8146529"></trkpt>
    <trkpt lat="-23.6613668" lon="133.8144635"></trkpt>
    <trkpt lat="-23.6614504" lon="133.8143375"></trkpt>
    <trkpt lat="-23.6618956" lon="133.8142114"></trkpt>
    <trkpt lat="-23.6619816" lon="133.8139428"></trkpt>
    <trkpt lat="-23.6621203" lon="133.8138317"></trkpt>
    <trkpt lat="-23.6622848" lon="133.8138060"></trkpt>
    <trkpt lat="-23.6628524" lon="133.8140555"></trkpt>
    <trkpt lat="-23.6628896" lon="133.8139994"></trkpt>
    <trkpt lat="-23.6629187" lon="133.8138699"></trkpt>
    <trkpt lat="-23.6630280" lon="133.8136619"></trkpt>
    <trkpt lat="-23.6631566" lon="133.8135684"></trkpt>
    <trkpt lat="-23.6631379" lon="133.8130736"></trkpt>
    <trkpt lat="-23.6631625" lon="133.8127893"></trkpt>
    <trkpt lat="-23.6632018" lon="133.8125854"></trkpt>
    <trkpt lat="-23.6632509" lon="133.8124245"></trkpt>
    <trkpt lat="-23.6632264" lon="133.8121563"></trkpt>
    <trkpt lat="-23.6632952" lon="133.8120007"></trkpt>
    <trkpt lat="-23.6633807" lon="133.8119490"></trkpt>
    <trkpt lat="-23.6634033" lon="133.8118076"></trkpt>
    <trkpt lat="-23.6634770" lon="133.8113945"></trkpt>
    <trkpt lat="-23.6635114" lon="133.8111049"></trkpt>
    <trkpt lat="-23.6635372" lon="133.8109641"></trkpt>
    <trkpt lat="-23.6637029" lon="133.8108889"></trkpt>
    <trkpt lat="-23.6638177" lon="133.8107274"></trkpt>
    <trkpt lat="-23.6639554" lon="133.8105881"></trkpt>
    <trkpt lat="-23.6641339" lon="133.8104294"></trkpt>
    <trkpt lat="-23.6642819" lon="133.8103654"></trkpt>
    <trkpt lat="-23.6644298" lon="133.8102401"></trkpt>
    <trkpt lat="-23.6645752" lon="133.8101760"></trkpt>
    <trkpt lat="-23.6646619" lon="133.8099589"></trkpt>
    <trkpt lat="-23.6649144" lon="133.8095607"></trkpt>
    <trkpt lat="-23.6650240" lon="133.8094242"></trkpt>
    <trkpt lat="-23.6651158" lon="133.8093908"></trkpt>
    <trkpt lat="-23.6652791" lon="133.8092182"></trkpt>
    <trkpt lat="-23.6654066" lon="133.8090734"></trkpt>
    <trkpt lat="-23.6655239" lon="133.8087977"></trkpt>
    <trkpt lat="-23.6656284" lon="133.8085471"></trkpt>
    <trkpt lat="-23.6656565" lon="133.8082492"></trkpt>
    <trkpt lat="-23.6656489" lon="133.8080626"></trkpt>
    <trkpt lat="-23.6657722" lon="133.8077714"></trkpt>
    <trkpt lat="-23.6658882" lon="133.8075725"></trkpt>
    <trkpt lat="-23.6659003" lon="133.8073890"></trkpt>
    <trkpt lat="-23.6659462" lon="133.8072183"></trkpt>
    <trkpt lat="-23.6660824" lon="133.8070744"></trkpt>
    <trkpt lat="-23.6662467" lon="133.8068258"></trkpt>
    <trkpt lat="-23.6663003" lon="133.8066169"></trkpt>
    <trkpt lat="-23.6663570" lon="133.8064851"></trkpt>
    <trkpt lat="-23.6664067" lon="133.8062925"></trkpt>
    <trkpt lat="-23.6665250" lon="133.8059956"></trkpt>
    <trkpt lat="-23.6666217" lon="133.8056761"></trkpt>
    <trkpt lat="-23.6666384" lon="133.8053338"></trkpt>
    <trkpt lat="-23.6666295" lon="133.8050088"></trkpt>
    <trkpt lat="-23.6666518" lon="133.8048545"></trkpt>
    <trkpt lat="-23.6666917" lon="133.8046080"></trkpt>
    <trkpt lat="-23.6666933" lon="133.8043463"></trkpt>
    <trkpt lat="-23.6666720" lon="133.8040082"></trkpt>
    <trkpt lat="-23.6666333" lon="133.8036436"></trkpt>
    <trkpt lat="-23.6665922" lon="133.8032051"></trkpt>
    <trkpt lat="-23.6666242" lon="133.8030774"></trkpt>
    <trkpt lat="-23.6667118" lon="133.8028815"></trkpt>
    <trkpt lat="-23.6668549" lon="133.8026342"></trkpt>
    <trkpt lat="-23.6669077" lon="133.8024134"></trkpt>
    <trkpt lat="-23.6669647" lon="133.8023132"></trkpt>
    <trkpt lat="-23.6669952" lon="133.8021660"></trkpt>
    <trkpt lat="-23.6670896" lon="133.8019915"></trkpt>
    <trkpt lat="-23.6670868" lon="133.8017904"></trkpt>
    <trkpt lat="-23.6671531" lon="133.8015244"></trkpt>
    <trkpt lat="-23.6671535" lon="133.8012433"></trkpt>
    <trkpt lat="-23.6671943" lon="133.8008452"></trkpt>
    <trkpt lat="-23.6672045" lon="133.8006308"></trkpt>
    <trkpt lat="-23.6672326" lon="133.8001602"></trkpt>
    <trkpt lat="-23.6671856" lon="133.8000090"></trkpt>
    <trkpt lat="-23.6669374" lon="133.7996096"></trkpt>
    <trkpt lat="-23.6669119" lon="133.7993709"></trkpt>
    <trkpt lat="-23.6669473" lon="133.7992455"></trkpt>
    <trkpt lat="-23.6669043" lon="133.7990716"></trkpt>
    <trkpt lat="-23.6668688" lon="133.7989130"></trkpt>
    <trkpt lat="-23.6666707" lon="133.7984875"></trkpt>
    <trkpt lat="-23.6666417" lon="133.7982431"></trkpt>
    <trkpt lat="-23.6666388" lon="133.7980426"></trkpt>
    <trkpt lat="-23.6666516" lon="133.7977450"></trkpt>
    <trkpt lat="-23.6665733" lon="133.7976323"></trkpt>
    <trkpt lat="-23.6663756" lon="133.7975250"></trkpt>
    <trkpt lat="-23.6660539" lon="133.7974061"></trkpt>
    <trkpt lat="-23.6659851" lon="133.7973992"></trkpt>
    <trkpt lat="-23.6658665" lon="133.7973543"></trkpt>
    <trkpt lat="-23.6657444" lon="133.7972569"></trkpt>
    <trkpt lat="-23.6656986" lon="133.7971272"></trkpt>
    <trkpt lat="-23.6657207" lon="133.7970537"></trkpt>
    <trkpt lat="-23.6657087" lon="133.7969948"></trkpt>
    <trkpt lat="-23.6657401" lon="133.7968449"></trkpt>
    <trkpt lat="-23.6658456" lon="133.7966779"></trkpt>
    <trkpt lat="-23.6660309" lon="133.7964595"></trkpt>
    <trkpt lat="-23.6660506" lon="133.7964049"></trkpt>
    <trkpt lat="-23.6661783" lon="133.7962836"></trkpt>
    <trkpt lat="-23.6662695" lon="133.7959663"></trkpt>
    <trkpt lat="-23.6663580" lon="133.7958347"></trkpt>
    <trkpt lat="-23.6664111" lon="133.7958004"></trkpt>
    <trkpt lat="-23.6666851" lon="133.7957225"></trkpt>
    <trkpt lat="-23.6670205" lon="133.7958509"></trkpt>
    <trkpt lat="-23.6674282" lon="133.7960272"></trkpt>
    <trkpt lat="-23.6675325" lon="133.7960198"></trkpt>
    <trkpt lat="-23.6675970" lon="133.7959839"></trkpt>
    <trkpt lat="-23.6676709" lon="133.7960040"></trkpt>
    <trkpt lat="-23.6677195" lon="133.7959858"></trkpt>
    <trkpt lat="-23.6677422" lon="133.7959130"></trkpt>
    <trkpt lat="-23.6677408" lon="133.7958674"></trkpt>
    <trkpt lat="-23.6677833" lon="133.7957917"></trkpt>
    <trkpt lat="-23.6677758" lon="133.7957131"></trkpt>
    <trkpt lat="-23.6679142" lon="133.7955499"></trkpt>
    <trkpt lat="-23.6678918" lon="133.7954904"></trkpt>
    <trkpt lat="-23.6679097" lon="133.7954495"></trkpt>
    <trkpt lat="-23.6682079" lon="133.7952790"></trkpt>
    <trkpt lat="-23.6682250" lon="133.7951936"></trkpt>
    <trkpt lat="-23.6682166" lon="133.7950994"></trkpt>
    <trkpt lat="-23.6682097" lon="133.7950223"></trkpt>
    <trkpt lat="-23.6682044" lon="133.7949622"></trkpt>
    <trkpt lat="-23.6682875" lon="133.7946703"></trkpt>
    <trkpt lat="-23.6682850" lon="133.7945311"></trkpt>
    <trkpt lat="-23.6683314" lon="133.7944504"></trkpt>
    <trkpt lat="-23.6681851" lon="133.7943072"></trkpt>
    <trkpt lat="-23.6681689" lon="133.7942523"></trkpt>
    <trkpt lat="-23.6681135" lon="133.7940643"></trkpt>
    <trkpt lat="-23.6681606" lon="133.7939757"></trkpt>
    <trkpt lat="-23.6682106" lon="133.7937834"></trkpt>
    <trkpt lat="-23.6683970" lon="133.7934260"></trkpt>
    <trkpt lat="-23.6684024" lon="133.7931148"></trkpt>
    <trkpt lat="-23.6684572" lon="133.7929863"></trkpt>
    <trkpt lat="-23.6684630" lon="133.7928242"></trkpt>
    <trkpt lat="-23.6684209" lon="133.7927283"></trkpt>
    <trkpt lat="-23.6683722" lon="133.7926141"></trkpt>
    <trkpt lat="-23.6684731" lon="133.7924830"></trkpt>
    <trkpt lat="-23.6685808" lon="133.7923314"></trkpt>
    <trkpt lat="-23.6686824" lon="133.7919722"></trkpt>
    <trkpt lat="-23.6687184" lon="133.7919112"></trkpt>
    <trkpt lat="-23.6687271" lon="133.7917868"></trkpt>
    <trkpt lat="-23.6687970" lon="133.7916657"></trkpt>
    <trkpt lat="-23.6687989" lon="133.7916158"></trkpt>
    <trkpt lat="-23.6688201" lon="133.7915650"></trkpt>
    <trkpt lat="-23.6688598" lon="133.7914803"></trkpt>
    <trkpt lat="-23.6688374" lon="133.7913986"></trkpt>
    <trkpt lat="-23.6688242" lon="133.7913302"></trkpt>
    <trkpt lat="-23.6691367" lon="133.7908723"></trkpt>
    <trkpt lat="-23.6691875" lon="133.7908162"></trkpt>
    <trkpt lat="-23.6691674" lon="133.7906445"></trkpt>
    <trkpt lat="-23.6689556" lon="133.7903347"></trkpt>
    <trkpt lat="-23.6690461" lon="133.7901777"></trkpt>
    <trkpt lat="-23.6690753" lon="133.7899906"></trkpt>
    <trkpt lat="-23.6692213" lon="133.7899710"></trkpt>
    <trkpt lat="-23.6693734" lon="133.7898611"></trkpt>
    <trkpt lat="-23.6696139" lon="133.7898771"></trkpt>
    <trkpt lat="-23.6696944" lon="133.7898033"></trkpt>
    <trkpt lat="-23.6696546" lon="133.7896407"></trkpt>
    <trkpt lat="-23.6696518" lon="133.7896129"></trkpt>
    <trkpt lat="-23.6696079" lon="133.7895111"></trkpt>
    <trkpt lat="-23.6696047" lon="133.7894518"></trkpt>
    <trkpt lat="-23.6695392" lon="133.7893187"></trkpt>
    <trkpt lat="-23.6694701" lon="133.7891467"></trkpt>
    <trkpt lat="-23.6694876" lon="133.7890022"></trkpt>
    <trkpt lat="-23.6694748" lon="133.7888209"></trkpt>
    <trkpt lat="-23.6695015" lon="133.7886725"></trkpt>
    <trkpt lat="-23.6695936" lon="133.7886086"></trkpt>
    <trkpt lat="-23.6695630" lon="133.7884375"></trkpt>
    <trkpt lat="-23.6695063" lon="133.7883159"></trkpt>
    <trkpt lat="-23.6694067" lon="133.7882848"></trkpt>
    <trkpt lat="-23.6692292" lon="133.7880802"></trkpt>
    <trkpt lat="-23.6692221" lon="133.7879843"></trkpt>
    <trkpt lat="-23.6693376" lon="133.7879285"></trkpt>
    <trkpt lat="-23.6694198" lon="133.7879179"></trkpt>
    <trkpt lat="-23.6694814" lon="133.7878481"></trkpt>
    <trkpt lat="-23.6695734" lon="133.7877465"></trkpt>
    <trkpt lat="-23.6696547" lon="133.7877219"></trkpt>
    <trkpt lat="-23.6697455" lon="133.7876431"></trkpt>
    <trkpt lat="-23.6698710" lon="133.7874772"></trkpt>
    <trkpt lat="-23.6702128" lon="133.7873363"></trkpt>
    <trkpt lat="-23.6704002" lon="133.7872988"></trkpt>
    <trkpt lat="-23.6707343" lon="133.7871182"></trkpt>
    <trkpt lat="-23.6709812" lon="133.7870773"></trkpt>
    <trkpt lat="-23.6710686" lon="133.7870830"></trkpt>
    <trkpt lat="-23.6711803" lon="133.7871451"></trkpt>
    <trkpt lat="-23.6711221" lon="133.7870374"></trkpt>
    <trkpt lat="-23.6711254" lon="133.7869834"></trkpt>
    <trkpt lat="-23.6711336" lon="133.7869538"></trkpt>
    <trkpt lat="-23.6711468" lon="133.7869302"></trkpt>
    <trkpt lat="-23.6713444" lon="133.7868586"></trkpt>
    <trkpt lat="-23.6714352" lon="133.7867949"></trkpt>
    <trkpt lat="-23.6716014" lon="133.7866329"></trkpt>
    <trkpt lat="-23.6718030" lon="133.7865863"></trkpt>
    <trkpt lat="-23.6719421" lon="133.7864944"></trkpt>
    <trkpt lat="-23.6719620" lon="133.7864540"></trkpt>
    <trkpt lat="-23.6718177" lon="133.7861920"></trkpt>
    <trkpt lat="-23.6718455" lon="133.7859450"></trkpt>
    <trkpt lat="-23.6718357" lon="133.7857736"></trkpt>
    <trkpt lat="-23.6719022" lon="133.7856620"></trkpt>
    <trkpt lat="-23.6719195" lon="133.7856531"></trkpt>
    <trkpt lat="-23.6719670" lon="133.7856159"></trkpt>
    <trkpt lat="-23.6719779" lon="133.7855984"></trkpt>
    <trkpt lat="-23.6721358" lon="133.7854969"></trkpt>
    <trkpt lat="-23.6722208" lon="133.7854260"></trkpt>
    <trkpt lat="-23.6722556" lon="133.7852487"></trkpt>
    <trkpt lat="-23.6721891" lon="133.7851024"></trkpt>
    <trkpt lat="-23.6721106" lon="133.7850082"></trkpt>
    <trkpt lat="-23.6721049" lon="133.7849279"></trkpt>
    <trkpt lat="-23.6722531" lon="133.7848540"></trkpt>
    <trkpt lat="-23.6725433" lon="133.7847390"></trkpt>
    <trkpt lat="-23.6726564" lon="133.7845696"></trkpt>
    <trkpt lat="-23.6727986" lon="133.7842093"></trkpt>
    <trkpt lat="-23.6728456" lon="133.7840712"></trkpt>
    <trkpt lat="-23.6728377" lon="133.7838934"></trkpt>
    <trkpt lat="-23.6728728" lon="133.7837054"></trkpt>
    <trkpt lat="-23.6727871" lon="133.7835029"></trkpt>
    <trkpt lat="-23.6727282" lon="133.7830207"></trkpt>
    <trkpt lat="-23.6727072" lon="133.7829420"></trkpt>
    <trkpt lat="-23.6725936" lon="133.7825155"></trkpt>
    <trkpt lat="-23.6726054" lon="133.7823394"></trkpt>
    <trkpt lat="-23.6726716" lon="133.7820759"></trkpt>
    <trkpt lat="-23.6728754" lon="133.7818633"></trkpt>
    <trkpt lat="-23.6730461" lon="133.7816651"></trkpt>
    <trkpt lat="-23.6730941" lon="133.7815004"></trkpt>
    <trkpt lat="-23.6731110" lon="133.7813534"></trkpt>
    <trkpt lat="-23.6731951" lon="133.7807701"></trkpt>
    <trkpt lat="-23.6733339" lon="133.7803154"></trkpt>
    <trkpt lat="-23.6734249" lon="133.7801431"></trkpt>
    <trkpt lat="-23.6734536" lon="133.7799530"></trkpt>
    <trkpt lat="-23.6736284" lon="133.7796770"></trkpt>
    <trkpt lat="-23.6738269" lon="133.7794779"></trkpt>
    <trkpt lat="-23.6737249" lon="133.7790851"></trkpt>
    <trkpt lat="-23.6738751" lon="133.7788441"></trkpt>
    <trkpt lat="-23.6739528" lon="133.7785436"></trkpt>
    <trkpt lat="-23.6740475" lon="133.7784981"></trkpt>
    <trkpt lat="-23.6740908" lon="133.7784418"></trkpt>
    <trkpt lat="-23.6741720" lon="133.7782763"></trkpt>
    <trkpt lat="-23.6742567" lon="133.7781950"></trkpt>
    <trkpt lat="-23.6745484" lon="133.7775496"></trkpt>
    <trkpt lat="-23.6745918" lon="133.7773485"></trkpt>
    <trkpt lat="-23.6745614" lon="133.7772546"></trkpt>
    <trkpt lat="-23.6745739" lon="133.7771340"></trkpt>
    <trkpt lat="-23.6746557" lon="133.7769563"></trkpt>
    <trkpt lat="-23.6746499" lon="133.7767582"></trkpt>
    <trkpt lat="-23.6746718" lon="133.7765582"></trkpt>
    <trkpt lat="-23.6747355" lon="133.7763817"></trkpt>
    <trkpt lat="-23.6748637" lon="133.7761252"></trkpt>
    <trkpt lat="-23.6749704" lon="133.7760195"></trkpt>
    <trkpt lat="-23.6750261" lon="133.7759448"></trkpt>
    <trkpt lat="-23.6750586" lon="133.7758480"></trkpt>
    <trkpt lat="-23.6750013" lon="133.7757588"></trkpt>
    <trkpt lat="-23.6749575" lon="133.7755371"></trkpt>
    <trkpt lat="-23.6749521" lon="133.7753162"></trkpt>
    <trkpt lat="-23.6751042" lon="133.7751331"></trkpt>
    <trkpt lat="-23.6751057" lon="133.7750683"></trkpt>
    <trkpt lat="-23.6750919" lon="133.7750134"></trkpt>
    <trkpt lat="-23.6751977" lon="133.7748717"></trkpt>
    <trkpt lat="-23.6752486" lon="133.7744682"></trkpt>
    <trkpt lat="-23.6752495" lon="133.7738131"></trkpt>
    <trkpt lat="-23.6755400" lon="133.7734635"></trkpt>
    <trkpt lat="-23.6756645" lon="133.7728129"></trkpt>
    <trkpt lat="-23.6758183" lon="133.7725875"></trkpt>
    <trkpt lat="-23.6759278" lon="133.7723772"></trkpt>
    <trkpt lat="-23.6759357" lon="133.7723228"></trkpt>
    <trkpt lat="-23.6758344" lon="133.7720722"></trkpt>
    <trkpt lat="-23.6757593" lon="133.7715640"></trkpt>
    <trkpt lat="-23.6757881" lon="133.7714054"></trkpt>
    <trkpt lat="-23.6757326" lon="133.7712034"></trkpt>
    <trkpt lat="-23.6758594" lon="133.7707483"></trkpt>
    <trkpt lat="-23.6758777" lon="133.7707199"></trkpt>
    <trkpt lat="-23.6761895" lon="133.7706708"></trkpt>
    <trkpt lat="-23.6762826" lon="133.7706243"></trkpt>
    <trkpt lat="-23.6763820" lon="133.7705150"></trkpt>
    <trkpt lat="-23.6766065" lon="133.7703569"></trkpt>
    <trkpt lat="-23.6766815" lon="133.7702593"></trkpt>
    <trkpt lat="-23.6767210" lon="133.7702236"></trkpt>
    <trkpt lat="-23.6767327" lon="133.7698711"></trkpt>
    <trkpt lat="-23.6767705" lon="133.7697976"></trkpt>
    <trkpt lat="-23.6767958" lon="133.7692602"></trkpt>
    <trkpt lat="-23.6768547" lon="133.7691500"></trkpt>
    <trkpt lat="-23.6768168" lon="133.7690076"></trkpt>
    <trkpt lat="-23.6768000" lon="133.7686815"></trkpt>
    <trkpt lat="-23.6768589" lon="133.7686218"></trkpt>
    <trkpt lat="-23.6769262" lon="133.7685024"></trkpt>
    <trkpt lat="-23.6769472" lon="133.7683278"></trkpt>
    <trkpt lat="-23.6768883" lon="133.7680339"></trkpt>
    <trkpt lat="-23.6767579" lon="133.7677537"></trkpt>
    <trkpt lat="-23.6763878" lon="133.7674965"></trkpt>
    <trkpt lat="-23.6762490" lon="133.7671612"></trkpt>
    <trkpt lat="-23.6761985" lon="133.7669959"></trkpt>
    <trkpt lat="-23.6760933" lon="133.7668397"></trkpt>
    <trkpt lat="-23.6761480" lon="133.7666376"></trkpt>
    <trkpt lat="-23.6759082" lon="133.7663666"></trkpt>
    <trkpt lat="-23.6758115" lon="133.7661829"></trkpt>
    <trkpt lat="-23.6757021" lon="133.7661462"></trkpt>
    <trkpt lat="-23.6755710" lon="133.7659973"></trkpt>
    <trkpt lat="-23.6754848" lon="133.7655955"></trkpt>
    <trkpt lat="-23.6755089" lon="133.7654013"></trkpt>
    <trkpt lat="-23.6755587" lon="133.7652999"></trkpt>
    <trkpt lat="-23.6756822" lon="133.7650107"></trkpt>
    <trkpt lat="-23.6756668" lon="133.7648064"></trkpt>
    <trkpt lat="-23.6756646" lon="133.7646811"></trkpt>
    <trkpt lat="-23.6758419" lon="133.7645392"></trkpt>
    <trkpt lat="-23.6760304" lon="133.7644982"></trkpt>
    <trkpt lat="-23.6762027" lon="133.7644433"></trkpt>
    <trkpt lat="-23.6762067" lon="133.7643810"></trkpt>
    <trkpt lat="-23.6760352" lon="133.7641976"></trkpt>
    <trkpt lat="-23.6758886" lon="133.7641445"></trkpt>
    <trkpt lat="-23.6758044" lon="133.7640393"></trkpt>
    <trkpt lat="-23.6758044" lon="133.7637764"></trkpt>
    <trkpt lat="-23.6759172" lon="133.7635757"></trkpt>
    <trkpt lat="-23.6758653" lon="133.7634104"></trkpt>
    <trkpt lat="-23.6758208" lon="133.7632431"></trkpt>
    <trkpt lat="-23.6757050" lon="133.7630670"></trkpt>
    <trkpt lat="-23.6755784" lon="133.7630326"></trkpt>
    <trkpt lat="-23.6755531" lon="133.7630631"></trkpt>
    <trkpt lat="-23.6755194" lon="133.7630656"></trkpt>
    <trkpt lat="-23.6755043" lon="133.7630527"></trkpt>
    <trkpt lat="-23.6754898" lon="133.7629981"></trkpt>
    <trkpt lat="-23.6754959" lon="133.7629893"></trkpt>
    <trkpt lat="-23.6754809" lon="133.7629782"></trkpt>
    <trkpt lat="-23.6754741" lon="133.7627981"></trkpt>
    <trkpt lat="-23.6755994" lon="133.7626337"></trkpt>
    <trkpt lat="-23.6758073" lon="133.7624951"></trkpt>
    <trkpt lat="-23.6758388" lon="133.7624869"></trkpt>
    <trkpt lat="-23.6758812" lon="133.7624451"></trkpt>
    <trkpt lat="-23.6759778" lon="133.7621642"></trkpt>
    <trkpt lat="-23.6759722" lon="133.7619077"></trkpt>
    <trkpt lat="-23.6759519" lon="133.7618193"></trkpt>
    <trkpt lat="-23.6759730" lon="133.7616281"></trkpt>
    <trkpt lat="-23.6759699" lon="133.7615880"></trkpt>
    <trkpt lat="-23.6759878" lon="133.7615222"></trkpt>
    <trkpt lat="-23.6759517" lon="133.7613224"></trkpt>
    <trkpt lat="-23.6759654" lon="133.7611999"></trkpt>
    <trkpt lat="-23.6760535" lon="133.7610640"></trkpt>
    <trkpt lat="-23.6761472" lon="133.7609701"></trkpt>
    <trkpt lat="-23.6761880" lon="133.7609021"></trkpt>
    <trkpt lat="-23.6762446" lon="133.7608760"></trkpt>
    <trkpt lat="-23.6763543" lon="133.7608633"></trkpt>
    <trkpt lat="-23.6764506" lon="133.7607402"></trkpt>
    <trkpt lat="-23.6763191" lon="133.7602561"></trkpt>
    <trkpt lat="-23.6762572" lon="133.7599016"></trkpt>
    <trkpt lat="-23.6762816" lon="133.7598713"></trkpt>
    <trkpt lat="-23.6763415" lon="133.7596884"></trkpt>
    <trkpt lat="-23.6763322" lon="133.7595364"></trkpt>
    <trkpt lat="-23.6763250" lon="133.7594187"></trkpt>
    <trkpt lat="-23.6763699" lon="133.7592682"></trkpt>
    <trkpt lat="-23.6763715" lon="133.7592326"></trkpt>
    <trkpt lat="-23.6763353" lon="133.7591047"></trkpt>
    <trkpt lat="-23.6762978" lon="133.7589179"></trkpt>
    <trkpt lat="-23.6762767" lon="133.7587594"></trkpt>
    <trkpt lat="-23.6762079" lon="133.7587081"></trkpt>
    <trkpt lat="-23.6760926" lon="133.7587556"></trkpt>
    <trkpt lat="-23.6759286" lon="133.7589744"></trkpt>
    <trkpt lat="-23.6758541" lon="133.7589799"></trkpt>
    <trkpt lat="-23.6758379" lon="133.7589636"></trkpt>
    <trkpt lat="-23.6758230" lon="133.7589136"></trkpt>
    <trkpt lat="-23.6757190" lon="133.7585641"></trkpt>
    <trkpt lat="-23.6757162" lon="133.7584883"></trkpt>
    <trkpt lat="-23.6755608" lon="133.7582286"></trkpt>
    <trkpt lat="-23.6754816" lon="133.7580519"></trkpt>
    <trkpt lat="-23.6756462" lon="133.7577833"></trkpt>
    <trkpt lat="-23.6759081" lon="133.7576547"></trkpt>
    <trkpt lat="-23.6759663" lon="133.7575237"></trkpt>
    <trkpt lat="-23.6760216" lon="133.7574632"></trkpt>
    <trkpt lat="-23.6761421" lon="133.7572224"></trkpt>
    <trkpt lat="-23.6761676" lon="133.7570281"></trkpt>
    <trkpt lat="-23.6763101" lon="133.7565560"></trkpt>
    <trkpt lat="-23.6763789" lon="133.7564595"></trkpt>
    <trkpt lat="-23.6763641" lon="133.7562234"></trkpt>
    <trkpt lat="-23.6763297" lon="133.7561000"></trkpt>
    <trkpt lat="-23.6763936" lon="133.7559176"></trkpt>
    <trkpt lat="-23.6763789" lon="133.7554992"></trkpt>
    <trkpt lat="-23.6763248" lon="133.7553812"></trkpt>
    <trkpt lat="-23.6763199" lon="133.7551452"></trkpt>
    <trkpt lat="-23.6763641" lon="133.7549950"></trkpt>
    <trkpt lat="-23.6763052" lon="133.7547267"></trkpt>
    <trkpt lat="-23.6763298" lon="133.7542845"></trkpt>
    <trkpt lat="-23.6764674" lon="133.7541189"></trkpt>
    <trkpt lat="-23.6766587" lon="133.7540113"></trkpt>
    <trkpt lat="-23.6767401" lon="133.7539978"></trkpt>
    <trkpt lat="-23.6768494" lon="133.7539381"></trkpt>
    <trkpt lat="-23.6769661" lon="133.7538511"></trkpt>
    <trkpt lat="-23.6771484" lon="133.7538885"></trkpt>
    <trkpt lat="-23.6771681" lon="133.7538827"></trkpt>
    <trkpt lat="-23.6771852" lon="133.7538294"></trkpt>
    <trkpt lat="-23.6772174" lon="133.7538041"></trkpt>
    <trkpt lat="-23.6773880" lon="133.7535465"></trkpt>
    <trkpt lat="-23.6775532" lon="133.7534550"></trkpt>
    <trkpt lat="-23.6778531" lon="133.7533665"></trkpt>
    <trkpt lat="-23.6780123" lon="133.7532811"></trkpt>
    <trkpt lat="-23.6780446" lon="133.7532783"></trkpt>
    <trkpt lat="-23.6781009" lon="133.7532979"></trkpt>
    <trkpt lat="-23.6781622" lon="133.7533301"></trkpt>
    <trkpt lat="-23.6781853" lon="133.7533272"></trkpt>
    <trkpt lat="-23.6783124" lon="133.7533476"></trkpt>
    <trkpt lat="-23.6784127" lon="133.7533350"></trkpt>
    <trkpt lat="-23.6787102" lon="133.7532309"></trkpt>
    <trkpt lat="-23.6788642" lon="133.7532352"></trkpt>
    <trkpt lat="-23.6791702" lon="133.7533484"></trkpt>
    <trkpt lat="-23.6793887" lon="133.7533826"></trkpt>
    <trkpt lat="-23.6794721" lon="133.7531398"></trkpt>
    <trkpt lat="-23.6796041" lon="133.7526770"></trkpt>
    <trkpt lat="-23.6797222" lon="133.7524115"></trkpt>
    <trkpt lat="-23.6796180" lon="133.7520170"></trkpt>
    <trkpt lat="-23.6796954" lon="133.7518234"></trkpt>
    <trkpt lat="-23.6797089" lon="133.7514860"></trkpt>
    <trkpt lat="-23.6796862" lon="133.7513173"></trkpt>
    <trkpt lat="-23.6797674" lon="133.7511484"></trkpt>
    <trkpt lat="-23.6799827" lon="133.7507008"></trkpt>
    <trkpt lat="-23.6799549" lon="133.7504656"></trkpt>
    <trkpt lat="-23.6800522" lon="133.7502683"></trkpt>
    <trkpt lat="-23.6803579" lon="133.7500863"></trkpt>
    <trkpt lat="-23.6806845" lon="133.7493428"></trkpt>
    <trkpt lat="-23.6808790" lon="133.7491835"></trkpt>
    <trkpt lat="-23.6810318" lon="133.7488573"></trkpt>
    <trkpt lat="-23.6811320" lon="133.7487439"></trkpt>
    <trkpt lat="-23.6812905" lon="133.7487023"></trkpt>
    <trkpt lat="-23.6814400" lon="133.7487350"></trkpt>
    <trkpt lat="-23.6814862" lon="133.7487066"></trkpt>
    <trkpt lat="-23.6814505" lon="133.7485385"></trkpt>
    <trkpt lat="-23.6815748" lon="133.7481837"></trkpt>
    <trkpt lat="-23.6815599" lon="133.7477193"></trkpt>
    <trkpt lat="-23.6813095" lon="133.7473254"></trkpt>
    <trkpt lat="-23.6811448" lon="133.7463504"></trkpt>
    <trkpt lat="-23.6810086" lon="133.7456550"></trkpt>
    <trkpt lat="-23.6804223" lon="133.7450380"></trkpt>
    <trkpt lat="-23.6803542" lon="133.7450597"></trkpt>
    <trkpt lat="-23.6803452" lon="133.7445997"></trkpt>
    <trkpt lat="-23.6804170" lon="133.7444192"></trkpt>
    <trkpt lat="-23.6803680" lon="133.7441380"></trkpt>
    <trkpt lat="-23.6801796" lon="133.7438063"></trkpt>
    <trkpt lat="-23.6796281" lon="133.7439010"></trkpt>
    <trkpt lat="-23.6793443" lon="133.7437584"></trkpt>
    <trkpt lat="-23.6795003" lon="133.7435071"></trkpt>
    <trkpt lat="-23.6795873" lon="133.7432587"></trkpt>
    <trkpt lat="-23.6795887" lon="133.7431807"></trkpt>
    <trkpt lat="-23.6794398" lon="133.7429500"></trkpt>
    <trkpt lat="-23.6792161" lon="133.7428167"></trkpt>
    <trkpt lat="-23.6789216" lon="133.7427709"></trkpt>
    <trkpt lat="-23.6787960" lon="133.7427767"></trkpt>
    <trkpt lat="-23.6787207" lon="133.7427498"></trkpt>
    <trkpt lat="-23.6785338" lon="133.7424331"></trkpt>
    <trkpt lat="-23.6784183" lon="133.7421577"></trkpt>
    <trkpt lat="-23.6784450" lon="133.7421712"></trkpt>
    <trkpt lat="-23.6784362" lon="133.7420928"></trkpt>
    <trkpt lat="-23.6781822" lon="133.7417557"></trkpt>
    <trkpt lat="-23.6782106" lon="133.7415468"></trkpt>
    <trkpt lat="-23.6781094" lon="133.7413660"></trkpt>
    <trkpt lat="-23.6778166" lon="133.7411321"></trkpt>
    <trkpt lat="-23.6777910" lon="133.7410649"></trkpt>
    <trkpt lat="-23.6777935" lon="133.7409774"></trkpt>
    <trkpt lat="-23.6778265" lon="133.7409181"></trkpt>
    <trkpt lat="-23.6778601" lon="133.7407897"></trkpt>
    <trkpt lat="-23.6778862" lon="133.7406482"></trkpt>
    <trkpt lat="-23.6779623" lon="133.7406128"></trkpt>
    <trkpt lat="-23.6780466" lon="133.7405321"></trkpt>
    <trkpt lat="-23.6781328" lon="133.7403806"></trkpt>
    <trkpt lat="-23.6781504" lon="133.7402552"></trkpt>
    <trkpt lat="-23.6782250" lon="133.7401043"></trkpt>
    <trkpt lat="-23.6783204" lon="133.7400390"></trkpt>
    <trkpt lat="-23.6784479" lon="133.7399002"></trkpt>
    <trkpt lat="-23.6785118" lon="133.7397427"></trkpt>
    <trkpt lat="-23.6785086" lon="133.7395868"></trkpt>
    <trkpt lat="-23.6784634" lon="133.7394223"></trkpt>
    <trkpt lat="-23.6783833" lon="133.7393208"></trkpt>
    <trkpt lat="-23.6783216" lon="133.7392855"></trkpt>
    <trkpt lat="-23.6782124" lon="133.7391920"></trkpt>
    <trkpt lat="-23.6781376" lon="133.7390950"></trkpt>
    <trkpt lat="-23.6780193" lon="133.7388754"></trkpt>
    <trkpt lat="-23.6779402" lon="133.7385193"></trkpt>
    <trkpt lat="-23.6778867" lon="133.7384453"></trkpt>
    <trkpt lat="-23.6778295" lon="133.7382792"></trkpt>
    <trkpt lat="-23.6778520" lon="133.7382119"></trkpt>
    <trkpt lat="-23.6780840" lon="133.7380166"></trkpt>
    <trkpt lat="-23.6780637" lon="133.7379693"></trkpt>
    <trkpt lat="-23.6779446" lon="133.7378602"></trkpt>
    <trkpt lat="-23.6778151" lon="133.7377913"></trkpt>
    <trkpt lat="-23.6775698" lon="133.7377016"></trkpt>
    <trkpt lat="-23.6773827" lon="133.7375585"></trkpt>
    <trkpt lat="-23.6773393" lon="133.7374909"></trkpt>
    <trkpt lat="-23.6772067" lon="133.7369383"></trkpt>
    <trkpt lat="-23.6770528" lon="133.7367288"></trkpt>
    <trkpt lat="-23.6769894" lon="133.7366075"></trkpt>
    <trkpt lat="-23.6769892" lon="133.7364364"></trkpt>
    <trkpt lat="-23.6770716" lon="133.7362269"></trkpt>
    <trkpt lat="-23.6770958" lon="133.7360893"></trkpt>
    <trkpt lat="-23.6771796" lon="133.7358470"></trkpt>
    <trkpt lat="-23.6773406" lon="133.7355930"></trkpt>
    <trkpt lat="-23.6773581" lon="133.7354842"></trkpt>
    <trkpt lat="-23.6774090" lon="133.7353318"></trkpt>
    <trkpt lat="-23.6774751" lon="133.7352188"></trkpt>
    <trkpt lat="-23.6775530" lon="133.7351333"></trkpt>
    <trkpt lat="-23.6776852" lon="133.7349104"></trkpt>
    <trkpt lat="-23.6778194" lon="133.7345662"></trkpt>
    <trkpt lat="-23.6779499" lon="133.7343690"></trkpt>
    <trkpt lat="-23.6779804" lon="133.7341703"></trkpt>
    <trkpt lat="-23.6779982" lon="133.7338487"></trkpt>
    <trkpt lat="-23.6779602" lon="133.7337583"></trkpt>
    <trkpt lat="-23.6779755" lon="133.7335588"></trkpt>
    <trkpt lat="-23.6780561" lon="133.7333060"></trkpt>
    <trkpt lat="-23.6780304" lon="133.7332656"></trkpt>
    <trkpt lat="-23.6780394" lon="133.7331457"></trkpt>
    <trkpt lat="-23.6781698" lon="133.7327552"></trkpt>
    <trkpt lat="-23.6780689" lon="133.7326174"></trkpt>
    <trkpt lat="-23.6780554" lon="133.7325291"></trkpt>
    <trkpt lat="-23.6781105" lon="133.7321149"></trkpt>
    <trkpt lat="-23.6782149" lon="133.7319549"></trkpt>
    <trkpt lat="-23.6782777" lon="133.7318904"></trkpt>
    <trkpt lat="-23.6784299" lon="133.7317992"></trkpt>
    <trkpt lat="-23.6784397" lon="133.7317146"></trkpt>
    <trkpt lat="-23.6784985" lon="133.7312931"></trkpt>
    <trkpt lat="-23.6785808" lon="133.7311909"></trkpt>
    <trkpt lat="-23.6787351" lon="133.7311069"></trkpt>
    <trkpt lat="-23.6788466" lon="133.7310041"></trkpt>
    <trkpt lat="-23.6791235" lon="133.7311130"></trkpt>
    <trkpt lat="-23.6792272" lon="133.7311979"></trkpt>
    <trkpt lat="-23.6792993" lon="133.7311969"></trkpt>
    <trkpt lat="-23.6794526" lon="133.7312471"></trkpt>
    <trkpt lat="-23.6795155" lon="133.7311297"></trkpt>
    <trkpt lat="-23.6797818" lon="133.7309789"></trkpt>
    <trkpt lat="-23.6800456" lon="133.7310946"></trkpt>
    <trkpt lat="-23.6803320" lon="133.7313598"></trkpt>
    <trkpt lat="-23.6804079" lon="133.7314760"></trkpt>
    <trkpt lat="-23.6804763" lon="133.7318186"></trkpt>
    <trkpt lat="-23.6805636" lon="133.7319022"></trkpt>
    <trkpt lat="-23.6806608" lon="133.7320747"></trkpt>
    <trkpt lat="-23.6807396" lon="133.7320277"></trkpt>
    <trkpt lat="-23.6808052" lon="133.7319090"></trkpt>
    <trkpt lat="-23.6808729" lon="133.7317550"></trkpt>
    <trkpt lat="-23.6809607" lon="133.7316170"></trkpt>
    <trkpt lat="-23.6813972" lon="133.7313384"></trkpt>
    <trkpt lat="-23.6815582" lon="133.7310825"></trkpt>
    <trkpt lat="-23.6816862" lon="133.7307692"></trkpt>
    <trkpt lat="-23.6816499" lon="133.7304283"></trkpt>
    <trkpt lat="-23.6818297" lon="133.7296719"></trkpt>
    <trkpt lat="-23.6816881" lon="133.7287897"></trkpt>
    <trkpt lat="-23.6814713" lon="133.7280460"></trkpt>
    <trkpt lat="-23.6811898" lon="133.7275696"></trkpt>
    <trkpt lat="-23.6808616" lon="133.7274433"></trkpt>
    <trkpt lat="-23.6806995" lon="133.7274397"></trkpt>
    <trkpt lat="-23.6805646" lon="133.7272928"></trkpt>
    <trkpt lat="-23.6803943" lon="133.7272480"></trkpt>
    <trkpt lat="-23.6803967" lon="133.7270550"></trkpt>
    <trkpt lat="-23.6804232" lon="133.7270018"></trkpt>
    <trkpt lat="-23.6806069" lon="133.7268892"></trkpt>
    <trkpt lat="-23.6806261" lon="133.7267517"></trkpt>
    <trkpt lat="-23.6805556" lon="133.7267299"></trkpt>
    <trkpt lat="-23.6803117" lon="133.7263315"></trkpt>
    <trkpt lat="-23.6801532" lon="133.7263247"></trkpt>
    <trkpt lat="-23.6798403" lon="133.7262826"></trkpt>
    <trkpt lat="-23.6797697" lon="133.7260698"></trkpt>
    <trkpt lat="-23.6797622" lon="133.7259521"></trkpt>
    <trkpt lat="-23.6797700" lon="133.7257423"></trkpt>
    <trkpt lat="-23.6798701" lon="133.7254560"></trkpt>
    <trkpt lat="-23.6798321" lon="133.7252936"></trkpt>
    <trkpt lat="-23.6800701" lon="133.7247550"></trkpt>
    <trkpt lat="-23.6802132" lon="133.7245543"></trkpt>
    <trkpt lat="-23.6802240" lon="133.7243650"></trkpt>
    <trkpt lat="-23.6803730" lon="133.7242306"></trkpt>
    <trkpt lat="-23.6806188" lon="133.7241184"></trkpt>
    <trkpt lat="-23.6806587" lon="133.7240376"></trkpt>
    <trkpt lat="-23.6805760" lon="133.7239671"></trkpt>
    <trkpt lat="-23.6805182" lon="133.7238067"></trkpt>
    <trkpt lat="-23.6806259" lon="133.7235449"></trkpt>
    <trkpt lat="-23.6806293" lon="133.7232073"></trkpt>
    <trkpt lat="-23.6807809" lon="133.7227760"></trkpt>
    <trkpt lat="-23.6809139" lon="133.7226404"></trkpt>
    <trkpt lat="-23.6808500" lon="133.7225224"></trkpt>
    <trkpt lat="-23.6808058" lon="133.7223507"></trkpt>
    <trkpt lat="-23.6807567" lon="133.7222649"></trkpt>
    <trkpt lat="-23.6807371" lon="133.7219806"></trkpt>
    <trkpt lat="-23.6807665" lon="133.7218894"></trkpt>
    <trkpt lat="-23.6805774" lon="133.7215541"></trkpt>
    <trkpt lat="-23.6806044" lon="133.7213261"></trkpt>
    <trkpt lat="-23.6803883" lon="133.7209667"></trkpt>
    <trkpt lat="-23.6804619" lon="133.7205643"></trkpt>
    <trkpt lat="-23.6804202" lon="133.7205027"></trkpt>
    <trkpt lat="-23.6804406" lon="133.7202975"></trkpt>
    <trkpt lat="-23.6804030" lon="133.7200386"></trkpt>
    <trkpt lat="-23.6803883" lon="133.7198777"></trkpt>
    <trkpt lat="-23.6801475" lon="133.7193681"></trkpt>
    <trkpt lat="-23.6801328" lon="133.7192232"></trkpt>
    <trkpt lat="-23.6799903" lon="133.7190516"></trkpt>
    <trkpt lat="-23.6799480" lon="133.7187854"></trkpt>
    <trkpt lat="-23.6798224" lon="133.7186043"></trkpt>
    <trkpt lat="-23.6797569" lon="133.7184268"></trkpt>
    <trkpt lat="-23.6797763" lon="133.7183235"></trkpt>
    <trkpt lat="-23.6797502" lon="133.7182387"></trkpt>
    <trkpt lat="-23.6796859" lon="133.7181694"></trkpt>
    <trkpt lat="-23.6795846" lon="133.7181516"></trkpt>
    <trkpt lat="-23.6794230" lon="133.7180595"></trkpt>
    <trkpt lat="-23.6791413" lon="133.7180707"></trkpt>
    <trkpt lat="-23.6789685" lon="133.7180904"></trkpt>
    <trkpt lat="-23.6787914" lon="133.7181116"></trkpt>
    <trkpt lat="-23.6787447" lon="133.7180858"></trkpt>
    <trkpt lat="-23.6787301" lon="133.7180062"></trkpt>
    <trkpt lat="-23.6787033" lon="133.7179218"></trkpt>
    <trkpt lat="-23.6786765" lon="133.7178374"></trkpt>
    <trkpt lat="-23.6786498" lon="133.7177531"></trkpt>
    <trkpt lat="-23.6786230" lon="133.7176687"></trkpt>
    <trkpt lat="-23.6785843" lon="133.7176157"></trkpt>
    <trkpt lat="-23.6785119" lon="133.7175110"></trkpt>
    <trkpt lat="-23.6784604" lon="133.7174136"></trkpt>
    <trkpt lat="-23.6784523" lon="133.7173685"></trkpt>
    <trkpt lat="-23.6784562" lon="133.7173181"></trkpt>
    <trkpt lat="-23.6785008" lon="133.7171336"></trkpt>
    <trkpt lat="-23.6785042" lon="133.7170250"></trkpt>
    <trkpt lat="-23.6784879" lon="133.7168948"></trkpt>
    <trkpt lat="-23.6785020" lon="133.7167832"></trkpt>
    <trkpt lat="-23.6785445" lon="133.7167112"></trkpt>
    <trkpt lat="-23.6786423" lon="133.7164191"></trkpt>
    <trkpt lat="-23.6786466" lon="133.7163554"></trkpt>
    <trkpt lat="-23.6786419" lon="133.7162705"></trkpt>
    <trkpt lat="-23.6786603" lon="133.7162622"></trkpt>
    <trkpt lat="-23.6786974" lon="133.7162722"></trkpt>
    <trkpt lat="-23.6787205" lon="133.7162600"></trkpt>
    <trkpt lat="-23.6787517" lon="133.7162304"></trkpt>
    <trkpt lat="-23.6787591" lon="133.7162150"></trkpt>
    <trkpt lat="-23.6787593" lon="133.7161767"></trkpt>
    <trkpt lat="-23.6787773" lon="133.7160967"></trkpt>
    <trkpt lat="-23.6787737" lon="133.7160662"></trkpt>
    <trkpt lat="-23.6787628" lon="133.7160304"></trkpt>
    <trkpt lat="-23.6787898" lon="133.7159384"></trkpt>
    <trkpt lat="-23.6788398" lon="133.7159148"></trkpt>
    <trkpt lat="-23.6788569" lon="133.7159166"></trkpt>
    <trkpt lat="-23.6788716" lon="133.7159422"></trkpt>
    <trkpt lat="-23.6789370" lon="133.7160036"></trkpt>
    <trkpt lat="-23.6789509" lon="133.7160325"></trkpt>
    <trkpt lat="-23.6790058" lon="133.7160433"></trkpt>
    <trkpt lat="-23.6790675" lon="133.7159922"></trkpt>
    <trkpt lat="-23.6791307" lon="133.7159945"></trkpt>
    <trkpt lat="-23.6791663" lon="133.7160527"></trkpt>
    <trkpt lat="-23.6792049" lon="133.7160737"></trkpt>
    <trkpt lat="-23.6793075" lon="133.7160816"></trkpt>
    <trkpt lat="-23.6793339" lon="133.7160997"></trkpt>
    <trkpt lat="-23.6793478" lon="133.7161192"></trkpt>
    <trkpt lat="-23.6794034" lon="133.7161511"></trkpt>
    <trkpt lat="-23.6794464" lon="133.7161972"></trkpt>
    <trkpt lat="-23.6795382" lon="133.7162368"></trkpt>
    <trkpt lat="-23.6795892" lon="133.7162469"></trkpt>
    <trkpt lat="-23.6796527" lon="133.7162816"></trkpt>
    <trkpt lat="-23.6796752" lon="133.7163141"></trkpt>
    <trkpt lat="-23.6797399" lon="133.7163580"></trkpt>
    <trkpt lat="-23.6800479" lon="133.7164199"></trkpt>
    <trkpt lat="-23.6801510" lon="133.7162912"></trkpt>
    <trkpt lat="-23.6803033" lon="133.7162375"></trkpt>
    <trkpt lat="-23.6803033" lon="133.7160981"></trkpt>
    <trkpt lat="-23.6802444" lon="133.7160122"></trkpt>
    <trkpt lat="-23.6803524" lon="133.7158245"></trkpt>
    <trkpt lat="-23.6805735" lon="133.7157816"></trkpt>
    <trkpt lat="-23.6807111" lon="133.7155294"></trkpt>
    <trkpt lat="-23.6806669" lon="133.7152237"></trkpt>
    <trkpt lat="-23.6807995" lon="133.7151217"></trkpt>
    <trkpt lat="-23.6812023" lon="133.7151432"></trkpt>
    <trkpt lat="-23.6812859" lon="133.7151110"></trkpt>
    <trkpt lat="-23.6814111" lon="133.7151486"></trkpt>
    <trkpt lat="-23.6816273" lon="133.7153578"></trkpt>
    <trkpt lat="-23.6816961" lon="133.7156206"></trkpt>
    <trkpt lat="-23.6818484" lon="133.7159640"></trkpt>
    <trkpt lat="-23.6822217" lon="133.7163770"></trkpt>
    <trkpt lat="-23.6824281" lon="133.7165487"></trkpt>
    <trkpt lat="-23.6827130" lon="133.7165540"></trkpt>
    <trkpt lat="-23.6829586" lon="133.7168544"></trkpt>
    <trkpt lat="-23.6830618" lon="133.7171280"></trkpt>
    <trkpt lat="-23.6832878" lon="133.7171897"></trkpt>
    <trkpt lat="-23.6833811" lon="133.7170663"></trkpt>
    <trkpt lat="-23.6834155" lon="133.7169322"></trkpt>
    <trkpt lat="-23.6835776" lon="133.7169322"></trkpt>
    <trkpt lat="-23.6838233" lon="133.7168249"></trkpt>
    <trkpt lat="-23.6838307" lon="133.7168088"></trkpt>
    <trkpt lat="-23.6839952" lon="133.7166747"></trkpt>
    <trkpt lat="-23.6840296" lon="133.7165460"></trkpt>
    <trkpt lat="-23.6841180" lon="133.7164494"></trkpt>
    <trkpt lat="-23.6842163" lon="133.7162831"></trkpt>
    <trkpt lat="-23.6841868" lon="133.7161437"></trkpt>
    <trkpt lat="-23.6840001" lon="133.7158003"></trkpt>
    <trkpt lat="-23.6838969" lon="133.7156662"></trkpt>
    <trkpt lat="-23.6837987" lon="133.7156501"></trkpt>
    <trkpt lat="-23.6837103" lon="133.7155589"></trkpt>
    <trkpt lat="-23.6837938" lon="133.7153873"></trkpt>
    <trkpt lat="-23.6838380" lon="133.7151942"></trkpt>
    <trkpt lat="-23.6836611" lon="133.7149849"></trkpt>
    <trkpt lat="-23.6837397" lon="133.7148884"></trkpt>
    <trkpt lat="-23.6838871" lon="133.7148401"></trkpt>
    <trkpt lat="-23.6839313" lon="133.7147489"></trkpt>
    <trkpt lat="-23.6839166" lon="133.7146604"></trkpt>
    <trkpt lat="-23.6839412" lon="133.7146014"></trkpt>
    <trkpt lat="-23.6838724" lon="133.7144673"></trkpt>
    <trkpt lat="-23.6838675" lon="133.7140757"></trkpt>
    <trkpt lat="-23.6837594" lon="133.7140971"></trkpt>
    <trkpt lat="-23.6835531" lon="133.7140703"></trkpt>
    <trkpt lat="-23.6835678" lon="133.7139738"></trkpt>
    <trkpt lat="-23.6837250" lon="133.7137324"></trkpt>
    <trkpt lat="-23.6838183" lon="133.7136841"></trkpt>
    <trkpt lat="-23.6839412" lon="133.7134749"></trkpt>
    <trkpt lat="-23.6840296" lon="133.7134588"></trkpt>
    <trkpt lat="-23.6841868" lon="133.7133408"></trkpt>
    <trkpt lat="-23.6842163" lon="133.7131637"></trkpt>
    <trkpt lat="-23.6842899" lon="133.7130833"></trkpt>
    <trkpt lat="-23.6846027" lon="133.7133322"></trkpt>
    <trkpt lat="-23.6847486" lon="133.7133398"></trkpt>
    <trkpt lat="-23.6850708" lon="133.7135215"></trkpt>
    <trkpt lat="-23.6852796" lon="133.7138115"></trkpt>
    <trkpt lat="-23.6853699" lon="133.7138312"></trkpt>
    <trkpt lat="-23.6854498" lon="133.7139269"></trkpt>
    <trkpt lat="-23.6855555" lon="133.7139635"></trkpt>
    <trkpt lat="-23.6857824" lon="133.7139720"></trkpt>
    <trkpt lat="-23.6858546" lon="133.7139663"></trkpt>
    <trkpt lat="-23.6859784" lon="133.7139100"></trkpt>
    <trkpt lat="-23.6861202" lon="133.7138087"></trkpt>
    <trkpt lat="-23.6861485" lon="133.7135355"></trkpt>
    <trkpt lat="-23.6860196" lon="133.7133441"></trkpt>
    <trkpt lat="-23.6859319" lon="133.7132455"></trkpt>
    <trkpt lat="-23.6859139" lon="133.7131245"></trkpt>
    <trkpt lat="-23.6859486" lon="133.7128913"></trkpt>
    <trkpt lat="-23.6860321" lon="133.7127358"></trkpt>
    <trkpt lat="-23.6861230" lon="133.7126446"></trkpt>
    <trkpt lat="-23.6861279" lon="133.7123093"></trkpt>
    <trkpt lat="-23.6861476" lon="133.7122396"></trkpt>
    <trkpt lat="-23.6861304" lon="133.7121028"></trkpt>
    <trkpt lat="-23.6861525" lon="133.7120035"></trkpt>
    <trkpt lat="-23.6861205" lon="133.7116709"></trkpt>
    <trkpt lat="-23.6861697" lon="133.7113410"></trkpt>
    <trkpt lat="-23.6861009" lon="133.7111989"></trkpt>
    <trkpt lat="-23.6860932" lon="133.7110568"></trkpt>
    <trkpt lat="-23.6858765" lon="133.7107366"></trkpt>
    <trkpt lat="-23.6858561" lon="133.7106225"></trkpt>
    <trkpt lat="-23.6858280" lon="133.7105779"></trkpt>
    <trkpt lat="-23.6858510" lon="133.7105027"></trkpt>
    <trkpt lat="-23.6858586" lon="133.7104359"></trkpt>
    <trkpt lat="-23.6858916" lon="133.7103969"></trkpt>
    <trkpt lat="-23.6860254" lon="133.7102456"></trkpt>
    <trkpt lat="-23.6860647" lon="133.7101679"></trkpt>
    <trkpt lat="-23.6861212" lon="133.7101464"></trkpt>
    <trkpt lat="-23.6861347" lon="133.7100941"></trkpt>
    <trkpt lat="-23.6862084" lon="133.7099010"></trkpt>
    <trkpt lat="-23.6864835" lon="133.7097307"></trkpt>
    <trkpt lat="-23.6865977" lon="133.7095389"></trkpt>
    <trkpt lat="-23.6866383" lon="133.7093029"></trkpt>
    <trkpt lat="-23.6867255" lon="133.7092210"></trkpt>
    <trkpt lat="-23.6867946" lon="133.7091875"></trkpt>
    <trkpt lat="-23.6868520" lon="133.7091741"></trkpt>
    <trkpt lat="-23.6869171" lon="133.7090829"></trkpt>
    <trkpt lat="-23.6869993" lon="133.7090977"></trkpt>
    <trkpt lat="-23.6871467" lon="133.7090387"></trkpt>
    <trkpt lat="-23.6871676" lon="133.7089957"></trkpt>
    <trkpt lat="-23.6871553" lon="133.7089649"></trkpt>
    <trkpt lat="-23.6871172" lon="133.7089501"></trkpt>
    <trkpt lat="-23.6870607" lon="133.7088496"></trkpt>
    <trkpt lat="-23.6870522" lon="133.7087798"></trkpt>
    <trkpt lat="-23.6870129" lon="133.7087570"></trkpt>
    <trkpt lat="-23.6869736" lon="133.7086779"></trkpt>
    <trkpt lat="-23.6869785" lon="133.7086524"></trkpt>
    <trkpt lat="-23.6869637" lon="133.7086149"></trkpt>
    <trkpt lat="-23.6869785" lon="133.7085813"></trkpt>
    <trkpt lat="-23.6869613" lon="133.7085331"></trkpt>
    <trkpt lat="-23.6870178" lon="133.7084901"></trkpt>
    <trkpt lat="-23.6869834" lon="133.7084070"></trkpt>
    <trkpt lat="-23.6870632" lon="133.7083024"></trkpt>
    <trkpt lat="-23.6870706" lon="133.7082581"></trkpt>
    <trkpt lat="-23.6871615" lon="133.7082018"></trkpt>
    <trkpt lat="-23.6871713" lon="133.7081160"></trkpt>
    <trkpt lat="-23.6872425" lon="133.7079711"></trkpt>
    <trkpt lat="-23.6872597" lon="133.7078987"></trkpt>
    <trkpt lat="-23.6871676" lon="133.7077606"></trkpt>
    <trkpt lat="-23.6871762" lon="133.7077002"></trkpt>
    <trkpt lat="-23.6871148" lon="133.7076345"></trkpt>
    <trkpt lat="-23.6870448" lon="133.7074334"></trkpt>
    <trkpt lat="-23.6870079" lon="133.7072322"></trkpt>
    <trkpt lat="-23.6870129" lon="133.7071879"></trkpt>
    <trkpt lat="-23.6869907" lon="133.7071128"></trkpt>
    <trkpt lat="-23.6870264" lon="133.7069935"></trkpt>
    <trkpt lat="-23.6870534" lon="133.7069573"></trkpt>
    <trkpt lat="-23.6870558" lon="133.7068983"></trkpt>
    <trkpt lat="-23.6870927" lon="133.7067802"></trkpt>
    <trkpt lat="-23.6870939" lon="133.7067293"></trkpt>
    <trkpt lat="-23.6871111" lon="133.7066837"></trkpt>
    <trkpt lat="-23.6871123" lon="133.7066421"></trkpt>
    <trkpt lat="-23.6870988" lon="133.7065871"></trkpt>
    <trkpt lat="-23.6870632" lon="133.7065308"></trkpt>
    <trkpt lat="-23.6870595" lon="133.7064570"></trkpt>
    <trkpt lat="-23.6869969" lon="133.7063538"></trkpt>
    <trkpt lat="-23.6869772" lon="133.7062612"></trkpt>
    <trkpt lat="-23.6869944" lon="133.7061821"></trkpt>
    <trkpt lat="-23.6870386" lon="133.7061472"></trkpt>
    <trkpt lat="-23.6870411" lon="133.7060842"></trkpt>
    <trkpt lat="-23.6871774" lon="133.7059286"></trkpt>
    <trkpt lat="-23.6872167" lon="133.7058616"></trkpt>
    <trkpt lat="-23.6873015" lon="133.7057529"></trkpt>
    <trkpt lat="-23.6873273" lon="133.7056322"></trkpt>
    <trkpt lat="-23.6873985" lon="133.7055424"></trkpt>
    <trkpt lat="-23.6874537" lon="133.7055370"></trkpt>
    <trkpt lat="-23.6874636" lon="133.7054820"></trkpt>
    <trkpt lat="-23.6875238" lon="133.7054016"></trkpt>
    <trkpt lat="-23.6875680" lon="133.7054043"></trkpt>
    <trkpt lat="-23.6875864" lon="133.7053412"></trkpt>
    <trkpt lat="-23.6875704" lon="133.7052795"></trkpt>
    <trkpt lat="-23.6875545" lon="133.7052138"></trkpt>
    <trkpt lat="-23.6875680" lon="133.7051991"></trkpt>
    <trkpt lat="-23.6875495" lon="133.7051106"></trkpt>
    <trkpt lat="-23.6875704" lon="133.7050448"></trkpt>
    <trkpt lat="-23.6875323" lon="133.7048356"></trkpt>
    <trkpt lat="-23.6875950" lon="133.7047525"></trkpt>
    <trkpt lat="-23.6875753" lon="133.7046774"></trkpt>
    <trkpt lat="-23.6875631" lon="133.7046452"></trkpt>
    <trkpt lat="-23.6874845" lon="133.7045339"></trkpt>
    <trkpt lat="-23.6875336" lon="133.7044937"></trkpt>
    <trkpt lat="-23.6875704" lon="133.7043998"></trkpt>
    <trkpt lat="-23.6875029" lon="133.7041772"></trkpt>
    <trkpt lat="-23.6874341" lon="133.7040860"></trkpt>
    <trkpt lat="-23.6874402" lon="133.7040444"></trkpt>
    <trkpt lat="-23.6873948" lon="133.7038419"></trkpt>
    <trkpt lat="-23.6874059" lon="133.7037855"></trkpt>
    <trkpt lat="-23.6874366" lon="133.7037695"></trkpt>
    <trkpt lat="-23.6874808" lon="133.7037064"></trkpt>
    <trkpt lat="-23.6874623" lon="133.7036206"></trkpt>
    <trkpt lat="-23.6874808" lon="133.7035696"></trkpt>
    <trkpt lat="-23.6874820" lon="133.7034261"></trkpt>
    <trkpt lat="-23.6875422" lon="133.7033591"></trkpt>
    <trkpt lat="-23.6875913" lon="133.7032679"></trkpt>
    <trkpt lat="-23.6876773" lon="133.7031700"></trkpt>
    <trkpt lat="-23.6877006" lon="133.7030882"></trkpt>
    <trkpt lat="-23.6875962" lon="133.7029702"></trkpt>
    <trkpt lat="-23.6875459" lon="133.7027811"></trkpt>
    <trkpt lat="-23.6874918" lon="133.7027797"></trkpt>
    <trkpt lat="-23.6874550" lon="133.7027381"></trkpt>
    <trkpt lat="-23.6872965" lon="133.7025893"></trkpt>
    <trkpt lat="-23.6871553" lon="133.7026188"></trkpt>
    <trkpt lat="-23.6871062" lon="133.7025920"></trkpt>
    <trkpt lat="-23.6870214" lon="133.7024149"></trkpt>
    <trkpt lat="-23.6870104" lon="133.7023291"></trkpt>
    <trkpt lat="-23.6870362" lon="133.7022688"></trkpt>
    <trkpt lat="-23.6870270" lon="133.7021955"></trkpt>
    <trkpt lat="-23.6870571" lon="133.7021695"></trkpt>
    <trkpt lat="-23.6870657" lon="133.7019120"></trkpt>
    <trkpt lat="-23.6871713" lon="133.7016948"></trkpt>
    <trkpt lat="-23.6871885" lon="133.7016398"></trkpt>
    <trkpt lat="-23.6872622" lon="133.7015915"></trkpt>
    <trkpt lat="-23.6873309" lon="133.7015808"></trkpt>
    <trkpt lat="-23.6873383" lon="133.7015405"></trkpt>
    <trkpt lat="-23.6872916" lon="133.7014842"></trkpt>
    <trkpt lat="-23.6872071" lon="133.7014285"></trkpt>
    <trkpt lat="-23.6871996" lon="133.7013511"></trkpt>
    <trkpt lat="-23.6872245" lon="133.7012778"></trkpt>
    <trkpt lat="-23.6872108" lon="133.7012194"></trkpt>
    <trkpt lat="-23.6871014" lon="133.7011665"></trkpt>
    <trkpt lat="-23.6870492" lon="133.7011909"></trkpt>
    <trkpt lat="-23.6870106" lon="133.7011569"></trkpt>
    <trkpt lat="-23.6870106" lon="133.7011026"></trkpt>
    <trkpt lat="-23.6870479" lon="133.7010307"></trkpt>
    <trkpt lat="-23.6870915" lon="133.7010144"></trkpt>
    <trkpt lat="-23.6872407" lon="133.7008691"></trkpt>
    <trkpt lat="-23.6871760" lon="133.7007767"></trkpt>
    <trkpt lat="-23.6871897" lon="133.7006993"></trkpt>
    <trkpt lat="-23.6872755" lon="133.7007020"></trkpt>
    <trkpt lat="-23.6873339" lon="133.7005391"></trkpt>
    <trkpt lat="-23.6874396" lon="133.7005106"></trkpt>
    <trkpt lat="-23.6874819" lon="133.7004386"></trkpt>
    <trkpt lat="-23.6874571" lon="133.7003422"></trkpt>
    <trkpt lat="-23.6874583" lon="133.7002770"></trkpt>
    <trkpt lat="-23.6874782" lon="133.7001738"></trkpt>
    <trkpt lat="-23.6874658" lon="133.7001263"></trkpt>
    <trkpt lat="-23.6874869" lon="133.7000787"></trkpt>
    <trkpt lat="-23.6874185" lon="133.7000136"></trkpt>
    <trkpt lat="-23.6874869" lon="133.6997352"></trkpt>
    <trkpt lat="-23.6874981" lon="133.6996795"></trkpt>
    <trkpt lat="-23.6875814" lon="133.6995817"></trkpt>
    <trkpt lat="-23.6875914" lon="133.6995125"></trkpt>
    <trkpt lat="-23.6875491" lon="133.6994527"></trkpt>
    <trkpt lat="-23.6875814" lon="133.6993699"></trkpt>
    <trkpt lat="-23.6875304" lon="133.6993006"></trkpt>
    <trkpt lat="-23.6875329" lon="133.6992314"></trkpt>
    <trkpt lat="-23.6875938" lon="133.6992069"></trkpt>
    <trkpt lat="-23.6876249" lon="133.6992205"></trkpt>
    <trkpt lat="-23.6877095" lon="133.6990874"></trkpt>
    <trkpt lat="-23.6877617" lon="133.6990467"></trkpt>
    <trkpt lat="-23.6877928" lon="133.6988607"></trkpt>
    <trkpt lat="-23.6878687" lon="133.6988444"></trkpt>
    <trkpt lat="-23.6879134" lon="133.6987914"></trkpt>
    <trkpt lat="-23.6879122" lon="133.6987371"></trkpt>
    <trkpt lat="-23.6878861" lon="133.6986298"></trkpt>
    <trkpt lat="-23.6879134" lon="133.6985483"></trkpt>
    <trkpt lat="-23.6879632" lon="133.6985062"></trkpt>
    <trkpt lat="-23.6879781" lon="133.6984655"></trkpt>
    <trkpt lat="-23.6879619" lon="133.6984003"></trkpt>
    <trkpt lat="-23.6879246" lon="133.6983623"></trkpt>
    <trkpt lat="-23.6878637" lon="133.6983297"></trkpt>
    <trkpt lat="-23.6878587" lon="133.6982700"></trkpt>
    <trkpt lat="-23.6878301" lon="133.6982224"></trkpt>
    <trkpt lat="-23.6876498" lon="133.6976290"></trkpt>
    <trkpt lat="-23.6875715" lon="133.6975448"></trkpt>
    <trkpt lat="-23.6874665" lon="133.6976142"></trkpt>
    <trkpt lat="-23.6873576" lon="133.6976063"></trkpt>
    <trkpt lat="-23.6872471" lon="133.6975446"></trkpt>
    <trkpt lat="-23.6870128" lon="133.6975580"></trkpt>
    <trkpt lat="-23.6869067" lon="133.6974934"></trkpt>
    <trkpt lat="-23.6868376" lon="133.6974907"></trkpt>
    <trkpt lat="-23.6866724" lon="133.6973183"></trkpt>
    <trkpt lat="-23.6865787" lon="133.6972698"></trkpt>
    <trkpt lat="-23.6864800" lon="133.6971567"></trkpt>
    <trkpt lat="-23.6863838" lon="133.6970813"></trkpt>
    <trkpt lat="-23.6863295" lon="133.6968577"></trkpt>
    <trkpt lat="-23.6863517" lon="133.6966827"></trkpt>
    <trkpt lat="-23.6864109" lon="133.6965696"></trkpt>
    <trkpt lat="-23.6863937" lon="133.6965103"></trkpt>
    <trkpt lat="-23.6863123" lon="133.6964430"></trkpt>
    <trkpt lat="-23.6861446" lon="133.6963406"></trkpt>
    <trkpt lat="-23.6860780" lon="133.6962760"></trkpt>
    <trkpt lat="-23.6859442" lon="133.6961705"></trkpt>
    <trkpt lat="-23.6858352" lon="133.6959568"></trkpt>
    <trkpt lat="-23.6858102" lon="133.6958881"></trkpt>
    <trkpt lat="-23.6857453" lon="133.6958512"></trkpt>
    <trkpt lat="-23.6855692" lon="133.6958074"></trkpt>
    <trkpt lat="-23.6855444" lon="133.6957798"></trkpt>
    <trkpt lat="-23.6853562" lon="133.6957728"></trkpt>
    <trkpt lat="-23.6850195" lon="133.6957314"></trkpt>
    <trkpt lat="-23.6849991" lon="133.6957294"></trkpt>
    <trkpt lat="-23.6848226" lon="133.6957397"></trkpt>
    <trkpt lat="-23.6846896" lon="133.6957879"></trkpt>
    <trkpt lat="-23.6846662" lon="133.6957879"></trkpt>
    <trkpt lat="-23.6842735" lon="133.6956569"></trkpt>
    <trkpt lat="-23.6841072" lon="133.6955383"></trkpt>
    <trkpt lat="-23.6840942" lon="133.6955211"></trkpt>
    <trkpt lat="-23.6840501" lon="133.6955076"></trkpt>
    <trkpt lat="-23.6840095" lon="133.6955231"></trkpt>
    <trkpt lat="-23.6839415" lon="133.6955304"></trkpt>
    <trkpt lat="-23.6839036" lon="133.6955006"></trkpt>
    <trkpt lat="-23.6835980" lon="133.6954552"></trkpt>
    <trkpt lat="-23.6835565" lon="133.6954983"></trkpt>
    <trkpt lat="-23.6833971" lon="133.6954273"></trkpt>
    <trkpt lat="-23.6831951" lon="133.6951407"></trkpt>
    <trkpt lat="-23.6831227" lon="133.6949372"></trkpt>
    <trkpt lat="-23.6828626" lon="133.6947964"></trkpt>
    <trkpt lat="-23.6827962" lon="133.6948332"></trkpt>
    <trkpt lat="-23.6827191" lon="133.6948019"></trkpt>
    <trkpt lat="-23.6826782" lon="133.6948104"></trkpt>
    <trkpt lat="-23.6824138" lon="133.6945961"></trkpt>
    <trkpt lat="-23.6822446" lon="133.6945623"></trkpt>
    <trkpt lat="-23.6821115" lon="133.6944577"></trkpt>
    <trkpt lat="-23.6820745" lon="133.6940742"></trkpt>
    <trkpt lat="-23.6821067" lon="133.6938774"></trkpt>
    <trkpt lat="-23.6820607" lon="133.6937962"></trkpt>
    <trkpt lat="-23.6819438" lon="133.6937086"></trkpt>
    <trkpt lat="-23.6818840" lon="133.6935057"></trkpt>
    <trkpt lat="-23.6815364" lon="133.6932666"></trkpt>
    <trkpt lat="-23.6816368" lon="133.6930965"></trkpt>
    <trkpt lat="-23.6816587" lon="133.6930436"></trkpt>
    <trkpt lat="-23.6816708" lon="133.6929941"></trkpt>
    <trkpt lat="-23.6816357" lon="133.6929606"></trkpt>
    <trkpt lat="-23.6815353" lon="133.6927776"></trkpt>
    <trkpt lat="-23.6815292" lon="133.6927409"></trkpt>
    <trkpt lat="-23.6814038" lon="133.6925722"></trkpt>
    <trkpt lat="-23.6812644" lon="133.6924599"></trkpt>
    <trkpt lat="-23.6810644" lon="133.6923810"></trkpt>
    <trkpt lat="-23.6808656" lon="133.6924567"></trkpt>
    <trkpt lat="-23.6808298" lon="133.6924489"></trkpt>
    <trkpt lat="-23.6808061" lon="133.6924155"></trkpt>
    <trkpt lat="-23.6808097" lon="133.6923499"></trkpt>
    <trkpt lat="-23.6808473" lon="133.6921731"></trkpt>
    <trkpt lat="-23.6808164" lon="133.6921457"></trkpt>
    <trkpt lat="-23.6806822" lon="133.6921106"></trkpt>
    <trkpt lat="-23.6804642" lon="133.6920613"></trkpt>
    <trkpt lat="-23.6801876" lon="133.6918546"></trkpt>
    <trkpt lat="-23.6801174" lon="133.6917568"></trkpt>
    <trkpt lat="-23.6801046" lon="133.6916100"></trkpt>
    <trkpt lat="-23.6800689" lon="133.6912867"></trkpt>
    <trkpt lat="-23.6800835" lon="133.6912129"></trkpt>
    <trkpt lat="-23.6800954" lon="133.6910074"></trkpt>
    <trkpt lat="-23.6801641" lon="133.6908446"></trkpt>
    <trkpt lat="-23.6801141" lon="133.6906746"></trkpt>
    <trkpt lat="-23.6800864" lon="133.6906670"></trkpt>
    <trkpt lat="-23.6799317" lon="133.6907269"></trkpt>
    <trkpt lat="-23.6799304" lon="133.6907036"></trkpt>
    <trkpt lat="-23.6800082" lon="133.6905363"></trkpt>
    <trkpt lat="-23.6800554" lon="133.6905248"></trkpt>
    <trkpt lat="-23.6800887" lon="133.6905425"></trkpt>
    <trkpt lat="-23.6801628" lon="133.6905415"></trkpt>
    <trkpt lat="-23.6802130" lon="133.6903027"></trkpt>
    <trkpt lat="-23.6801979" lon="133.6901440"></trkpt>
    <trkpt lat="-23.6801720" lon="133.6900727"></trkpt>
    <trkpt lat="-23.6800912" lon="133.6900800"></trkpt>
    <trkpt lat="-23.6800220" lon="133.6900235"></trkpt>
    <trkpt lat="-23.6799544" lon="133.6901328"></trkpt>
    <trkpt lat="-23.6799283" lon="133.6901496"></trkpt>
    <trkpt lat="-23.6798224" lon="133.6901443"></trkpt>
    <trkpt lat="-23.6797903" lon="133.6900756"></trkpt>
    <trkpt lat="-23.6796897" lon="133.6899797"></trkpt>
    <trkpt lat="-23.6796754" lon="133.6897597"></trkpt>
    <trkpt lat="-23.6796288" lon="133.6896839"></trkpt>
    <trkpt lat="-23.6795861" lon="133.6895018"></trkpt>
    <trkpt lat="-23.6796245" lon="133.6892920"></trkpt>
    <trkpt lat="-23.6796287" lon="133.6891832"></trkpt>
    <trkpt lat="-23.6797319" lon="133.6890326"></trkpt>
    <trkpt lat="-23.6797683" lon="133.6888629"></trkpt>
    <trkpt lat="-23.6797823" lon="133.6886913"></trkpt>
    <trkpt lat="-23.6797592" lon="133.6885566"></trkpt>
    <trkpt lat="-23.6797598" lon="133.6884016"></trkpt>
    <trkpt lat="-23.6798660" lon="133.6882677"></trkpt>
    <trkpt lat="-23.6798726" lon="133.6882466"></trkpt>
    <trkpt lat="-23.6800087" lon="133.6881370"></trkpt>
    <trkpt lat="-23.6800892" lon="133.6881098"></trkpt>
    <trkpt lat="-23.6801852" lon="133.6881250"></trkpt>
    <trkpt lat="-23.6802584" lon="133.6880920"></trkpt>
    <trkpt lat="-23.6804033" lon="133.6879640"></trkpt>
    <trkpt lat="-23.6804639" lon="133.6876976"></trkpt>
    <trkpt lat="-23.6805352" lon="133.6876198"></trkpt>
    <trkpt lat="-23.6806415" lon="133.6876204"></trkpt>
    <trkpt lat="-23.6807715" lon="133.6875376"></trkpt>
    <trkpt lat="-23.6808254" lon="133.6874291"></trkpt>
    <trkpt lat="-23.6809636" lon="133.6873812"></trkpt>
    <trkpt lat="-23.6812037" lon="133.6870159"></trkpt>
    <trkpt lat="-23.6812765" lon="133.6869988"></trkpt>
    <trkpt lat="-23.6813537" lon="133.6868767"></trkpt>
    <trkpt lat="-23.6811047" lon="133.6866668"></trkpt>
    <trkpt lat="-23.6810758" lon="133.6857777"></trkpt>
    <trkpt lat="-23.6811947" lon="133.6856763"></trkpt>
    <trkpt lat="-23.6813582" lon="133.6856761"></trkpt>
    <trkpt lat="-23.6814301" lon="133.6855404"></trkpt>
    <trkpt lat="-23.6814681" lon="133.6850367"></trkpt>
    <trkpt lat="-23.6814893" lon="133.6849770"></trkpt>
    <trkpt lat="-23.6815972" lon="133.6849052"></trkpt>
    <trkpt lat="-23.6816240" lon="133.6848565"></trkpt>
    <trkpt lat="-23.6818850" lon="133.6846276"></trkpt>
    <trkpt lat="-23.6819344" lon="133.6846144"></trkpt>
    <trkpt lat="-23.6820137" lon="133.6844709"></trkpt>
    <trkpt lat="-23.6820717" lon="133.6844633"></trkpt>
    <trkpt lat="-23.6821059" lon="133.6844259"></trkpt>
    <trkpt lat="-23.6821685" lon="133.6842098"></trkpt>
    <trkpt lat="-23.6821691" lon="133.6841878"></trkpt>
    <trkpt lat="-23.6822284" lon="133.6840541"></trkpt>
    <trkpt lat="-23.6822047" lon="133.6839267"></trkpt>
    <trkpt lat="-23.6821566" lon="133.6838492"></trkpt>
    <trkpt lat="-23.6823790" lon="133.6828489"></trkpt>
    <trkpt lat="-23.6823478" lon="133.6827982"></trkpt>
    <trkpt lat="-23.6823000" lon="133.6827883"></trkpt>
    <trkpt lat="-23.6822814" lon="133.6827380"></trkpt>
    <trkpt lat="-23.6823375" lon="133.6823957"></trkpt>
    <trkpt lat="-23.6824947" lon="133.6822887"></trkpt>
    <trkpt lat="-23.6826543" lon="133.6822283"></trkpt>
    <trkpt lat="-23.6826549" lon="133.6821420"></trkpt>
    <trkpt lat="-23.6826951" lon="133.6819777"></trkpt>
    <trkpt lat="-23.6826851" lon="133.6819333"></trkpt>
    <trkpt lat="-23.6826923" lon="133.6818468"></trkpt>
    <trkpt lat="-23.6827226" lon="133.6818307"></trkpt>
    <trkpt lat="-23.6827719" lon="133.6817130"></trkpt>
    <trkpt lat="-23.6828060" lon="133.6814722"></trkpt>
    <trkpt lat="-23.6828450" lon="133.6813582"></trkpt>
    <trkpt lat="-23.6830208" lon="133.6813456"></trkpt>
    <trkpt lat="-23.6831052" lon="133.6812866"></trkpt>
    <trkpt lat="-23.6831490" lon="133.6812274"></trkpt>
    <trkpt lat="-23.6832149" lon="133.6812452"></trkpt>
    <trkpt lat="-23.6833208" lon="133.6811316"></trkpt>
    <trkpt lat="-23.6833273" lon="133.6809615"></trkpt>
    <trkpt lat="-23.6833674" lon="133.6809101"></trkpt>
    <trkpt lat="-23.6836456" lon="133.6807873"></trkpt>
    <trkpt lat="-23.6836075" lon="133.6806760"></trkpt>
    <trkpt lat="-23.6835393" lon="133.6805011"></trkpt>
    <trkpt lat="-23.6836170" lon="133.6803603"></trkpt>
    <trkpt lat="-23.6836213" lon="133.6802442"></trkpt>
    <trkpt lat="-23.6835390" lon="133.6800200"></trkpt>
    <trkpt lat="-23.6834720" lon="133.6799856"></trkpt>
    <trkpt lat="-23.6834134" lon="133.6798730"></trkpt>
    <trkpt lat="-23.6835557" lon="133.6796912"></trkpt>
    <trkpt lat="-23.6835984" lon="133.6795061"></trkpt>
    <trkpt lat="-23.6836433" lon="133.6794405"></trkpt>
    <trkpt lat="-23.6835349" lon="133.6790472"></trkpt>
    <trkpt lat="-23.6837413" lon="133.6788595"></trkpt>
    <trkpt lat="-23.6838346" lon="133.6782265"></trkpt>
    <trkpt lat="-23.6837536" lon="133.6779580"></trkpt>
    <trkpt lat="-23.6837512" lon="133.6779541"></trkpt>
    <trkpt lat="-23.6837750" lon="133.6778997"></trkpt>
    <trkpt lat="-23.6837763" lon="133.6776964"></trkpt>
    <trkpt lat="-23.6837522" lon="133.6776478"></trkpt>
    <trkpt lat="-23.6837821" lon="133.6775089"></trkpt>
    <trkpt lat="-23.6836921" lon="133.6772716"></trkpt>
    <trkpt lat="-23.6832942" lon="133.6772931"></trkpt>
    <trkpt lat="-23.6831125" lon="133.6772501"></trkpt>
    <trkpt lat="-23.6830191" lon="133.6771107"></trkpt>
    <trkpt lat="-23.6829061" lon="133.6771858"></trkpt>
    <trkpt lat="-23.6825819" lon="133.6772394"></trkpt>
    <trkpt lat="-23.6824443" lon="133.6771750"></trkpt>
    <trkpt lat="-23.6822871" lon="133.6772180"></trkpt>
    <trkpt lat="-23.6822380" lon="133.6773145"></trkpt>
    <trkpt lat="-23.6820810" lon="133.6774025"></trkpt>
    <trkpt lat="-23.6815348" lon="133.6770834"></trkpt>
    <trkpt lat="-23.6812042" lon="133.6766579"></trkpt>
    <trkpt lat="-23.6810802" lon="133.6763290"></trkpt>
    <trkpt lat="-23.6810571" lon="133.6758214"></trkpt>
    <trkpt lat="-23.6812450" lon="133.6754385"></trkpt>
    <trkpt lat="-23.6812408" lon="133.6751148"></trkpt>
    <trkpt lat="-23.6813160" lon="133.6748869"></trkpt>
    <trkpt lat="-23.6812033" lon="133.6743763"></trkpt>
    <trkpt lat="-23.6811824" lon="133.6740480"></trkpt>
    <trkpt lat="-23.6810822" lon="133.6738520"></trkpt>
    <trkpt lat="-23.6812158" lon="133.6736423"></trkpt>
    <trkpt lat="-23.6812993" lon="133.6732981"></trkpt>
    <trkpt lat="-23.6814412" lon="133.6731408"></trkpt>
    <trkpt lat="-23.6816581" lon="133.6729467"></trkpt>
    <trkpt lat="-23.6817021" lon="133.6729434"></trkpt>
    <trkpt lat="-23.6817757" lon="133.6729910"></trkpt>
    <trkpt lat="-23.6817975" lon="133.6729942"></trkpt>
    <trkpt lat="-23.6818446" lon="133.6729586"></trkpt>
    <trkpt lat="-23.6818474" lon="133.6727398"></trkpt>
    <trkpt lat="-23.6818768" lon="133.6726163"></trkpt>
    <trkpt lat="-23.6817596" lon="133.6723629"></trkpt>
    <trkpt lat="-23.6817769" lon="133.6721031"></trkpt>
    <trkpt lat="-23.6817575" lon="133.6720674"></trkpt>
    <trkpt lat="-23.6817671" lon="133.6719392"></trkpt>
    <trkpt lat="-23.6817170" lon="133.6717767"></trkpt>
    <trkpt lat="-23.6816497" lon="133.6717166"></trkpt>
    <trkpt lat="-23.6816008" lon="133.6715429"></trkpt>
    <trkpt lat="-23.6814907" lon="133.6715050"></trkpt>
    <trkpt lat="-23.6814302" lon="133.6713366"></trkpt>
    <trkpt lat="-23.6813576" lon="133.6712322"></trkpt>
    <trkpt lat="-23.6811912" lon="133.6712022"></trkpt>
    <trkpt lat="-23.6811540" lon="133.6711264"></trkpt>
    <trkpt lat="-23.6811250" lon="133.6710274"></trkpt>
    <trkpt lat="-23.6811042" lon="133.6708868"></trkpt>
    <trkpt lat="-23.6811523" lon="133.6708194"></trkpt>
    <trkpt lat="-23.6810665" lon="133.6704475"></trkpt>
    <trkpt lat="-23.6810008" lon="133.6703872"></trkpt>
    <trkpt lat="-23.6808922" lon="133.6703051"></trkpt>
    <trkpt lat="-23.6809256" lon="133.6702231"></trkpt>
    <trkpt lat="-23.6809102" lon="133.6701598"></trkpt>
    <trkpt lat="-23.6809173" lon="133.6701364"></trkpt>
    <trkpt lat="-23.6808421" lon="133.6700635"></trkpt>
    <trkpt lat="-23.6808129" lon="133.6699404"></trkpt>
    <trkpt lat="-23.6807085" lon="133.6698310"></trkpt>
    <trkpt lat="-23.6806250" lon="133.6698310"></trkpt>
    <trkpt lat="-23.6804079" lon="133.6696577"></trkpt>
    <trkpt lat="-23.6802367" lon="133.6694845"></trkpt>
    <trkpt lat="-23.6802868" lon="133.6692019"></trkpt>
    <trkpt lat="-23.6802660" lon="133.6689192"></trkpt>
    <trkpt lat="-23.6804288" lon="133.6681898"></trkpt>
    <trkpt lat="-23.6804028" lon="133.6680699"></trkpt>
    <trkpt lat="-23.6803958" lon="133.6676071"></trkpt>
    <trkpt lat="-23.6803194" lon="133.6673567"></trkpt>
    <trkpt lat="-23.6804097" lon="133.6667422"></trkpt>
    <trkpt lat="-23.6803541" lon="133.6665374"></trkpt>
    <trkpt lat="-23.6803886" lon="133.6664329"></trkpt>
    <trkpt lat="-23.6803750" lon="133.6662188"></trkpt>
    <trkpt lat="-23.6802638" lon="133.6659988"></trkpt>
    <trkpt lat="-23.6802108" lon="133.6653541"></trkpt>
    <trkpt lat="-23.6803665" lon="133.6652150"></trkpt>
    <trkpt lat="-23.6803872" lon="133.6651833"></trkpt>
    <trkpt lat="-23.6804650" lon="133.6651766"></trkpt>
    <trkpt lat="-23.6806071" lon="133.6649978"></trkpt>
    <trkpt lat="-23.6806628" lon="133.6647704"></trkpt>
    <trkpt lat="-23.6806582" lon="133.6644722"></trkpt>
    <trkpt lat="-23.6806250" lon="133.6642760"></trkpt>
    <trkpt lat="-23.6806518" lon="133.6641524"></trkpt>
    <trkpt lat="-23.6806158" lon="133.6641384"></trkpt>
    <trkpt lat="-23.6805021" lon="133.6637688"></trkpt>
    <trkpt lat="-23.6805248" lon="133.6636234"></trkpt>
    <trkpt lat="-23.6805766" lon="133.6635159"></trkpt>
    <trkpt lat="-23.6805756" lon="133.6633638"></trkpt>
    <trkpt lat="-23.6805459" lon="133.6633284"></trkpt>
    <trkpt lat="-23.6804131" lon="133.6629382"></trkpt>
    <trkpt lat="-23.6804048" lon="133.6627658"></trkpt>
    <trkpt lat="-23.6803216" lon="133.6626628"></trkpt>
    <trkpt lat="-23.6803202" lon="133.6625511"></trkpt>
    <trkpt lat="-23.6802660" lon="133.6623311"></trkpt>
    <trkpt lat="-23.6802723" lon="133.6621915"></trkpt>
    <trkpt lat="-23.6802453" lon="133.6621453"></trkpt>
    <trkpt lat="-23.6802590" lon="133.6618992"></trkpt>
    <trkpt lat="-23.6802601" lon="133.6618857"></trkpt>
    <trkpt lat="-23.6802425" lon="133.6618214"></trkpt>
    <trkpt lat="-23.6801784" lon="133.6617800"></trkpt>
    <trkpt lat="-23.6799310" lon="133.6615009"></trkpt>
    <trkpt lat="-23.6798725" lon="133.6613662"></trkpt>
    <trkpt lat="-23.6798712" lon="133.6613631"></trkpt>
    <trkpt lat="-23.6798992" lon="133.6612406"></trkpt>
    <trkpt lat="-23.6799311" lon="133.6611014"></trkpt>
    <trkpt lat="-23.6799270" lon="133.6610549"></trkpt>
    <trkpt lat="-23.6798526" lon="133.6609101"></trkpt>
    <trkpt lat="-23.6798994" lon="133.6608792"></trkpt>
    <trkpt lat="-23.6800784" lon="133.6607949"></trkpt>
    <trkpt lat="-23.6801823" lon="133.6607991"></trkpt>
    <trkpt lat="-23.6802528" lon="133.6607885"></trkpt>
    <trkpt lat="-23.6803121" lon="133.6607482"></trkpt>
    <trkpt lat="-23.6803611" lon="133.6604038"></trkpt>
    <trkpt lat="-23.6803541" lon="133.6602445"></trkpt>
    <trkpt lat="-23.6804687" lon="133.6599357"></trkpt>
    <trkpt lat="-23.6805487" lon="133.6598234"></trkpt>
    <trkpt lat="-23.6806737" lon="133.6598082"></trkpt>
    <trkpt lat="-23.6806734" lon="133.6597783"></trkpt>
    <trkpt lat="-23.6807466" lon="133.6596198"></trkpt>
    <trkpt lat="-23.6808613" lon="133.6595048"></trkpt>
    <trkpt lat="-23.6807646" lon="133.6591149"></trkpt>
    <trkpt lat="-23.6807836" lon="133.6590267"></trkpt>
    <trkpt lat="-23.6808114" lon="133.6589727"></trkpt>
    <trkpt lat="-23.6806875" lon="133.6582239"></trkpt>
    <trkpt lat="-23.6807227" lon="133.6581549"></trkpt>
    <trkpt lat="-23.6807192" lon="133.6579650"></trkpt>
    <trkpt lat="-23.6806807" lon="133.6576461"></trkpt>
    <trkpt lat="-23.6805417" lon="133.6574413"></trkpt>
    <trkpt lat="-23.6804722" lon="133.6572668"></trkpt>
    <trkpt lat="-23.6804631" lon="133.6572137"></trkpt>
    <trkpt lat="-23.6804861" lon="133.6568875"></trkpt>
    <trkpt lat="-23.6803305" lon="133.6567909"></trkpt>
    <trkpt lat="-23.6804213" lon="133.6566553"></trkpt>
    <trkpt lat="-23.6804595" lon="133.6560396"></trkpt>
    <trkpt lat="-23.6805216" lon="133.6559300"></trkpt>
    <trkpt lat="-23.6805376" lon="133.6552065"></trkpt>
    <trkpt lat="-23.6806439" lon="133.6551631"></trkpt>
    <trkpt lat="-23.6807035" lon="133.6549214"></trkpt>
    <trkpt lat="-23.6806804" lon="133.6547435"></trkpt>
    <trkpt lat="-23.6807139" lon="133.6546421"></trkpt>
    <trkpt lat="-23.6806268" lon="133.6542968"></trkpt>
    <trkpt lat="-23.6807414" lon="133.6539316"></trkpt>
    <trkpt lat="-23.6808674" lon="133.6537809"></trkpt>
    <trkpt lat="-23.6809484" lon="133.6535046"></trkpt>
    <trkpt lat="-23.6810221" lon="133.6532928"></trkpt>
    <trkpt lat="-23.6810590" lon="133.6529012"></trkpt>
    <trkpt lat="-23.6811228" lon="133.6526356"></trkpt>
    <trkpt lat="-23.6810934" lon="133.6522628"></trkpt>
    <trkpt lat="-23.6810839" lon="133.6521961"></trkpt>
    <trkpt lat="-23.6811349" lon="133.6517982"></trkpt>
    <trkpt lat="-23.6810630" lon="133.6513549"></trkpt>
    <trkpt lat="-23.6810927" lon="133.6512649"></trkpt>
    <trkpt lat="-23.6810189" lon="133.6509000"></trkpt>
    <trkpt lat="-23.6810752" lon="133.6507639"></trkpt>
    <trkpt lat="-23.6812919" lon="133.6506827"></trkpt>
    <trkpt lat="-23.6813351" lon="133.6506064"></trkpt>
    <trkpt lat="-23.6814008" lon="133.6505079"></trkpt>
    <trkpt lat="-23.6815023" lon="133.6502584"></trkpt>
    <trkpt lat="-23.6814593" lon="133.6500692"></trkpt>
    <trkpt lat="-23.6814528" lon="133.6500567"></trkpt>
    <trkpt lat="-23.6813547" lon="133.6498777"></trkpt>
    <trkpt lat="-23.6813708" lon="133.6496433"></trkpt>
    <trkpt lat="-23.6815059" lon="133.6496663"></trkpt>
    <trkpt lat="-23.6817636" lon="133.6493882"></trkpt>
    <trkpt lat="-23.6818352" lon="133.6492587"></trkpt>
    <trkpt lat="-23.6818597" lon="133.6490924"></trkpt>
    <trkpt lat="-23.6817182" lon="133.6488760"></trkpt>
    <trkpt lat="-23.6814948" lon="133.6487993"></trkpt>
    <trkpt lat="-23.6814688" lon="133.6487540"></trkpt>
    <trkpt lat="-23.6815168" lon="133.6485834"></trkpt>
    <trkpt lat="-23.6813428" lon="133.6483740"></trkpt>
    <trkpt lat="-23.6812836" lon="133.6482646"></trkpt>
    <trkpt lat="-23.6812505" lon="133.6480227"></trkpt>
    <trkpt lat="-23.6811868" lon="133.6478014"></trkpt>
    <trkpt lat="-23.6811921" lon="133.6476109"></trkpt>
    <trkpt lat="-23.6810939" lon="133.6473595"></trkpt>
    <trkpt lat="-23.6810797" lon="133.6471317"></trkpt>
    <trkpt lat="-23.6811900" lon="133.6470815"></trkpt>
    <trkpt lat="-23.6813167" lon="133.6470855"></trkpt>
    <trkpt lat="-23.6815039" lon="133.6470447"></trkpt>
    <trkpt lat="-23.6816399" lon="133.6469855"></trkpt>
    <trkpt lat="-23.6819207" lon="133.6469830"></trkpt>
    <trkpt lat="-23.6819773" lon="133.6470089"></trkpt>
    <trkpt lat="-23.6820053" lon="133.6470641"></trkpt>
    <trkpt lat="-23.6820644" lon="133.6471127"></trkpt>
    <trkpt lat="-23.6821765" lon="133.6468198"></trkpt>
    <trkpt lat="-23.6823983" lon="133.6466108"></trkpt>
    <trkpt lat="-23.6825025" lon="133.6464083"></trkpt>
    <trkpt lat="-23.6825827" lon="133.6461292"></trkpt>
    <trkpt lat="-23.6828319" lon="133.6455599"></trkpt>
    <trkpt lat="-23.6828494" lon="133.6455109"></trkpt>
    <trkpt lat="-23.6828840" lon="133.6453293"></trkpt>
    <trkpt lat="-23.6829135" lon="133.6450745"></trkpt>
    <trkpt lat="-23.6829209" lon="133.6448465"></trkpt>
    <trkpt lat="-23.6829209" lon="133.6447177"></trkpt>
    <trkpt lat="-23.6828988" lon="133.6446695"></trkpt>
    <trkpt lat="-23.6828852" lon="133.6444812"></trkpt>
    <trkpt lat="-23.6829037" lon="133.6444495"></trkpt>
    <trkpt lat="-23.6829195" lon="133.6439295"></trkpt>
    <trkpt lat="-23.6829625" lon="133.6437721"></trkpt>
    <trkpt lat="-23.6828907" lon="133.6434933"></trkpt>
    <trkpt lat="-23.6829213" lon="133.6434411"></trkpt>
    <trkpt lat="-23.6829666" lon="133.6433599"></trkpt>
    <trkpt lat="-23.6828914" lon="133.6429341"></trkpt>
    <trkpt lat="-23.6828791" lon="133.6426846"></trkpt>
    <trkpt lat="-23.6830314" lon="133.6425881"></trkpt>
    <trkpt lat="-23.6832967" lon="133.6422045"></trkpt>
    <trkpt lat="-23.6833041" lon="133.6420543"></trkpt>
    <trkpt lat="-23.6833720" lon="133.6418251"></trkpt>
    <trkpt lat="-23.6833925" lon="133.6417753"></trkpt>
    <trkpt lat="-23.6833974" lon="133.6415366"></trkpt>
    <trkpt lat="-23.6834146" lon="133.6414159"></trkpt>
    <trkpt lat="-23.6833501" lon="133.6412892"></trkpt>
    <trkpt lat="-23.6832095" lon="133.6411303"></trkpt>
    <trkpt lat="-23.6831665" lon="133.6409560"></trkpt>
    <trkpt lat="-23.6830559" lon="133.6407756"></trkpt>
    <trkpt lat="-23.6830412" lon="133.6406341"></trkpt>
    <trkpt lat="-23.6828300" lon="133.6405576"></trkpt>
    <trkpt lat="-23.6826900" lon="133.6405094"></trkpt>
    <trkpt lat="-23.6824703" lon="133.6403930"></trkpt>
    <trkpt lat="-23.6824058" lon="133.6403520"></trkpt>
    <trkpt lat="-23.6823867" lon="133.6403029"></trkpt>
    <trkpt lat="-23.6823524" lon="133.6402379"></trkpt>
    <trkpt lat="-23.6822740" lon="133.6402104"></trkpt>
    <trkpt lat="-23.6822335" lon="133.6402713"></trkpt>
    <trkpt lat="-23.6821938" lon="133.6402679"></trkpt>
    <trkpt lat="-23.6821176" lon="133.6402599"></trkpt>
    <trkpt lat="-23.6819359" lon="133.6401821"></trkpt>
    <trkpt lat="-23.6818303" lon="133.6400292"></trkpt>
    <trkpt lat="-23.6817001" lon="133.6398442"></trkpt>
    <trkpt lat="-23.6815257" lon="133.6396644"></trkpt>
    <trkpt lat="-23.6815453" lon="133.6393882"></trkpt>
    <trkpt lat="-23.6815257" lon="133.6391843"></trkpt>
    <trkpt lat="-23.6814495" lon="133.6390529"></trkpt>
    <trkpt lat="-23.6812481" lon="133.6389188"></trkpt>
    <trkpt lat="-23.6810516" lon="133.6387284"></trkpt>
    <trkpt lat="-23.6810232" lon="133.6385658"></trkpt>
    <trkpt lat="-23.6810292" lon="133.6385422"></trkpt>
    <trkpt lat="-23.6809342" lon="133.6383836"></trkpt>
    <trkpt lat="-23.6808504" lon="133.6383195"></trkpt>
    <trkpt lat="-23.6807219" lon="133.6382890"></trkpt>
    <trkpt lat="-23.6805542" lon="133.6380266"></trkpt>
    <trkpt lat="-23.6804676" lon="133.6377947"></trkpt>
    <trkpt lat="-23.6803586" lon="133.6376940"></trkpt>
    <trkpt lat="-23.6800764" lon="133.6372485"></trkpt>
    <trkpt lat="-23.6798556" lon="133.6368976"></trkpt>
    <trkpt lat="-23.6797913" lon="133.6367633"></trkpt>
    <trkpt lat="-23.6796652" lon="133.6366913"></trkpt>
    <trkpt lat="-23.6796572" lon="133.6366443"></trkpt>
    <trkpt lat="-23.6796013" lon="133.6364735"></trkpt>
    <trkpt lat="-23.6794728" lon="133.6362599"></trkpt>
    <trkpt lat="-23.6793945" lon="133.6362019"></trkpt>
    <trkpt lat="-23.6792352" lon="133.6357015"></trkpt>
    <trkpt lat="-23.6790005" lon="133.6353933"></trkpt>
    <trkpt lat="-23.6786666" lon="133.6351788"></trkpt>
    <trkpt lat="-23.6786189" lon="133.6349980"></trkpt>
    <trkpt lat="-23.6785263" lon="133.6349184"></trkpt>
    <trkpt lat="-23.6784618" lon="133.6347652"></trkpt>
    <trkpt lat="-23.6783913" lon="133.6347051"></trkpt>
    <trkpt lat="-23.6783720" lon="133.6346702"></trkpt>
    <trkpt lat="-23.6781531" lon="133.6346702"></trkpt>
    <trkpt lat="-23.6781242" lon="133.6347005"></trkpt>
    <trkpt lat="-23.6780942" lon="133.6347100"></trkpt>
    <trkpt lat="-23.6780605" lon="133.6347866"></trkpt>
    <trkpt lat="-23.6780016" lon="133.6347529"></trkpt>
    <trkpt lat="-23.6777546" lon="133.6348724"></trkpt>
    <trkpt lat="-23.6776489" lon="133.6348984"></trkpt>
    <trkpt lat="-23.6774593" lon="133.6348248"></trkpt>
    <trkpt lat="-23.6772895" lon="133.6350771"></trkpt>
    <trkpt lat="-23.6771155" lon="133.6350281"></trkpt>
    <trkpt lat="-23.6770498" lon="133.6349567"></trkpt>
    <trkpt lat="-23.6769725" lon="133.6349785"></trkpt>
    <trkpt lat="-23.6768391" lon="133.6349435"></trkpt>
    <trkpt lat="-23.6767941" lon="133.6349401"></trkpt>
    <trkpt lat="-23.6767900" lon="133.6349427"></trkpt>
    <trkpt lat="-23.6765878" lon="133.6350812"></trkpt>
    <trkpt lat="-23.6763341" lon="133.6353524"></trkpt>
    <trkpt lat="-23.6762723" lon="133.6356699"></trkpt>
    <trkpt lat="-23.6761135" lon="133.6357374"></trkpt>
    <trkpt lat="-23.6759796" lon="133.6357190"></trkpt>
    <trkpt lat="-23.6758862" lon="133.6355019"></trkpt>
    <trkpt lat="-23.6757021" lon="133.6353913"></trkpt>
    <trkpt lat="-23.6753961" lon="133.6350676"></trkpt>
    <trkpt lat="-23.6754477" lon="133.6348026"></trkpt>
    <trkpt lat="-23.6755626" lon="133.6346031"></trkpt>
    <trkpt lat="-23.6757297" lon="133.6344248"></trkpt>
    <trkpt lat="-23.6759779" lon="133.6342537"></trkpt>
    <trkpt lat="-23.6761977" lon="133.6341316"></trkpt>
    <trkpt lat="-23.6762082" lon="133.6340017"></trkpt>
    <trkpt lat="-23.6762091" lon="133.6338766"></trkpt>
    <trkpt lat="-23.6761477" lon="133.6336435"></trkpt>
    <trkpt lat="-23.6760569" lon="133.6334190"></trkpt>
    <trkpt lat="-23.6758273" lon="133.6332704"></trkpt>
    <trkpt lat="-23.6757392" lon="133.6332266"></trkpt>
    <trkpt lat="-23.6754990" lon="133.6329643"></trkpt>
    <trkpt lat="-23.6751760" lon="133.6326233"></trkpt>
    <trkpt lat="-23.6751323" lon="133.6325756"></trkpt>
    <trkpt lat="-23.6748680" lon="133.6325489"></trkpt>
    <trkpt lat="-23.6743274" lon="133.6324614"></trkpt>
    <trkpt lat="-23.6741236" lon="133.6323998"></trkpt>
    <trkpt lat="-23.6740298" lon="133.6323518"></trkpt>
    <trkpt lat="-23.6738781" lon="133.6323981"></trkpt>
    <trkpt lat="-23.6738745" lon="133.6323979"></trkpt>
    <trkpt lat="-23.6734939" lon="133.6323533"></trkpt>
    <trkpt lat="-23.6733878" lon="133.6324708"></trkpt>
    <trkpt lat="-23.6733049" lon="133.6324941"></trkpt>
    <trkpt lat="-23.6729573" lon="133.6320072"></trkpt>
    <trkpt lat="-23.6728139" lon="133.6317788"></trkpt>
    <trkpt lat="-23.6726173" lon="133.6316744"></trkpt>
    <trkpt lat="-23.6721130" lon="133.6316456"></trkpt>
    <trkpt lat="-23.6718926" lon="133.6315367"></trkpt>
    <trkpt lat="-23.6718452" lon="133.6314477"></trkpt>
    <trkpt lat="-23.6717031" lon="133.6312548"></trkpt>
    <trkpt lat="-23.6716653" lon="133.6311739"></trkpt>
    <trkpt lat="-23.6715781" lon="133.6309626"></trkpt>
    <trkpt lat="-23.6715617" lon="133.6308763"></trkpt>
    <trkpt lat="-23.6715545" lon="133.6307873"></trkpt>
    <trkpt lat="-23.6715471" lon="133.6306961"></trkpt>
    <trkpt lat="-23.6715643" lon="133.6305957"></trkpt>
    <trkpt lat="-23.6716393" lon="133.6305198"></trkpt>
    <trkpt lat="-23.6713925" lon="133.6303292"></trkpt>
    <trkpt lat="-23.6710007" lon="133.6300731"></trkpt>
    <trkpt lat="-23.6708999" lon="133.6299830"></trkpt>
    <trkpt lat="-23.6708819" lon="133.6297351"></trkpt>
    <trkpt lat="-23.6707792" lon="133.6297103"></trkpt>
    <trkpt lat="-23.6705860" lon="133.6295841"></trkpt>
    <trkpt lat="-23.6705505" lon="133.6294111"></trkpt>
    <trkpt lat="-23.6705206" lon="133.6289422"></trkpt>
    <trkpt lat="-23.6705742" lon="133.6287147"></trkpt>
    <trkpt lat="-23.6704415" lon="133.6285639"></trkpt>
    <trkpt lat="-23.6703477" lon="133.6285226"></trkpt>
    <trkpt lat="-23.6700490" lon="133.6283288"></trkpt>
    <trkpt lat="-23.6699917" lon="133.6281472"></trkpt>
    <trkpt lat="-23.6699590" lon="133.6277901"></trkpt>
    <trkpt lat="-23.6699699" lon="133.6277187"></trkpt>
    <trkpt lat="-23.6699536" lon="133.6275698"></trkpt>
    <trkpt lat="-23.6698718" lon="133.6274448"></trkpt>
    <trkpt lat="-23.6698445" lon="133.6272633"></trkpt>
    <trkpt lat="-23.6698146" lon="133.6271532"></trkpt>
    <trkpt lat="-23.6698282" lon="133.6268675"></trkpt>
    <trkpt lat="-23.6698091" lon="133.6267157"></trkpt>
    <trkpt lat="-23.6697740" lon="133.6266470"></trkpt>
    <trkpt lat="-23.6696401" lon="133.6264240"></trkpt>
    <trkpt lat="-23.6695856" lon="133.6262395"></trkpt>
    <trkpt lat="-23.6695338" lon="133.6260372"></trkpt>
    <trkpt lat="-23.6695311" lon="133.6259151"></trkpt>
    <trkpt lat="-23.6695038" lon="133.6257574"></trkpt>
    <trkpt lat="-23.6693960" lon="133.6254994"></trkpt>
    <trkpt lat="-23.6691604" lon="133.6248616"></trkpt>
    <trkpt lat="-23.6690159" lon="133.6246324"></trkpt>
    <trkpt lat="-23.6689287" lon="133.6241979"></trkpt>
    <trkpt lat="-23.6688496" lon="133.6240223"></trkpt>
    <trkpt lat="-23.6686152" lon="133.6234718"></trkpt>
    <trkpt lat="-23.6683696" lon="133.6232036"></trkpt>
    <trkpt lat="-23.6682971" lon="133.6231610"></trkpt>
    <trkpt lat="-23.6678535" lon="133.6228329"></trkpt>
    <trkpt lat="-23.6675846" lon="133.6224622"></trkpt>
    <trkpt lat="-23.6673215" lon="133.6221470"></trkpt>
    <trkpt lat="-23.6672139" lon="133.6218504"></trkpt>
    <trkpt lat="-23.6671828" lon="133.6215322"></trkpt>
    <trkpt lat="-23.6671820" lon="133.6215148"></trkpt>
    <trkpt lat="-23.6671460" lon="133.6214426"></trkpt>
    <trkpt lat="-23.6670235" lon="133.6211959"></trkpt>
    <trkpt lat="-23.6670309" lon="133.6211551"></trkpt>
    <trkpt lat="-23.6673314" lon="133.6209166"></trkpt>
    <trkpt lat="-23.6677525" lon="133.6206946"></trkpt>
    <trkpt lat="-23.6678476" lon="133.6204983"></trkpt>
    <trkpt lat="-23.6678599" lon="133.6203125"></trkpt>
    <trkpt lat="-23.6679913" lon="133.6200810"></trkpt>
    <trkpt lat="-23.6680073" lon="133.6199500"></trkpt>
    <trkpt lat="-23.6679960" lon="133.6198899"></trkpt>
    <trkpt lat="-23.6679092" lon="133.6196839"></trkpt>
    <trkpt lat="-23.6675798" lon="133.6196922"></trkpt>
    <trkpt lat="-23.6673985" lon="133.6195465"></trkpt>
    <trkpt lat="-23.6673353" lon="133.6193810"></trkpt>
    <trkpt lat="-23.6673396" lon="133.6193543"></trkpt>
    <trkpt lat="-23.6673624" lon="133.6192421"></trkpt>
    <trkpt lat="-23.6673858" lon="133.6191082"></trkpt>
    <trkpt lat="-23.6673974" lon="133.6189032"></trkpt>
    <trkpt lat="-23.6676603" lon="133.6186824"></trkpt>
    <trkpt lat="-23.6679160" lon="133.6183093"></trkpt>
    <trkpt lat="-23.6679521" lon="133.6182912"></trkpt>
    <trkpt lat="-23.6681601" lon="133.6182313"></trkpt>
    <trkpt lat="-23.6682699" lon="133.6180956"></trkpt>
    <trkpt lat="-23.6682324" lon="133.6179505"></trkpt>
    <trkpt lat="-23.6681688" lon="133.6174837"></trkpt>
    <trkpt lat="-23.6678510" lon="133.6168559"></trkpt>
    <trkpt lat="-23.6675910" lon="133.6167802"></trkpt>
    <trkpt lat="-23.6674638" lon="133.6167360"></trkpt>
    <trkpt lat="-23.6673801" lon="133.6166509"></trkpt>
    <trkpt lat="-23.6672847" lon="133.6166761"></trkpt>
    <trkpt lat="-23.6668369" lon="133.6163323"></trkpt>
    <trkpt lat="-23.6666318" lon="133.6161840"></trkpt>
    <trkpt lat="-23.6665479" lon="133.6161521"></trkpt>
    <trkpt lat="-23.6665323" lon="133.6161521"></trkpt>
    <trkpt lat="-23.6664357" lon="133.6160019"></trkpt>
    <trkpt lat="-23.6663280" lon="133.6158531"></trkpt>
    <trkpt lat="-23.6663187" lon="133.6157847"></trkpt>
    <trkpt lat="-23.6657249" lon="133.6156538"></trkpt>
    <trkpt lat="-23.6653358" lon="133.6155963"></trkpt>
    <trkpt lat="-23.6650052" lon="133.6154621"></trkpt>
    <trkpt lat="-23.6649755" lon="133.6154521"></trkpt>
    <trkpt lat="-23.6648296" lon="133.6153919"></trkpt>
    <trkpt lat="-23.6647565" lon="133.6152992"></trkpt>
    <trkpt lat="-23.6645078" lon="133.6152737"></trkpt>
    <trkpt lat="-23.6643264" lon="133.6152034"></trkpt>
    <trkpt lat="-23.6642065" lon="133.6151299"></trkpt>
    <trkpt lat="-23.6641246" lon="133.6149830"></trkpt>
    <trkpt lat="-23.6638701" lon="133.6148201"></trkpt>
    <trkpt lat="-23.6637969" lon="133.6147371"></trkpt>
    <trkpt lat="-23.6637560" lon="133.6146093"></trkpt>
    <trkpt lat="-23.6635570" lon="133.6143761"></trkpt>
    <trkpt lat="-23.6636243" lon="133.6141206"></trkpt>
    <trkpt lat="-23.6636741" lon="133.6139609"></trkpt>
    <trkpt lat="-23.6636799" lon="133.6136542"></trkpt>
    <trkpt lat="-23.6637384" lon="133.6133508"></trkpt>
    <trkpt lat="-23.6636477" lon="133.6129707"></trkpt>
    <trkpt lat="-23.6636119" lon="133.6129662"></trkpt>
    <trkpt lat="-23.6634274" lon="133.6127718"></trkpt>
    <trkpt lat="-23.6633510" lon="133.6125858"></trkpt>
    <trkpt lat="-23.6633093" lon="133.6124691"></trkpt>
    <trkpt lat="-23.6633451" lon="133.6122811"></trkpt>
    <trkpt lat="-23.6633745" lon="133.6121785"></trkpt>
    <trkpt lat="-23.6633111" lon="133.6121230"></trkpt>
    <trkpt lat="-23.6632771" lon="133.6120080"></trkpt>
    <trkpt lat="-23.6632041" lon="133.6117615"></trkpt>
    <trkpt lat="-23.6632083" lon="133.6117056"></trkpt>
    <trkpt lat="-23.6629721" lon="133.6112643"></trkpt>
    <trkpt lat="-23.6627693" lon="133.6109276"></trkpt>
    <trkpt lat="-23.6627312" lon="133.6106132"></trkpt>
    <trkpt lat="-23.6627232" lon="133.6105032"></trkpt>
    <trkpt lat="-23.6627282" lon="133.6104849"></trkpt>
    <trkpt lat="-23.6624785" lon="133.6096927"></trkpt>
    <trkpt lat="-23.6624021" lon="133.6093784"></trkpt>
    <trkpt lat="-23.6622670" lon="133.6089518"></trkpt>
    <trkpt lat="-23.6622526" lon="133.6087240"></trkpt>
    <trkpt lat="-23.6622288" lon="133.6085829"></trkpt>
    <trkpt lat="-23.6622882" lon="133.6081840"></trkpt>
    <trkpt lat="-23.6622875" lon="133.6081467"></trkpt>
    <trkpt lat="-23.6624932" lon="133.6076881"></trkpt>
    <trkpt lat="-23.6625461" lon="133.6071620"></trkpt>
    <trkpt lat="-23.6625872" lon="133.6069568"></trkpt>
    <trkpt lat="-23.6625340" lon="133.6064535"></trkpt>
    <trkpt lat="-23.6625983" lon="133.6063371"></trkpt>
    <trkpt lat="-23.6625953" lon="133.6062463"></trkpt>
    <trkpt lat="-23.6626095" lon="133.6062063"></trkpt>
    <trkpt lat="-23.6626375" lon="133.6061777"></trkpt>
    <trkpt lat="-23.6626832" lon="133.6060869"></trkpt>
    <trkpt lat="-23.6628118" lon="133.6058313"></trkpt>
    <trkpt lat="-23.6628260" lon="133.6057810"></trkpt>
    <trkpt lat="-23.6626483" lon="133.6049826"></trkpt>
    <trkpt lat="-23.6626846" lon="133.6047151"></trkpt>
    <trkpt lat="-23.6627856" lon="133.6045016"></trkpt>
    <trkpt lat="-23.6629088" lon="133.6042973"></trkpt>
    <trkpt lat="-23.6629238" lon="133.6042276"></trkpt>
    <trkpt lat="-23.6629712" lon="133.6040924"></trkpt>
    <trkpt lat="-23.6629445" lon="133.6040166"></trkpt>
    <trkpt lat="-23.6629230" lon="133.6039233"></trkpt>
    <trkpt lat="-23.6629125" lon="133.6038368"></trkpt>
    <trkpt lat="-23.6628829" lon="133.6037855"></trkpt>
    <trkpt lat="-23.6628975" lon="133.6037205"></trkpt>
    <trkpt lat="-23.6628693" lon="133.6036770"></trkpt>
    <trkpt lat="-23.6628318" lon="133.6035197"></trkpt>
    <trkpt lat="-23.6628288" lon="133.6035058"></trkpt>
    <trkpt lat="-23.6628355" lon="133.6032858"></trkpt>
    <trkpt lat="-23.6628162" lon="133.6031833"></trkpt>
    <trkpt lat="-23.6629047" lon="133.6029787"></trkpt>
    <trkpt lat="-23.6629670" lon="133.6028798"></trkpt>
    <trkpt lat="-23.6629544" lon="133.6026510"></trkpt>
    <trkpt lat="-23.6629253" lon="133.6025237"></trkpt>
    <trkpt lat="-23.6628214" lon="133.6023533"></trkpt>
    <trkpt lat="-23.6627714" lon="133.6022474"></trkpt>
    <trkpt lat="-23.6627161" lon="133.6020337"></trkpt>
    <trkpt lat="-23.6626663" lon="133.6018872"></trkpt>
    <trkpt lat="-23.6626803" lon="133.6016605"></trkpt>
    <trkpt lat="-23.6626516" lon="133.6014310"></trkpt>
    <trkpt lat="-23.6626493" lon="133.6013165"></trkpt>
    <trkpt lat="-23.6626513" lon="133.6012073"></trkpt>
    <trkpt lat="-23.6626845" lon="133.6010066"></trkpt>
    <trkpt lat="-23.6626824" lon="133.6008269"></trkpt>
    <trkpt lat="-23.6626730" lon="133.6007752"></trkpt>
    <trkpt lat="-23.6626670" lon="133.6006223"></trkpt>
    <trkpt lat="-23.6626691" lon="133.6005978"></trkpt>
    <trkpt lat="-23.6626537" lon="133.6003787"></trkpt>
    <trkpt lat="-23.6626478" lon="133.6003515"></trkpt>
    <trkpt lat="-23.6627000" lon="133.6002135"></trkpt>
    <trkpt lat="-23.6626299" lon="133.6000751"></trkpt>
    <trkpt lat="-23.6625560" lon="133.5999110"></trkpt>
    <trkpt lat="-23.6624425" lon="133.5997091"></trkpt>
    <trkpt lat="-23.6623865" lon="133.5995482"></trkpt>
    <trkpt lat="-23.6623530" lon="133.5995037"></trkpt>
    <trkpt lat="-23.6621487" lon="133.5992422"></trkpt>
    <trkpt lat="-23.6619834" lon="133.5990078"></trkpt>
    <trkpt lat="-23.6619168" lon="133.5988717"></trkpt>
    <trkpt lat="-23.6619028" lon="133.5986438"></trkpt>
    <trkpt lat="-23.6618573" lon="133.5984037"></trkpt>
    <trkpt lat="-23.6618191" lon="133.5980706"></trkpt>
    <trkpt lat="-23.6618121" lon="133.5980446"></trkpt>
    <trkpt lat="-23.6618699" lon="133.5977723"></trkpt>
    <trkpt lat="-23.6618760" lon="133.5977530"></trkpt>
    <trkpt lat="-23.6618783" lon="133.5977444"></trkpt>
    <trkpt lat="-23.6618962" lon="133.5977196"></trkpt>
    <trkpt lat="-23.6619246" lon="133.5976635"></trkpt>
    <trkpt lat="-23.6619531" lon="133.5976074"></trkpt>
    <trkpt lat="-23.6619883" lon="133.5975639"></trkpt>
    <trkpt lat="-23.6620615" lon="133.5975322"></trkpt>
    <trkpt lat="-23.6621679" lon="133.5974263"></trkpt>
    <trkpt lat="-23.6621786" lon="133.5974121"></trkpt>
    <trkpt lat="-23.6622030" lon="133.5973800"></trkpt>
    <trkpt lat="-23.6621970" lon="133.5971731"></trkpt>
    <trkpt lat="-23.6620975" lon="133.5969743"></trkpt>
    <trkpt lat="-23.6619687" lon="133.5967483"></trkpt>
    <trkpt lat="-23.6619105" lon="133.5966607"></trkpt>
    <trkpt lat="-23.6618401" lon="133.5965261"></trkpt>
    <trkpt lat="-23.6617217" lon="133.5963284"></trkpt>
    <trkpt lat="-23.6616668" lon="133.5960030"></trkpt>
    <trkpt lat="-23.6615204" lon="133.5958440"></trkpt>
    <trkpt lat="-23.6614247" lon="133.5956658"></trkpt>
    <trkpt lat="-23.6613831" lon="133.5955832"></trkpt>
    <trkpt lat="-23.6612976" lon="133.5953660"></trkpt>
    <trkpt lat="-23.6611715" lon="133.5950983"></trkpt>
    <trkpt lat="-23.6610111" lon="133.5949021"></trkpt>
    <trkpt lat="-23.6608118" lon="133.5947526"></trkpt>
    <trkpt lat="-23.6607897" lon="133.5945932"></trkpt>
    <trkpt lat="-23.6607670" lon="133.5944502"></trkpt>
    <trkpt lat="-23.6607572" lon="133.5944274"></trkpt>
    <trkpt lat="-23.6607029" lon="133.5942314"></trkpt>
    <trkpt lat="-23.6604766" lon="133.5938758"></trkpt>
    <trkpt lat="-23.6602661" lon="133.5936536"></trkpt>
    <trkpt lat="-23.6600108" lon="133.5932667"></trkpt>
    <trkpt lat="-23.6599939" lon="133.5932539"></trkpt>
    <trkpt lat="-23.6599069" lon="133.5931882"></trkpt>
    <trkpt lat="-23.6596192" lon="133.5929692"></trkpt>
    <trkpt lat="-23.6595415" lon="133.5928453"></trkpt>
    <trkpt lat="-23.6594658" lon="133.5928128"></trkpt>
    <trkpt lat="-23.6594504" lon="133.5928011"></trkpt>
    <trkpt lat="-23.6592203" lon="133.5926223"></trkpt>
    <trkpt lat="-23.6590424" lon="133.5925302"></trkpt>
    <trkpt lat="-23.6589362" lon="133.5925107"></trkpt>
    <trkpt lat="-23.6589250" lon="133.5925038"></trkpt>
    <trkpt lat="-23.6587236" lon="133.5924583"></trkpt>
    <trkpt lat="-23.6585180" lon="133.5923979"></trkpt>
    <trkpt lat="-23.6584182" lon="133.5923493"></trkpt>
    <trkpt lat="-23.6581531" lon="133.5922985"></trkpt>
    <trkpt lat="-23.6581100" lon="133.5922744"></trkpt>
    <trkpt lat="-23.6581338" lon="133.5922430"></trkpt>
    <trkpt lat="-23.6581815" lon="133.5922484"></trkpt>
    <trkpt lat="-23.6581860" lon="133.5922335"></trkpt>
    <trkpt lat="-23.6581653" lon="133.5922143"></trkpt>
    <trkpt lat="-23.6580557" lon="133.5922216"></trkpt>
    <trkpt lat="-23.6578697" lon="133.5920472"></trkpt>
    <trkpt lat="-23.6577934" lon="133.5920400"></trkpt>
    <trkpt lat="-23.6577104" lon="133.5919570"></trkpt>
    <trkpt lat="-23.6576084" lon="133.5918763"></trkpt>
    <trkpt lat="-23.6575468" lon="133.5918151"></trkpt>
    <trkpt lat="-23.6575328" lon="133.5917964"></trkpt>
    <trkpt lat="-23.6575044" lon="133.5917749"></trkpt>
    <trkpt lat="-23.6574978" lon="133.5916931"></trkpt>
    <trkpt lat="-23.6574288" lon="133.5916113"></trkpt>
    <trkpt lat="-23.6572792" lon="133.5915585"></trkpt>
    <trkpt lat="-23.6572761" lon="133.5915337"></trkpt>
    <trkpt lat="-23.6571962" lon="133.5914756"></trkpt>
    <trkpt lat="-23.6571132" lon="133.5914488"></trkpt>
    <trkpt lat="-23.6571132" lon="133.5914434"></trkpt>
    <trkpt lat="-23.6571072" lon="133.5914308"></trkpt>
    <trkpt lat="-23.6570827" lon="133.5914282"></trkpt>
    <trkpt lat="-23.6570768" lon="133.5914534"></trkpt>
    <trkpt lat="-23.6570305" lon="133.5914626"></trkpt>
    <trkpt lat="-23.6570116" lon="133.5914970"></trkpt>
    <trkpt lat="-23.6569967" lon="133.5915919"></trkpt>
    <trkpt lat="-23.6569832" lon="133.5916775"></trkpt>
    <trkpt lat="-23.6569535" lon="133.5917933"></trkpt>
    <trkpt lat="-23.6569284" lon="133.5918153"></trkpt>
    <trkpt lat="-23.6568865" lon="133.5918090"></trkpt>
    <trkpt lat="-23.6568204" lon="133.5917991"></trkpt>
    <trkpt lat="-23.6566866" lon="133.5917570"></trkpt>
    <trkpt lat="-23.6566113" lon="133.5916522"></trkpt>
    <trkpt lat="-23.6566123" lon="133.5916311"></trkpt>
    <trkpt lat="-23.6566067" lon="133.5915291"></trkpt>
    <trkpt lat="-23.6566015" lon="133.5915115"></trkpt>
    <trkpt lat="-23.6566032" lon="133.5913605"></trkpt>
    <trkpt lat="-23.6565871" lon="133.5913131"></trkpt>
    <trkpt lat="-23.6565104" lon="133.5911475"></trkpt>
    <trkpt lat="-23.6564155" lon="133.5910913"></trkpt>
    <trkpt lat="-23.6564134" lon="133.5910664"></trkpt>
    <trkpt lat="-23.6563980" lon="133.5910198"></trkpt>
    <trkpt lat="-23.6563783" lon="133.5909619"></trkpt>
    <trkpt lat="-23.6563475" lon="133.5909142"></trkpt>
    <trkpt lat="-23.6562582" lon="133.5908224"></trkpt>
    <trkpt lat="-23.6561857" lon="133.5907574"></trkpt>
    <trkpt lat="-23.6560915" lon="133.5907135"></trkpt>
    <trkpt lat="-23.6560568" lon="133.5906779"></trkpt>
    <trkpt lat="-23.6560046" lon="133.5906519"></trkpt>
    <trkpt lat="-23.6559307" lon="133.5905938"></trkpt>
    <trkpt lat="-23.6559054" lon="133.5905515"></trkpt>
    <trkpt lat="-23.6558470" lon="133.5904297"></trkpt>
    <trkpt lat="-23.6557335" lon="133.5902542"></trkpt>
    <trkpt lat="-23.6556661" lon="133.5901427"></trkpt>
    <trkpt lat="-23.6556607" lon="133.5901273"></trkpt>
    <trkpt lat="-23.6555426" lon="133.5900527"></trkpt>
    <trkpt lat="-23.6554537" lon="133.5900217"></trkpt>
    <trkpt lat="-23.6553605" lon="133.5899716"></trkpt>
    <trkpt lat="-23.6552670" lon="133.5899368"></trkpt>
    <trkpt lat="-23.6551581" lon="133.5897862"></trkpt>
    <trkpt lat="-23.6550817" lon="133.5897877"></trkpt>
    <trkpt lat="-23.6549431" lon="133.5897688"></trkpt>
    <trkpt lat="-23.6549297" lon="133.5897617"></trkpt>
    <trkpt lat="-23.6549206" lon="133.5896730"></trkpt>
    <trkpt lat="-23.6548257" lon="133.5895262"></trkpt>
    <trkpt lat="-23.6548068" lon="133.5893485"></trkpt>
    <trkpt lat="-23.6547604" lon="133.5891989"></trkpt>
    <trkpt lat="-23.6546600" lon="133.5889893"></trkpt>
    <trkpt lat="-23.6545972" lon="133.5888094"></trkpt>
    <trkpt lat="-23.6544696" lon="133.5886126"></trkpt>
    <trkpt lat="-23.6544267" lon="133.5885094"></trkpt>
    <trkpt lat="-23.6542778" lon="133.5883296"></trkpt>
    <trkpt lat="-23.6541239" lon="133.5881682"></trkpt>
    <trkpt lat="-23.6540387" lon="133.5879709"></trkpt>
    <trkpt lat="-23.6538684" lon="133.5878895"></trkpt>
    <trkpt lat="-23.6538095" lon="133.5877518"></trkpt>
    <trkpt lat="-23.6537115" lon="133.5876229"></trkpt>
    <trkpt lat="-23.6537022" lon="133.5876179"></trkpt>
    <trkpt lat="-23.6535208" lon="133.5874025"></trkpt>
    <trkpt lat="-23.6534338" lon="133.5872268"></trkpt>
    <trkpt lat="-23.6533332" lon="133.5869733"></trkpt>
    <trkpt lat="-23.6532590" lon="133.5867268"></trkpt>
    <trkpt lat="-23.6531353" lon="133.5861697"></trkpt>
    <trkpt lat="-23.6531278" lon="133.5861490"></trkpt>
    <trkpt lat="-23.6531152" lon="133.5860972"></trkpt>
    <trkpt lat="-23.6530893" lon="133.5858893"></trkpt>
    <trkpt lat="-23.6530514" lon="133.5856963"></trkpt>
    <trkpt lat="-23.6530332" lon="133.5855016"></trkpt>
    <trkpt lat="-23.6529215" lon="133.5849189"></trkpt>
    <trkpt lat="-23.6530023" lon="133.5847895"></trkpt>
    <trkpt lat="-23.6529863" lon="133.5846583"></trkpt>
    <trkpt lat="-23.6529771" lon="133.5844966"></trkpt>
    <trkpt lat="-23.6529529" lon="133.5843594"></trkpt>
    <trkpt lat="-23.6529216" lon="133.5842330"></trkpt>
    <trkpt lat="-23.6529172" lon="133.5842203"></trkpt>
    <trkpt lat="-23.6528892" lon="133.5840159"></trkpt>
    <trkpt lat="-23.6528304" lon="133.5837198"></trkpt>
    <trkpt lat="-23.6528305" lon="133.5836871"></trkpt>
    <trkpt lat="-23.6527549" lon="133.5834118"></trkpt>
    <trkpt lat="-23.6527353" lon="133.5831915"></trkpt>
    <trkpt lat="-23.6526762" lon="133.5830022"></trkpt>
    <trkpt lat="-23.6526188" lon="133.5827448"></trkpt>
    <trkpt lat="-23.6524246" lon="133.5822267"></trkpt>
    <trkpt lat="-23.6523097" lon="133.5819475"></trkpt>
    <trkpt lat="-23.6521637" lon="133.5817362"></trkpt>
    <trkpt lat="-23.6520760" lon="133.5815409"></trkpt>
    <trkpt lat="-23.6519480" lon="133.5814126"></trkpt>
    <trkpt lat="-23.6518913" lon="133.5813077"></trkpt>
    <trkpt lat="-23.6518463" lon="133.5812126"></trkpt>
    <trkpt lat="-23.6518181" lon="133.5810790"></trkpt>
    <trkpt lat="-23.6518218" lon="133.5810103"></trkpt>
    <trkpt lat="-23.6518167" lon="133.5809363"></trkpt>
    <trkpt lat="-23.6517850" lon="133.5806852"></trkpt>
    <trkpt lat="-23.6518499" lon="133.5804955"></trkpt>
    <trkpt lat="-23.6518355" lon="133.5802782"></trkpt>
    <trkpt lat="-23.6517944" lon="133.5800744"></trkpt>
    <trkpt lat="-23.6517728" lon="133.5800476"></trkpt>
    <trkpt lat="-23.6517684" lon="133.5800145"></trkpt>
    <trkpt lat="-23.6518304" lon="133.5798469"></trkpt>
    <trkpt lat="-23.6518679" lon="133.5796973"></trkpt>
    <trkpt lat="-23.6518319" lon="133.5795524"></trkpt>
    <trkpt lat="-23.6518723" lon="133.5794037"></trkpt>
    <trkpt lat="-23.6518953" lon="133.5792643"></trkpt>
    <trkpt lat="-23.6518621" lon="133.5791360"></trkpt>
    <trkpt lat="-23.6518304" lon="133.5790227"></trkpt>
    <trkpt lat="-23.6518095" lon="133.5788896"></trkpt>
    <trkpt lat="-23.6518160" lon="133.5787582"></trkpt>
    <trkpt lat="-23.6518225" lon="133.5786983"></trkpt>
    <trkpt lat="-23.6518203" lon="133.5786948"></trkpt>
    <trkpt lat="-23.6518054" lon="133.5784796"></trkpt>
    <trkpt lat="-23.6517325" lon="133.5783221"></trkpt>
    <trkpt lat="-23.6517707" lon="133.5780878"></trkpt>
    <trkpt lat="-23.6517692" lon="133.5778518"></trkpt>
    <trkpt lat="-23.6517493" lon="133.5776575"></trkpt>
    <trkpt lat="-23.6516989" lon="133.5774383"></trkpt>
    <trkpt lat="-23.6516244" lon="133.5772545"></trkpt>
    <trkpt lat="-23.6515928" lon="133.5769990"></trkpt>
    <trkpt lat="-23.6516534" lon="133.5769133"></trkpt>
    <trkpt lat="-23.6518288" lon="133.5767864"></trkpt>
    <trkpt lat="-23.6519114" lon="133.5765854"></trkpt>
    <trkpt lat="-23.6519833" lon="133.5764379"></trkpt>
    <trkpt lat="-23.6520277" lon="133.5762164"></trkpt>
    <trkpt lat="-23.6520190" lon="133.5760572"></trkpt>
    <trkpt lat="-23.6520263" lon="133.5760011"></trkpt>
    <trkpt lat="-23.6521098" lon="133.5759336"></trkpt>
    <trkpt lat="-23.6522418" lon="133.5758334"></trkpt>
    <trkpt lat="-23.6522951" lon="133.5758035"></trkpt>
    <trkpt lat="-23.6523504" lon="133.5757165"></trkpt>
    <trkpt lat="-23.6524713" lon="133.5755618"></trkpt>
    <trkpt lat="-23.6524988" lon="133.5755390"></trkpt>
    <trkpt lat="-23.6526298" lon="133.5753364"></trkpt>
    <trkpt lat="-23.6528063" lon="133.5752462"></trkpt>
    <trkpt lat="-23.6529398" lon="133.5752033"></trkpt>
    <trkpt lat="-23.6530943" lon="133.5749523"></trkpt>
    <trkpt lat="-23.6530826" lon="133.5746573"></trkpt>
    <trkpt lat="-23.6530510" lon="133.5744764"></trkpt>
    <trkpt lat="-23.6529980" lon="133.5741173"></trkpt>
    <trkpt lat="-23.6530433" lon="133.5739704"></trkpt>
    <trkpt lat="-23.6531606" lon="133.5737193"></trkpt>
    <trkpt lat="-23.6532947" lon="133.5735273"></trkpt>
    <trkpt lat="-23.6533340" lon="133.5734444"></trkpt>
    <trkpt lat="-23.6533740" lon="133.5733702"></trkpt>
    <trkpt lat="-23.6533936" lon="133.5732501"></trkpt>
    <trkpt lat="-23.6533335" lon="133.5730748"></trkpt>
    <trkpt lat="-23.6533340" lon="133.5730202"></trkpt>
    <trkpt lat="-23.6533258" lon="133.5729462"></trkpt>
    <trkpt lat="-23.6532988" lon="133.5728716"></trkpt>
    <trkpt lat="-23.6532942" lon="133.5728471"></trkpt>
    <trkpt lat="-23.6532930" lon="133.5728233"></trkpt>
    <trkpt lat="-23.6533156" lon="133.5727547"></trkpt>
    <trkpt lat="-23.6533712" lon="133.5725994"></trkpt>
    <trkpt lat="-23.6534507" lon="133.5725137"></trkpt>
    <trkpt lat="-23.6534813" lon="133.5722821"></trkpt>
    <trkpt lat="-23.6535670" lon="133.5721585"></trkpt>
    <trkpt lat="-23.6535869" lon="133.5720817"></trkpt>
    <trkpt lat="-23.6535889" lon="133.5720551"></trkpt>
    <trkpt lat="-23.6536108" lon="133.5719131"></trkpt>
    <trkpt lat="-23.6536124" lon="133.5716403"></trkpt>
    <trkpt lat="-23.6536848" lon="133.5711872"></trkpt>
    <trkpt lat="-23.6536939" lon="133.5709072"></trkpt>
    <trkpt lat="-23.6536307" lon="133.5706005"></trkpt>
    <trkpt lat="-23.6536424" lon="133.5704258"></trkpt>
    <trkpt lat="-23.6534286" lon="133.5700539"></trkpt>
    <trkpt lat="-23.6534340" lon="133.5700203"></trkpt>
    <trkpt lat="-23.6533656" lon="133.5698535"></trkpt>
    <trkpt lat="-23.6533187" lon="133.5697706"></trkpt>
    <trkpt lat="-23.6532906" lon="133.5695613"></trkpt>
    <trkpt lat="-23.6532565" lon="133.5693520"></trkpt>
    <trkpt lat="-23.6532065" lon="133.5691911"></trkpt>
    <trkpt lat="-23.6532422" lon="133.5689228"></trkpt>
    <trkpt lat="-23.6533146" lon="133.5688449"></trkpt>
    <trkpt lat="-23.6533361" lon="133.5687149"></trkpt>
    <trkpt lat="-23.6533482" lon="133.5686406"></trkpt>
    <trkpt lat="-23.6534176" lon="133.5683145"></trkpt>
    <trkpt lat="-23.6535257" lon="133.5681263"></trkpt>
    <trkpt lat="-23.6535343" lon="133.5678998"></trkpt>
    <trkpt lat="-23.6535139" lon="133.5678424"></trkpt>
    <trkpt lat="-23.6535665" lon="133.5675897"></trkpt>
    <trkpt lat="-23.6535512" lon="133.5673955"></trkpt>
    <trkpt lat="-23.6535552" lon="133.5673598"></trkpt>
    <trkpt lat="-23.6535466" lon="133.5673231"></trkpt>
    <trkpt lat="-23.6535588" lon="133.5672864"></trkpt>
    <trkpt lat="-23.6535925" lon="133.5672274"></trkpt>
    <trkpt lat="-23.6535349" lon="133.5671132"></trkpt>
    <trkpt lat="-23.6534466" lon="133.5669251"></trkpt>
    <trkpt lat="-23.6533355" lon="133.5666512"></trkpt>
    <trkpt lat="-23.6532063" lon="133.5664011"></trkpt>
    <trkpt lat="-23.6530148" lon="133.5660473"></trkpt>
    <trkpt lat="-23.6529490" lon="133.5658347"></trkpt>
    <trkpt lat="-23.6529398" lon="133.5657584"></trkpt>
    <trkpt lat="-23.6529607" lon="133.5657000"></trkpt>
    <trkpt lat="-23.6529623" lon="133.5654628"></trkpt>
    <trkpt lat="-23.6529536" lon="133.5653966"></trkpt>
    <trkpt lat="-23.6529490" lon="133.5653142"></trkpt>
    <trkpt lat="-23.6529413" lon="133.5651769"></trkpt>
    <trkpt lat="-23.6529607" lon="133.5651049"></trkpt>
    <trkpt lat="-23.6529572" lon="133.5650376"></trkpt>
    <trkpt lat="-23.6528506" lon="133.5648277"></trkpt>
    <trkpt lat="-23.6528501" lon="133.5644013"></trkpt>
    <trkpt lat="-23.6528404" lon="133.5643529"></trkpt>
    <trkpt lat="-23.6527757" lon="133.5641336"></trkpt>
    <trkpt lat="-23.6527568" lon="133.5639538"></trkpt>
    <trkpt lat="-23.6527101" lon="133.5637998"></trkpt>
    <trkpt lat="-23.6527129" lon="133.5637884"></trkpt>
    <trkpt lat="-23.6527787" lon="133.5635797"></trkpt>
    <trkpt lat="-23.6527639" lon="133.5635280"></trkpt>
    <trkpt lat="-23.6527446" lon="133.5632380"></trkpt>
    <trkpt lat="-23.6527170" lon="133.5629764"></trkpt>
    <trkpt lat="-23.6527456" lon="133.5626908"></trkpt>
    <trkpt lat="-23.6527201" lon="133.5625038"></trkpt>
    <trkpt lat="-23.6526742" lon="133.5622026"></trkpt>
    <trkpt lat="-23.6525370" lon="133.5620329"></trkpt>
    <trkpt lat="-23.6523943" lon="133.5618258"></trkpt>
    <trkpt lat="-23.6523739" lon="133.5617362"></trkpt>
    <trkpt lat="-23.6522301" lon="133.5612452"></trkpt>
    <trkpt lat="-23.6521908" lon="133.5607927"></trkpt>
    <trkpt lat="-23.6521720" lon="133.5607390"></trkpt>
    <trkpt lat="-23.6521144" lon="133.5605328"></trkpt>
    <trkpt lat="-23.6520685" lon="133.5604487"></trkpt>
    <trkpt lat="-23.6520685" lon="133.5603385"></trkpt>
    <trkpt lat="-23.6520068" lon="133.5601470"></trkpt>
    <trkpt lat="-23.6519889" lon="133.5599260"></trkpt>
    <trkpt lat="-23.6519481" lon="133.5598402"></trkpt>
    <trkpt lat="-23.6518691" lon="133.5598242"></trkpt>
    <trkpt lat="-23.6518569" lon="133.5597451"></trkpt>
    <trkpt lat="-23.6518441" lon="133.5597095"></trkpt>
    <trkpt lat="-23.6518059" lon="133.5596861"></trkpt>
    <trkpt lat="-23.6517794" lon="133.5597000"></trkpt>
    <trkpt lat="-23.6516830" lon="133.5596466"></trkpt>
    <trkpt lat="-23.6516871" lon="133.5596160"></trkpt>
    <trkpt lat="-23.6516820" lon="133.5595790"></trkpt>
    <trkpt lat="-23.6516937" lon="133.5593905"></trkpt>
    <trkpt lat="-23.6515708" lon="133.5592224"></trkpt>
    <trkpt lat="-23.6515402" lon="133.5592013"></trkpt>
    <trkpt lat="-23.6513985" lon="133.5590187"></trkpt>
    <trkpt lat="-23.6512613" lon="133.5588083"></trkpt>
    <trkpt lat="-23.6512417" lon="133.5585567"></trkpt>
    <trkpt lat="-23.6511535" lon="133.5584654"></trkpt>
    <trkpt lat="-23.6509725" lon="133.5581298"></trkpt>
    <trkpt lat="-23.6509368" lon="133.5579116"></trkpt>
    <trkpt lat="-23.6509909" lon="133.5578551"></trkpt>
    <trkpt lat="-23.6510133" lon="133.5578465"></trkpt>
    <trkpt lat="-23.6511535" lon="133.5577535"></trkpt>
    <trkpt lat="-23.6511596" lon="133.5577340"></trkpt>
    <trkpt lat="-23.6511770" lon="133.5574807"></trkpt>
    <trkpt lat="-23.6511571" lon="133.5574190"></trkpt>
    <trkpt lat="-23.6511040" lon="133.5572959"></trkpt>
    <trkpt lat="-23.6511826" lon="133.5570789"></trkpt>
    <trkpt lat="-23.6511963" lon="133.5569041"></trkpt>
    <trkpt lat="-23.6511912" lon="133.5568406"></trkpt>
    <trkpt lat="-23.6512254" lon="133.5566770"></trkpt>
    <trkpt lat="-23.6512697" lon="133.5566208"></trkpt>
    <trkpt lat="-23.6512856" lon="133.5565261"></trkpt>
    <trkpt lat="-23.6513727" lon="133.5564326"></trkpt>
    <trkpt lat="-23.6515114" lon="133.5564081"></trkpt>
    <trkpt lat="-23.6516633" lon="133.5564481"></trkpt>
    <trkpt lat="-23.6516812" lon="133.5564365"></trkpt>
    <trkpt lat="-23.6516894" lon="133.5564354"></trkpt>
    <trkpt lat="-23.6517246" lon="133.5564076"></trkpt>
    <trkpt lat="-23.6517643" lon="133.5563313"></trkpt>
    <trkpt lat="-23.6518230" lon="133.5563124"></trkpt>
    <trkpt lat="-23.6520106" lon="133.5564437"></trkpt>
    <trkpt lat="-23.6521763" lon="133.5564888"></trkpt>
    <trkpt lat="-23.6522258" lon="133.5565295"></trkpt>
    <trkpt lat="-23.6522221" lon="133.5565590"></trkpt>
    <trkpt lat="-23.6522227" lon="133.5565746"></trkpt>
    <trkpt lat="-23.6521850" lon="133.5566319"></trkpt>
    <trkpt lat="-23.6521814" lon="133.5566614"></trkpt>
    <trkpt lat="-23.6521921" lon="133.5568985"></trkpt>
    <trkpt lat="-23.6522360" lon="133.5570521"></trkpt>
    <trkpt lat="-23.6523690" lon="133.5573132"></trkpt>
    <trkpt lat="-23.6523871" lon="133.5573009"></trkpt>
    <trkpt lat="-23.6524496" lon="133.5572403"></trkpt>
    <trkpt lat="-23.6527054" lon="133.5572141"></trkpt>
    <trkpt lat="-23.6527280" lon="133.5571875"></trkpt>
    <trkpt lat="-23.6527943" lon="133.5569631"></trkpt>
    <trkpt lat="-23.6528967" lon="133.5566965"></trkpt>
    <trkpt lat="-23.6529763" lon="133.5565094"></trkpt>
    <trkpt lat="-23.6530387" lon="133.5564056"></trkpt>
    <trkpt lat="-23.6530314" lon="133.5563569"></trkpt>
    <trkpt lat="-23.6529258" lon="133.5560597"></trkpt>
    <trkpt lat="-23.6528396" lon="133.5557352"></trkpt>
    <trkpt lat="-23.6529280" lon="133.5554491"></trkpt>
    <trkpt lat="-23.6529197" lon="133.5554023"></trkpt>
    <trkpt lat="-23.6530135" lon="133.5552442"></trkpt>
    <trkpt lat="-23.6531206" lon="133.5551173"></trkpt>
    <trkpt lat="-23.6531517" lon="133.5551062"></trkpt>
    <trkpt lat="-23.6532200" lon="133.5550026"></trkpt>
    <trkpt lat="-23.6533730" lon="133.5548162"></trkpt>
    <trkpt lat="-23.6533832" lon="133.5547705"></trkpt>
    <trkpt lat="-23.6534494" lon="133.5547104"></trkpt>
    <trkpt lat="-23.6536055" lon="133.5542657"></trkpt>
    <trkpt lat="-23.6535810" lon="133.5540720"></trkpt>
    <trkpt lat="-23.6536269" lon="133.5538777"></trkpt>
    <trkpt lat="-23.6536962" lon="133.5537408"></trkpt>
    <trkpt lat="-23.6536768" lon="133.5536567"></trkpt>
    <trkpt lat="-23.6536703" lon="133.5536197"></trkpt>
    <trkpt lat="-23.6536697" lon="133.5534240"></trkpt>
    <trkpt lat="-23.6536993" lon="133.5533606"></trkpt>
    <trkpt lat="-23.6536294" lon="133.5529192"></trkpt>
    <trkpt lat="-23.6536519" lon="133.5527600"></trkpt>
    <trkpt lat="-23.6537212" lon="133.5526013"></trkpt>
    <trkpt lat="-23.6538375" lon="133.5524822"></trkpt>
    <trkpt lat="-23.6539557" lon="133.5523831"></trkpt>
    <trkpt lat="-23.6540337" lon="133.5523486"></trkpt>
    <trkpt lat="-23.6540816" lon="133.5522853"></trkpt>
    <trkpt lat="-23.6541322" lon="133.5522668"></trkpt>
    <trkpt lat="-23.6542984" lon="133.5522868"></trkpt>
    <trkpt lat="-23.6543555" lon="133.5522557"></trkpt>
    <trkpt lat="-23.6545824" lon="133.5521711"></trkpt>
    <trkpt lat="-23.6545961" lon="133.5521716"></trkpt>
    <trkpt lat="-23.6547516" lon="133.5520920"></trkpt>
    <trkpt lat="-23.6548414" lon="133.5520686"></trkpt>
    <trkpt lat="-23.6549413" lon="133.5520798"></trkpt>
    <trkpt lat="-23.6549714" lon="133.5521315"></trkpt>
    <trkpt lat="-23.6551162" lon="133.5522006"></trkpt>
    <trkpt lat="-23.6552763" lon="133.5521783"></trkpt>
    <trkpt lat="-23.6554440" lon="133.5520664"></trkpt>
    <trkpt lat="-23.6555302" lon="133.5520263"></trkpt>
    <trkpt lat="-23.6557749" lon="133.5519857"></trkpt>
    <trkpt lat="-23.6558181" lon="133.5519175"></trkpt>
    <trkpt lat="-23.6558290" lon="133.5519018"></trkpt>
    <trkpt lat="-23.6559977" lon="133.5517146"></trkpt>
    <trkpt lat="-23.6561339" lon="133.5515738"></trkpt>
    <trkpt lat="-23.6561871" lon="133.5515240"></trkpt>
    <trkpt lat="-23.6562527" lon="133.5515087"></trkpt>
    <trkpt lat="-23.6563924" lon="133.5514419"></trkpt>
    <trkpt lat="-23.6564122" lon="133.5514263"></trkpt>
    <trkpt lat="-23.6566299" lon="133.5513111"></trkpt>
    <trkpt lat="-23.6567926" lon="133.5512699"></trkpt>
    <trkpt lat="-23.6570134" lon="133.5512348"></trkpt>
    <trkpt lat="-23.6571136" lon="133.5510893"></trkpt>
    <trkpt lat="-23.6571342" lon="133.5510623"></trkpt>
    <trkpt lat="-23.6572061" lon="133.5510383"></trkpt>
    <trkpt lat="-23.6572642" lon="133.5510355"></trkpt>
    <trkpt lat="-23.6573132" lon="133.5510038"></trkpt>
    <trkpt lat="-23.6573641" lon="133.5509537"></trkpt>
    <trkpt lat="-23.6573993" lon="133.5509454"></trkpt>
    <trkpt lat="-23.6575456" lon="133.5508301"></trkpt>
    <trkpt lat="-23.6577134" lon="133.5506671"></trkpt>
    <trkpt lat="-23.6578592" lon="133.5505841"></trkpt>
    <trkpt lat="-23.6579805" lon="133.5504845"></trkpt>
    <trkpt lat="-23.6580157" lon="133.5504489"></trkpt>
    <trkpt lat="-23.6581223" lon="133.5503186"></trkpt>
    <trkpt lat="-23.6581722" lon="133.5501644"></trkpt>
    <trkpt lat="-23.6582655" lon="133.5500152"></trkpt>
    <trkpt lat="-23.6583808" lon="133.5498583"></trkpt>
    <trkpt lat="-23.6585173" lon="133.5497219"></trkpt>
    <trkpt lat="-23.6585312" lon="133.5497013"></trkpt>
    <trkpt lat="-23.6586464" lon="133.5494881"></trkpt>
    <trkpt lat="-23.6586510" lon="133.5494191"></trkpt>
    <trkpt lat="-23.6587091" lon="133.5492031"></trkpt>
    <trkpt lat="-23.6587178" lon="133.5489704"></trkpt>
    <trkpt lat="-23.6586709" lon="133.5487261"></trkpt>
    <trkpt lat="-23.6587234" lon="133.5484973"></trkpt>
    <trkpt lat="-23.6588238" lon="133.5483320"></trkpt>
    <trkpt lat="-23.6589482" lon="133.5481717"></trkpt>
    <trkpt lat="-23.6589508" lon="133.5481489"></trkpt>
    <trkpt lat="-23.6589758" lon="133.5481160"></trkpt>
    <trkpt lat="-23.6589782" lon="133.5480919"></trkpt>
    <trkpt lat="-23.6589819" lon="133.5480748"></trkpt>
    <trkpt lat="-23.6589956" lon="133.5480331"></trkpt>
    <trkpt lat="-23.6591206" lon="133.5478600"></trkpt>
    <trkpt lat="-23.6591486" lon="133.5478598"></trkpt>
    <trkpt lat="-23.6591537" lon="133.5478494"></trkpt>
    <trkpt lat="-23.6591889" lon="133.5477509"></trkpt>
    <trkpt lat="-23.6592653" lon="133.5475570"></trkpt>
    <trkpt lat="-23.6593005" lon="133.5475188"></trkpt>
    <trkpt lat="-23.6593087" lon="133.5475087"></trkpt>
    <trkpt lat="-23.6595300" lon="133.5474342"></trkpt>
    <trkpt lat="-23.6597410" lon="133.5473468"></trkpt>
    <trkpt lat="-23.6598032" lon="133.5472694"></trkpt>
    <trkpt lat="-23.6598496" lon="133.5471208"></trkpt>
    <trkpt lat="-23.6598809" lon="133.5469903"></trkpt>
    <trkpt lat="-23.6598997" lon="133.5469547"></trkpt>
    <trkpt lat="-23.6599909" lon="133.5467534"></trkpt>
    <trkpt lat="-23.6601357" lon="133.5464751"></trkpt>
    <trkpt lat="-23.6601810" lon="133.5463437"></trkpt>
    <trkpt lat="-23.6602544" lon="133.5462647"></trkpt>
    <trkpt lat="-23.6602881" lon="133.5462151"></trkpt>
    <trkpt lat="-23.6604772" lon="133.5460008"></trkpt>
    <trkpt lat="-23.6605736" lon="133.5457420"></trkpt>
    <trkpt lat="-23.6605782" lon="133.5456841"></trkpt>
    <trkpt lat="-23.6605440" lon="133.5454475"></trkpt>
    <trkpt lat="-23.6605935" lon="133.5451848"></trkpt>
    <trkpt lat="-23.6605629" lon="133.5451369"></trkpt>
    <trkpt lat="-23.6605398" lon="133.5450759"></trkpt>
    <trkpt lat="-23.6605298" lon="133.5450651"></trkpt>
    <trkpt lat="-23.6604298" lon="133.5449137"></trkpt>
    <trkpt lat="-23.6604854" lon="133.5447390"></trkpt>
    <trkpt lat="-23.6605272" lon="133.5444651"></trkpt>
    <trkpt lat="-23.6604956" lon="133.5442803"></trkpt>
    <trkpt lat="-23.6605196" lon="133.5439519"></trkpt>
    <trkpt lat="-23.6605145" lon="133.5437097"></trkpt>
    <trkpt lat="-23.6604884" lon="133.5436368"></trkpt>
    <trkpt lat="-23.6605211" lon="133.5435082"></trkpt>
    <trkpt lat="-23.6605930" lon="133.5432455"></trkpt>
    <trkpt lat="-23.6607454" lon="133.5430585"></trkpt>
    <trkpt lat="-23.6608278" lon="133.5427740"></trkpt>
    <trkpt lat="-23.6608597" lon="133.5426402"></trkpt>
    <trkpt lat="-23.6609190" lon="133.5425124"></trkpt>
    <trkpt lat="-23.6610638" lon="133.5423465"></trkpt>
    <trkpt lat="-23.6612244" lon="133.5421472"></trkpt>
    <trkpt lat="-23.6612852" lon="133.5418295"></trkpt>
    <trkpt lat="-23.6612897" lon="133.5417681"></trkpt>
    <trkpt lat="-23.6613840" lon="133.5415878"></trkpt>
    <trkpt lat="-23.6616221" lon="133.5412521"></trkpt>
    <trkpt lat="-23.6617843" lon="133.5408764"></trkpt>
    <trkpt lat="-23.6618694" lon="133.5408040"></trkpt>
    <trkpt lat="-23.6623584" lon="133.5404455"></trkpt>
    <trkpt lat="-23.6627097" lon="133.5403119"></trkpt>
    <trkpt lat="-23.6629896" lon="133.5402813"></trkpt>
    <trkpt lat="-23.6632151" lon="133.5401395"></trkpt>
    <trkpt lat="-23.6633333" lon="133.5401093"></trkpt>
    <trkpt lat="-23.6635647" lon="133.5400647"></trkpt>
    <trkpt lat="-23.6636059" lon="133.5400270"></trkpt>
    <trkpt lat="-23.6636234" lon="133.5399935"></trkpt>
    <trkpt lat="-23.6637712" lon="133.5395142"></trkpt>
    <trkpt lat="-23.6638144" lon="133.5392420"></trkpt>
    <trkpt lat="-23.6639432" lon="133.5389831"></trkpt>
    <trkpt lat="-23.6640540" lon="133.5387869"></trkpt>
    <trkpt lat="-23.6641545" lon="133.5388343"></trkpt>
    <trkpt lat="-23.6641905" lon="133.5388446"></trkpt>
    <trkpt lat="-23.6642620" lon="133.5388321"></trkpt>
    <trkpt lat="-23.6643796" lon="133.5388696"></trkpt>
    <trkpt lat="-23.6644714" lon="133.5389302"></trkpt>
    <trkpt lat="-23.6645339" lon="133.5389477"></trkpt>
    <trkpt lat="-23.6646974" lon="133.5389432"></trkpt>
    <trkpt lat="-23.6648416" lon="133.5389926"></trkpt>
    <trkpt lat="-23.6649180" lon="133.5390405"></trkpt>
    <trkpt lat="-23.6649581" lon="133.5390865"></trkpt>
    <trkpt lat="-23.6651795" lon="133.5391773"></trkpt>
    <trkpt lat="-23.6652560" lon="133.5392136"></trkpt>
    <trkpt lat="-23.6653616" lon="133.5392831"></trkpt>
    <trkpt lat="-23.6655091" lon="133.5394326"></trkpt>
    <trkpt lat="-23.6655649" lon="133.5394540"></trkpt>
    <trkpt lat="-23.6657592" lon="133.5394808"></trkpt>
    <trkpt lat="-23.6657680" lon="133.5394865"></trkpt>
    <trkpt lat="-23.6657942" lon="133.5394815"></trkpt>
    <trkpt lat="-23.6658347" lon="133.5394721"></trkpt>
    <trkpt lat="-23.6659475" lon="133.5394887"></trkpt>
    <trkpt lat="-23.6661506" lon="133.5395268"></trkpt>
    <trkpt lat="-23.6662257" lon="133.5394959"></trkpt>
    <trkpt lat="-23.6663250" lon="133.5395344"></trkpt>
    <trkpt lat="-23.6663502" lon="133.5395769"></trkpt>
    <trkpt lat="-23.6664485" lon="133.5396613"></trkpt>
    <trkpt lat="-23.6664715" lon="133.5397327"></trkpt>
    <trkpt lat="-23.6665348" lon="133.5397242"></trkpt>
    <trkpt lat="-23.6665640" lon="133.5397276"></trkpt>
    <trkpt lat="-23.6666681" lon="133.5397307"></trkpt>
    <trkpt lat="-23.6667391" lon="133.5398216"></trkpt>
    <trkpt lat="-23.6668050" lon="133.5398410"></trkpt>
    <trkpt lat="-23.6668368" lon="133.5398354"></trkpt>
    <trkpt lat="-23.6668675" lon="133.5398424"></trkpt>
    <trkpt lat="-23.6669923" lon="133.5398845"></trkpt>
    <trkpt lat="-23.6670401" lon="133.5398704"></trkpt>
    <trkpt lat="-23.6671135" lon="133.5398797"></trkpt>
    <trkpt lat="-23.6671835" lon="133.5398698"></trkpt>
    <trkpt lat="-23.6672010" lon="133.5398847"></trkpt>
    <trkpt lat="-23.6676079" lon="133.5401341"></trkpt>
    <trkpt lat="-23.6677371" lon="133.5402356"></trkpt>
    <trkpt lat="-23.6678489" lon="133.5403603"></trkpt>
    <trkpt lat="-23.6679221" lon="133.5403865"></trkpt>
    <trkpt lat="-23.6679783" lon="133.5404308"></trkpt>
    <trkpt lat="-23.6681385" lon="133.5405572"></trkpt>
    <trkpt lat="-23.6682991" lon="133.5407327"></trkpt>
    <trkpt lat="-23.6685762" lon="133.5410356"></trkpt>
    <trkpt lat="-23.6686718" lon="133.5411126"></trkpt>
    <trkpt lat="-23.6687300" lon="133.5411500"></trkpt>
    <trkpt lat="-23.6687996" lon="133.5411947"></trkpt>
    <trkpt lat="-23.6688846" lon="133.5412657"></trkpt>
    <trkpt lat="-23.6689128" lon="133.5413436"></trkpt>
    <trkpt lat="-23.6689218" lon="133.5413684"></trkpt>
    <trkpt lat="-23.6690233" lon="133.5414606"></trkpt>
    <trkpt lat="-23.6690693" lon="133.5415024"></trkpt>
    <trkpt lat="-23.6690789" lon="133.5415195"></trkpt>
    <trkpt lat="-23.6691339" lon="133.5416172"></trkpt>
    <trkpt lat="-23.6691828" lon="133.5417924"></trkpt>
    <trkpt lat="-23.6692409" lon="133.5420363"></trkpt>
    <trkpt lat="-23.6693055" lon="133.5421461"></trkpt>
    <trkpt lat="-23.6694129" lon="133.5425026"></trkpt>
    <trkpt lat="-23.6694191" lon="133.5425486"></trkpt>
    <trkpt lat="-23.6694599" lon="133.5426479"></trkpt>
    <trkpt lat="-23.6694765" lon="133.5427203"></trkpt>
    <trkpt lat="-23.6695041" lon="133.5427988"></trkpt>
    <trkpt lat="-23.6694969" lon="133.5429006"></trkpt>
    <trkpt lat="-23.6695194" lon="133.5429443"></trkpt>
    <trkpt lat="-23.6695222" lon="133.5429776"></trkpt>
    <trkpt lat="-23.6695372" lon="133.5430475"></trkpt>
    <trkpt lat="-23.6695746" lon="133.5430980"></trkpt>
    <trkpt lat="-23.6695976" lon="133.5431014"></trkpt>
    <trkpt lat="-23.6695976" lon="133.5431987"></trkpt>
    <trkpt lat="-23.6696011" lon="133.5433190"></trkpt>
    <trkpt lat="-23.6696631" lon="133.5434199"></trkpt>
    <trkpt lat="-23.6696793" lon="133.5434366"></trkpt>
    <trkpt lat="-23.6697235" lon="133.5434902"></trkpt>
    <trkpt lat="-23.6697340" lon="133.5435368"></trkpt>
    <trkpt lat="-23.6697539" lon="133.5435822"></trkpt>
    <trkpt lat="-23.6697787" lon="133.5436536"></trkpt>
    <trkpt lat="-23.6698028" lon="133.5437055"></trkpt>
    <trkpt lat="-23.6699679" lon="133.5439427"></trkpt>
    <trkpt lat="-23.6699694" lon="133.5440123"></trkpt>
    <trkpt lat="-23.6700218" lon="133.5440626"></trkpt>
    <trkpt lat="-23.6701208" lon="133.5441338"></trkpt>
    <trkpt lat="-23.6702464" lon="133.5441875"></trkpt>
    <trkpt lat="-23.6702794" lon="133.5441917"></trkpt>
    <trkpt lat="-23.6704362" lon="133.5442939"></trkpt>
    <trkpt lat="-23.6705297" lon="133.5443045"></trkpt>
    <trkpt lat="-23.6705662" lon="133.5442952"></trkpt>
    <trkpt lat="-23.6706442" lon="133.5443116"></trkpt>
    <trkpt lat="-23.6707776" lon="133.5443497"></trkpt>
    <trkpt lat="-23.6708595" lon="133.5443861"></trkpt>
    <trkpt lat="-23.6709618" lon="133.5444350"></trkpt>
    <trkpt lat="-23.6711280" lon="133.5444792"></trkpt>
    <trkpt lat="-23.6713284" lon="133.5445583"></trkpt>
    <trkpt lat="-23.6713807" lon="133.5445857"></trkpt>
    <trkpt lat="-23.6714727" lon="133.5446368"></trkpt>
    <trkpt lat="-23.6715318" lon="133.5446760"></trkpt>
    <trkpt lat="-23.6716552" lon="133.5446457"></trkpt>
    <trkpt lat="-23.6718161" lon="133.5446777"></trkpt>
    <trkpt lat="-23.6719400" lon="133.5447069"></trkpt>
    <trkpt lat="-23.6721113" lon="133.5447281"></trkpt>
    <trkpt lat="-23.6722189" lon="133.5447250"></trkpt>
    <trkpt lat="-23.6723007" lon="133.5447417"></trkpt>
    <trkpt lat="-23.6723777" lon="133.5447389"></trkpt>
    <trkpt lat="-23.6724777" lon="133.5447055"></trkpt>
    <trkpt lat="-23.6725969" lon="133.5446590"></trkpt>
    <trkpt lat="-23.6726263" lon="133.5446329"></trkpt>
    <trkpt lat="-23.6728052" lon="133.5445822"></trkpt>
    <trkpt lat="-23.6728812" lon="133.5445508"></trkpt>
    <trkpt lat="-23.6729464" lon="133.5444990"></trkpt>
    <trkpt lat="-23.6731976" lon="133.5443601"></trkpt>
    <trkpt lat="-23.6732751" lon="133.5443490"></trkpt>
    <trkpt lat="-23.6733413" lon="133.5443300"></trkpt>
    <trkpt lat="-23.6734331" lon="133.5442916"></trkpt>
    <trkpt lat="-23.6734464" lon="133.5442757"></trkpt>
    <trkpt lat="-23.6735896" lon="133.5442153"></trkpt>
    <trkpt lat="-23.6736100" lon="133.5442089"></trkpt>
    <trkpt lat="-23.6736343" lon="133.5442053"></trkpt>
    <trkpt lat="-23.6736465" lon="133.5441761"></trkpt>
    <trkpt lat="-23.6736676" lon="133.5441789"></trkpt>
    <trkpt lat="-23.6736888" lon="133.5441736"></trkpt>
    <trkpt lat="-23.6737936" lon="133.5441073"></trkpt>
    <trkpt lat="-23.6737671" lon="133.5440539"></trkpt>
    <trkpt lat="-23.6737847" lon="133.5439698"></trkpt>
    <trkpt lat="-23.6738257" lon="133.5438666"></trkpt>
    <trkpt lat="-23.6739524" lon="133.5435868"></trkpt>
    <trkpt lat="-23.6740059" lon="133.5434916"></trkpt>
    <trkpt lat="-23.6741859" lon="133.5433316"></trkpt>
    <trkpt lat="-23.6742650" lon="133.5432261"></trkpt>
    <trkpt lat="-23.6742915" lon="133.5432091"></trkpt>
    <trkpt lat="-23.6743236" lon="133.5431462"></trkpt>
    <trkpt lat="-23.6742741" lon="133.5431329"></trkpt>
    <trkpt lat="-23.6742147" lon="133.5430744"></trkpt>
    <trkpt lat="-23.6741449" lon="133.5429371"></trkpt>
    <trkpt lat="-23.6741903" lon="133.5428762"></trkpt>
    <trkpt lat="-23.6742415" lon="133.5427729"></trkpt>
    <trkpt lat="-23.6742440" lon="133.5426621"></trkpt>
    <trkpt lat="-23.6742797" lon="133.5425806"></trkpt>
    <trkpt lat="-23.6742904" lon="133.5424728"></trkpt>
    <trkpt lat="-23.6742899" lon="133.5423982"></trkpt>
    <trkpt lat="-23.6742963" lon="133.5423220"></trkpt>
    <trkpt lat="-23.6743269" lon="133.5422463"></trkpt>
    <trkpt lat="-23.6743667" lon="133.5421900"></trkpt>
    <trkpt lat="-23.6744245" lon="133.5421241"></trkpt>
    <trkpt lat="-23.6744391" lon="133.5420456"></trkpt>
    <trkpt lat="-23.6744862" lon="133.5418457"></trkpt>
    <trkpt lat="-23.6745082" lon="133.5417725"></trkpt>
    <trkpt lat="-23.6745492" lon="133.5416637"></trkpt>
    <trkpt lat="-23.6745800" lon="133.5416340"></trkpt>
    <trkpt lat="-23.6745854" lon="133.5416484"></trkpt>
    <trkpt lat="-23.6745966" lon="133.5417213"></trkpt>
    <trkpt lat="-23.6746094" lon="133.5417814"></trkpt>
    <trkpt lat="-23.6746231" lon="133.5419014"></trkpt>
    <trkpt lat="-23.6746374" lon="133.5419537"></trkpt>
    <trkpt lat="-23.6746660" lon="133.5420030"></trkpt>
    <trkpt lat="-23.6747078" lon="133.5420195"></trkpt>
    <trkpt lat="-23.6747616" lon="133.5420030"></trkpt>
    <trkpt lat="-23.6748271" lon="133.5420517"></trkpt>
    <trkpt lat="-23.6750292" lon="133.5420297"></trkpt>
    <trkpt lat="-23.6751062" lon="133.5419885"></trkpt>
    <trkpt lat="-23.6751123" lon="133.5419835"></trkpt>
    <trkpt lat="-23.6751501" lon="133.5419715"></trkpt>
    <trkpt lat="-23.6752462" lon="133.5419289"></trkpt>
    <trkpt lat="-23.6752893" lon="133.5419498"></trkpt>
    <trkpt lat="-23.6753186" lon="133.5420110"></trkpt>
    <trkpt lat="-23.6753489" lon="133.5420639"></trkpt>
    <trkpt lat="-23.6753787" lon="133.5420442"></trkpt>
    <trkpt lat="-23.6754381" lon="133.5420433"></trkpt>
    <trkpt lat="-23.6754866" lon="133.5420481"></trkpt>
    <trkpt lat="-23.6755725" lon="133.5420342"></trkpt>
    <trkpt lat="-23.6757104" lon="133.5420478"></trkpt>
    <trkpt lat="-23.6757792" lon="133.5420433"></trkpt>
    <trkpt lat="-23.6758198" lon="133.5420077"></trkpt>
    <trkpt lat="-23.6758462" lon="133.5420106"></trkpt>
    <trkpt lat="-23.6759197" lon="133.5419957"></trkpt>
    <trkpt lat="-23.6760553" lon="133.5419554"></trkpt>
    <trkpt lat="-23.6761435" lon="133.5419211"></trkpt>
    <trkpt lat="-23.6761833" lon="133.5418914"></trkpt>
    <trkpt lat="-23.6763179" lon="133.5418507"></trkpt>
    <trkpt lat="-23.6764785" lon="133.5418106"></trkpt>
    <trkpt lat="-23.6765070" lon="133.5417981"></trkpt>
    <trkpt lat="-23.6765764" lon="133.5417756"></trkpt>
    <trkpt lat="-23.6767561" lon="133.5417422"></trkpt>
    <trkpt lat="-23.6768300" lon="133.5416236"></trkpt>
    <trkpt lat="-23.6770720" lon="133.5415506"></trkpt>
    <trkpt lat="-23.6772981" lon="133.5414554"></trkpt>
    <trkpt lat="-23.6775323" lon="133.5414106"></trkpt>
    <trkpt lat="-23.6776552" lon="133.5413742"></trkpt>
    <trkpt lat="-23.6779078" lon="133.5413166"></trkpt>
    <trkpt lat="-23.6781156" lon="133.5412539"></trkpt>
    <trkpt lat="-23.6781985" lon="133.5412187"></trkpt>
    <trkpt lat="-23.6782609" lon="133.5411910"></trkpt>
    <trkpt lat="-23.6783315" lon="133.5411011"></trkpt>
    <trkpt lat="-23.6783820" lon="133.5410454"></trkpt>
    <trkpt lat="-23.6784075" lon="133.5409948"></trkpt>
    <trkpt lat="-23.6784228" lon="133.5409747"></trkpt>
    <trkpt lat="-23.6784407" lon="133.5409128"></trkpt>
    <trkpt lat="-23.6784350" lon="133.5408523"></trkpt>
    <trkpt lat="-23.6784271" lon="133.5408308"></trkpt>
    <trkpt lat="-23.6782423" lon="133.5406538"></trkpt>
    <trkpt lat="-23.6782492" lon="133.5406382"></trkpt>
    <trkpt lat="-23.6782744" lon="133.5404244"></trkpt>
    <trkpt lat="-23.6783000" lon="133.5403720"></trkpt>
    <trkpt lat="-23.6782285" lon="133.5401633"></trkpt>
    <trkpt lat="-23.6781589" lon="133.5400316"></trkpt>
    <trkpt lat="-23.6781820" lon="133.5399754"></trkpt>
    <trkpt lat="-23.6782232" lon="133.5399158"></trkpt>
    <trkpt lat="-23.6783007" lon="133.5398916"></trkpt>
    <trkpt lat="-23.6783017" lon="133.5398356"></trkpt>
    <trkpt lat="-23.6783667" lon="133.5397504"></trkpt>
    <trkpt lat="-23.6784837" lon="133.5396182"></trkpt>
    <trkpt lat="-23.6786058" lon="133.5394520"></trkpt>
    <trkpt lat="-23.6786731" lon="133.5393330"></trkpt>
    <trkpt lat="-23.6787205" lon="133.5392311"></trkpt>
    <trkpt lat="-23.6788141" lon="133.5392177"></trkpt>
    <trkpt lat="-23.6789524" lon="133.5391230"></trkpt>
    <trkpt lat="-23.6790675" lon="133.5389803"></trkpt>
    <trkpt lat="-23.6790887" lon="133.5389437"></trkpt>
    <trkpt lat="-23.6791640" lon="133.5388090"></trkpt>
    <trkpt lat="-23.6791822" lon="133.5386752"></trkpt>
    <trkpt lat="-23.6792865" lon="133.5385587"></trkpt>
    <trkpt lat="-23.6794265" lon="133.5383703"></trkpt>
    <trkpt lat="-23.6794808" lon="133.5382306"></trkpt>
    <trkpt lat="-23.6794992" lon="133.5379800"></trkpt>
    <trkpt lat="-23.6795033" lon="133.5377710"></trkpt>
    <trkpt lat="-23.6794741" lon="133.5376557"></trkpt>
    <trkpt lat="-23.6794646" lon="133.5375788"></trkpt>
    <trkpt lat="-23.6794774" lon="133.5375267"></trkpt>
    <trkpt lat="-23.6794939" lon="133.5375052"></trkpt>
    <trkpt lat="-23.6795142" lon="133.5374247"></trkpt>
    <trkpt lat="-23.6795142" lon="133.5374043"></trkpt>
    <trkpt lat="-23.6795667" lon="133.5371819"></trkpt>
    <trkpt lat="-23.6795645" lon="133.5370689"></trkpt>
    <trkpt lat="-23.6795652" lon="133.5370464"></trkpt>
    <trkpt lat="-23.6796166" lon="133.5368552"></trkpt>
    <trkpt lat="-23.6795927" lon="133.5366786"></trkpt>
    <trkpt lat="-23.6796008" lon="133.5365982"></trkpt>
    <trkpt lat="-23.6795890" lon="133.5364531"></trkpt>
    <trkpt lat="-23.6796002" lon="133.5362926"></trkpt>
    <trkpt lat="-23.6795640" lon="133.5361010"></trkpt>
    <trkpt lat="-23.6795845" lon="133.5360197"></trkpt>
    <trkpt lat="-23.6795976" lon="133.5359962"></trkpt>
    <trkpt lat="-23.6796322" lon="133.5359593"></trkpt>
    <trkpt lat="-23.6797781" lon="133.5358380"></trkpt>
    <trkpt lat="-23.6798170" lon="133.5357852"></trkpt>
    <trkpt lat="-23.6799093" lon="133.5357233"></trkpt>
    <trkpt lat="-23.6800514" lon="133.5355534"></trkpt>
    <trkpt lat="-23.6801432" lon="133.5352493"></trkpt>
    <trkpt lat="-23.6801779" lon="133.5351627"></trkpt>
    <trkpt lat="-23.6802866" lon="133.5349939"></trkpt>
    <trkpt lat="-23.6803097" lon="133.5349615"></trkpt>
    <trkpt lat="-23.6803407" lon="133.5349253"></trkpt>
    <trkpt lat="-23.6803630" lon="133.5348766"></trkpt>
    <trkpt lat="-23.6804727" lon="133.5347326"></trkpt>
    <trkpt lat="-23.6806295" lon="133.5345710"></trkpt>
    <trkpt lat="-23.6807290" lon="133.5343703"></trkpt>
    <trkpt lat="-23.6807638" lon="133.5342592"></trkpt>
    <trkpt lat="-23.6807664" lon="133.5339842"></trkpt>
    <trkpt lat="-23.6807945" lon="133.5336925"></trkpt>
    <trkpt lat="-23.6807548" lon="133.5335198"></trkpt>
    <trkpt lat="-23.6807814" lon="133.5333546"></trkpt>
    <trkpt lat="-23.6808109" lon="133.5332967"></trkpt>
    <trkpt lat="-23.6808670" lon="133.5331887"></trkpt>
    <trkpt lat="-23.6808927" lon="133.5331203"></trkpt>
    <trkpt lat="-23.6809020" lon="133.5329169"></trkpt>
    <trkpt lat="-23.6808944" lon="133.5326885"></trkpt>
    <trkpt lat="-23.6809000" lon="133.5326245"></trkpt>
    <trkpt lat="-23.6809151" lon="133.5325691"></trkpt>
    <trkpt lat="-23.6809277" lon="133.5325230"></trkpt>
    <trkpt lat="-23.6810410" lon="133.5323664"></trkpt>
    <trkpt lat="-23.6810469" lon="133.5323576"></trkpt>
    <trkpt lat="-23.6810561" lon="133.5323143"></trkpt>
    <trkpt lat="-23.6810391" lon="133.5320753"></trkpt>
    <trkpt lat="-23.6810387" lon="133.5319403"></trkpt>
    <trkpt lat="-23.6810057" lon="133.5314377"></trkpt>
    <trkpt lat="-23.6810037" lon="133.5313169"></trkpt>
    <trkpt lat="-23.6809597" lon="133.5311191"></trkpt>
    <trkpt lat="-23.6808610" lon="133.5308437"></trkpt>
    <trkpt lat="-23.6808665" lon="133.5307976"></trkpt>
    <trkpt lat="-23.6808975" lon="133.5306407"></trkpt>
    <trkpt lat="-23.6809235" lon="133.5305397"></trkpt>
    <trkpt lat="-23.6808946" lon="133.5304889"></trkpt>
    <trkpt lat="-23.6808852" lon="133.5304608"></trkpt>
    <trkpt lat="-23.6809617" lon="133.5302589"></trkpt>
    <trkpt lat="-23.6810236" lon="133.5301486"></trkpt>
    <trkpt lat="-23.6809810" lon="133.5300014"></trkpt>
    <trkpt lat="-23.6809791" lon="133.5299697"></trkpt>
    <trkpt lat="-23.6809093" lon="133.5298381"></trkpt>
    <trkpt lat="-23.6808766" lon="133.5298032"></trkpt>
    <trkpt lat="-23.6808103" lon="133.5297092"></trkpt>
    <trkpt lat="-23.6806364" lon="133.5294629"></trkpt>
    <trkpt lat="-23.6805900" lon="133.5294046"></trkpt>
    <trkpt lat="-23.6805822" lon="133.5293049"></trkpt>
    <trkpt lat="-23.6805984" lon="133.5289283"></trkpt>
    <trkpt lat="-23.6806371" lon="133.5287314"></trkpt>
    <trkpt lat="-23.6807159" lon="133.5285807"></trkpt>
    <trkpt lat="-23.6807699" lon="133.5283844"></trkpt>
    <trkpt lat="-23.6808514" lon="133.5281900"></trkpt>
    <trkpt lat="-23.6809273" lon="133.5279642"></trkpt>
    <trkpt lat="-23.6810225" lon="133.5277595"></trkpt>
    <trkpt lat="-23.6811523" lon="133.5276399"></trkpt>
    <trkpt lat="-23.6812903" lon="133.5274872"></trkpt>
    <trkpt lat="-23.6812987" lon="133.5274687"></trkpt>
    <trkpt lat="-23.6813304" lon="133.5273772"></trkpt>
    <trkpt lat="-23.6812921" lon="133.5271966"></trkpt>
    <trkpt lat="-23.6812954" lon="133.5271463"></trkpt>
    <trkpt lat="-23.6812817" lon="133.5270042"></trkpt>
    <trkpt lat="-23.6812555" lon="133.5269507"></trkpt>
    <trkpt lat="-23.6811024" lon="133.5267031"></trkpt>
    <trkpt lat="-23.6810430" lon="133.5265584"></trkpt>
    <trkpt lat="-23.6809746" lon="133.5265353"></trkpt>
    <trkpt lat="-23.6809421" lon="133.5265162"></trkpt>
    <trkpt lat="-23.6808737" lon="133.5262618"></trkpt>
    <trkpt lat="-23.6808432" lon="133.5262015"></trkpt>
    <trkpt lat="-23.6807998" lon="133.5260146"></trkpt>
    <trkpt lat="-23.6807342" lon="133.5259919"></trkpt>
    <trkpt lat="-23.6806258" lon="133.5259200"></trkpt>
    <trkpt lat="-23.6805626" lon="133.5258787"></trkpt>
    <trkpt lat="-23.6804501" lon="133.5258082"></trkpt>
    <trkpt lat="-23.6804170" lon="133.5257231"></trkpt>
    <trkpt lat="-23.6804162" lon="133.5255407"></trkpt>
    <trkpt lat="-23.6804176" lon="133.5255257"></trkpt>
    <trkpt lat="-23.6805161" lon="133.5252226"></trkpt>
    <trkpt lat="-23.6805425" lon="133.5248983"></trkpt>
    <trkpt lat="-23.6805097" lon="133.5247405"></trkpt>
    <trkpt lat="-23.6805656" lon="133.5242483"></trkpt>
    <trkpt lat="-23.6805929" lon="133.5241560"></trkpt>
    <trkpt lat="-23.6806606" lon="133.5238761"></trkpt>
    <trkpt lat="-23.6806627" lon="133.5236193"></trkpt>
    <trkpt lat="-23.6806964" lon="133.5232878"></trkpt>
    <trkpt lat="-23.6807189" lon="133.5232026"></trkpt>
    <trkpt lat="-23.6807574" lon="133.5228942"></trkpt>
    <trkpt lat="-23.6807939" lon="133.5225260"></trkpt>
    <trkpt lat="-23.6807015" lon="133.5223032"></trkpt>
    <trkpt lat="-23.6806651" lon="133.5221494"></trkpt>
    <trkpt lat="-23.6806360" lon="133.5220687"></trkpt>
    <trkpt lat="-23.6806410" lon="133.5220606"></trkpt>
    <trkpt lat="-23.6806469" lon="133.5220278"></trkpt>
    <trkpt lat="-23.6806465" lon="133.5219636"></trkpt>
    <trkpt lat="-23.6806854" lon="133.5217729"></trkpt>
    <trkpt lat="-23.6806981" lon="133.5217886"></trkpt>
    <trkpt lat="-23.6807761" lon="133.5216408"></trkpt>
    <trkpt lat="-23.6807820" lon="133.5216516"></trkpt>
    <trkpt lat="-23.6807802" lon="133.5216187"></trkpt>
    <trkpt lat="-23.6808064" lon="133.5215465"></trkpt>
    <trkpt lat="-23.6808463" lon="133.5214924"></trkpt>
    <trkpt lat="-23.6808960" lon="133.5213485"></trkpt>
    <trkpt lat="-23.6808798" lon="133.5213241"></trkpt>
    <trkpt lat="-23.6809142" lon="133.5212801"></trkpt>
    <trkpt lat="-23.6810463" lon="133.5211790"></trkpt>
    <trkpt lat="-23.6811961" lon="133.5210451"></trkpt>
    <trkpt lat="-23.6813672" lon="133.5208037"></trkpt>
    <trkpt lat="-23.6814063" lon="133.5206760"></trkpt>
    <trkpt lat="-23.6815366" lon="133.5205058"></trkpt>
    <trkpt lat="-23.6816121" lon="133.5204219"></trkpt>
    <trkpt lat="-23.6816459" lon="133.5203995"></trkpt>
    <trkpt lat="-23.6816860" lon="133.5203636"></trkpt>
    <trkpt lat="-23.6816938" lon="133.5203407"></trkpt>
    <trkpt lat="-23.6817650" lon="133.5203121"></trkpt>
    <trkpt lat="-23.6818215" lon="133.5203076"></trkpt>
    <trkpt lat="-23.6818729" lon="133.5203154"></trkpt>
    <trkpt lat="-23.6819037" lon="133.5203076"></trkpt>
    <trkpt lat="-23.6819176" lon="133.5203251"></trkpt>
    <trkpt lat="-23.6820141" lon="133.5203128"></trkpt>
    <trkpt lat="-23.6820382" lon="133.5203363"></trkpt>
    <trkpt lat="-23.6820634" lon="133.5203328"></trkpt>
    <trkpt lat="-23.6820829" lon="133.5203049"></trkpt>
    <trkpt lat="-23.6820942" lon="133.5202657"></trkpt>
    <trkpt lat="-23.6821404" lon="133.5201951"></trkpt>
    <trkpt lat="-23.6821650" lon="133.5201110"></trkpt>
    <trkpt lat="-23.6821671" lon="133.5200134"></trkpt>
    <trkpt lat="-23.6821784" lon="133.5199944"></trkpt>
    <trkpt lat="-23.6821825" lon="133.5199652"></trkpt>
    <trkpt lat="-23.6821938" lon="133.5199372"></trkpt>
    <trkpt lat="-23.6822194" lon="133.5199148"></trkpt>
    <trkpt lat="-23.6822523" lon="133.5199024"></trkpt>
    <trkpt lat="-23.6822769" lon="133.5198789"></trkpt>
    <trkpt lat="-23.6822944" lon="133.5198475"></trkpt>
    <trkpt lat="-23.6823087" lon="133.5197825"></trkpt>
    <trkpt lat="-23.6822933" lon="133.5197143"></trkpt>
    <trkpt lat="-23.6823334" lon="133.5195549"></trkpt>
    <trkpt lat="-23.6823437" lon="133.5195235"></trkpt>
    <trkpt lat="-23.6823755" lon="133.5194719"></trkpt>
    <trkpt lat="-23.6823827" lon="133.5194405"></trkpt>
    <trkpt lat="-23.6823714" lon="133.5192872"></trkpt>
    <trkpt lat="-23.6823166" lon="133.5192167"></trkpt>
    <trkpt lat="-23.6823026" lon="133.5191912"></trkpt>
    <trkpt lat="-23.6822903" lon="133.5191446"></trkpt>
    <trkpt lat="-23.6822851" lon="133.5191143"></trkpt>
    <trkpt lat="-23.6822806" lon="133.5190984"></trkpt>
    <trkpt lat="-23.6822441" lon="133.5189983"></trkpt>
    <trkpt lat="-23.6822461" lon="133.5189528"></trkpt>
    <trkpt lat="-23.6821989" lon="133.5188071"></trkpt>
    <trkpt lat="-23.6821845" lon="133.5187690"></trkpt>
    <trkpt lat="-23.6821704" lon="133.5187473"></trkpt>
    <trkpt lat="-23.6821465" lon="133.5187208"></trkpt>
    <trkpt lat="-23.6821414" lon="133.5186927"></trkpt>
    <trkpt lat="-23.6821496" lon="133.5186352"></trkpt>
    <trkpt lat="-23.6821827" lon="133.5185761"></trkpt>
    <trkpt lat="-23.6821896" lon="133.5183749"></trkpt>
    <trkpt lat="-23.6821691" lon="133.5183424"></trkpt>
    <trkpt lat="-23.6821619" lon="133.5183121"></trkpt>
    <trkpt lat="-23.6821784" lon="133.5182022"></trkpt>
    <trkpt lat="-23.6821766" lon="133.5181744"></trkpt>
    <trkpt lat="-23.6821990" lon="133.5181329"></trkpt>
    <trkpt lat="-23.6822092" lon="133.5180912"></trkpt>
    <trkpt lat="-23.6822533" lon="133.5180666"></trkpt>
    <trkpt lat="-23.6822625" lon="133.5180363"></trkpt>
    <trkpt lat="-23.6822831" lon="133.5180105"></trkpt>
    <trkpt lat="-23.6822964" lon="133.5179791"></trkpt>
    <trkpt lat="-23.6823200" lon="133.5179477"></trkpt>
    <trkpt lat="-23.6823334" lon="133.5178827"></trkpt>
    <trkpt lat="-23.6823847" lon="133.5178367"></trkpt>
    <trkpt lat="-23.6824053" lon="133.5178300"></trkpt>
    <trkpt lat="-23.6824391" lon="133.5177975"></trkpt>
    <trkpt lat="-23.6824371" lon="133.5177739"></trkpt>
    <trkpt lat="-23.6824248" lon="133.5177560"></trkpt>
    <trkpt lat="-23.6824258" lon="133.5177179"></trkpt>
    <trkpt lat="-23.6824689" lon="133.5176159"></trkpt>
    <trkpt lat="-23.6824782" lon="133.5175576"></trkpt>
    <trkpt lat="-23.6824771" lon="133.5175004"></trkpt>
    <trkpt lat="-23.6824909" lon="133.5173633"></trkpt>
    <trkpt lat="-23.6824484" lon="133.5171327"></trkpt>
    <trkpt lat="-23.6824761" lon="133.5169297"></trkpt>
    <trkpt lat="-23.6824607" lon="133.5168871"></trkpt>
    <trkpt lat="-23.6824946" lon="133.5168344"></trkpt>
    <trkpt lat="-23.6825244" lon="133.5166797"></trkpt>
    <trkpt lat="-23.6825500" lon="133.5166393"></trkpt>
    <trkpt lat="-23.6825901" lon="133.5165351"></trkpt>
    <trkpt lat="-23.6826291" lon="133.5164947"></trkpt>
    <trkpt lat="-23.6827420" lon="133.5163097"></trkpt>
    <trkpt lat="-23.6827852" lon="133.5162626"></trkpt>
    <trkpt lat="-23.6828067" lon="133.5161909"></trkpt>
    <trkpt lat="-23.6828364" lon="133.5161848"></trkpt>
    <trkpt lat="-23.6828580" lon="133.5161595"></trkpt>
    <trkpt lat="-23.6828498" lon="133.5161427"></trkpt>
    <trkpt lat="-23.6828858" lon="133.5160889"></trkpt>
    <trkpt lat="-23.6829114" lon="133.5160620"></trkpt>
    <trkpt lat="-23.6829371" lon="133.5160597"></trkpt>
    <trkpt lat="-23.6829669" lon="133.5160171"></trkpt>
    <trkpt lat="-23.6830398" lon="133.5159319"></trkpt>
    <trkpt lat="-23.6831414" lon="133.5158254"></trkpt>
    <trkpt lat="-23.6832328" lon="133.5156247"></trkpt>
    <trkpt lat="-23.6832728" lon="133.5155115"></trkpt>
    <trkpt lat="-23.6833601" lon="133.5153646"></trkpt>
    <trkpt lat="-23.6834197" lon="133.5152951"></trkpt>
    <trkpt lat="-23.6834299" lon="133.5152626"></trkpt>
    <trkpt lat="-23.6834238" lon="133.5152233"></trkpt>
    <trkpt lat="-23.6834289" lon="133.5151594"></trkpt>
    <trkpt lat="-23.6834073" lon="133.5150821"></trkpt>
    <trkpt lat="-23.6834012" lon="133.5149318"></trkpt>
    <trkpt lat="-23.6834248" lon="133.5148567"></trkpt>
    <trkpt lat="-23.6834248" lon="133.5147412"></trkpt>
    <trkpt lat="-23.6834176" lon="133.5146751"></trkpt>
    <trkpt lat="-23.6834227" lon="133.5146095"></trkpt>
    <trkpt lat="-23.6834679" lon="133.5145523"></trkpt>
    <trkpt lat="-23.6835121" lon="133.5144548"></trkpt>
    <trkpt lat="-23.6836024" lon="133.5143449"></trkpt>
    <trkpt lat="-23.6836394" lon="133.5142317"></trkpt>
    <trkpt lat="-23.6836712" lon="133.5141734"></trkpt>
    <trkpt lat="-23.6836938" lon="133.5141039"></trkpt>
    <trkpt lat="-23.6836989" lon="133.5140052"></trkpt>
    <trkpt lat="-23.6837523" lon="133.5138987"></trkpt>
    <trkpt lat="-23.6837780" lon="133.5138920"></trkpt>
    <trkpt lat="-23.6838252" lon="133.5137922"></trkpt>
    <trkpt lat="-23.6838211" lon="133.5137328"></trkpt>
    <trkpt lat="-23.6838488" lon="133.5136790"></trkpt>
    <trkpt lat="-23.6838755" lon="133.5136487"></trkpt>
    <trkpt lat="-23.6838663" lon="133.5136218"></trkpt>
    <trkpt lat="-23.6839043" lon="133.5135881"></trkpt>
    <trkpt lat="-23.6838889" lon="133.5135612"></trkpt>
    <trkpt lat="-23.6838971" lon="133.5135433"></trkpt>
    <trkpt lat="-23.6839423" lon="133.5135276"></trkpt>
    <trkpt lat="-23.6839423" lon="133.5134984"></trkpt>
    <trkpt lat="-23.6839125" lon="133.5134581"></trkpt>
    <trkpt lat="-23.6839269" lon="133.5133628"></trkpt>
    <trkpt lat="-23.6839710" lon="133.5133090"></trkpt>
    <trkpt lat="-23.6839659" lon="133.5132697"></trkpt>
    <trkpt lat="-23.6839720" lon="133.5131946"></trkpt>
    <trkpt lat="-23.6839823" lon="133.5131610"></trkpt>
    <trkpt lat="-23.6840111" lon="133.5131307"></trkpt>
    <trkpt lat="-23.6840152" lon="133.5130646"></trkpt>
    <trkpt lat="-23.6840336" lon="133.5130253"></trkpt>
    <trkpt lat="-23.6840234" lon="133.5129715"></trkpt>
    <trkpt lat="-23.6840347" lon="133.5129569"></trkpt>
    <trkpt lat="-23.6840408" lon="133.5129704"></trkpt>
    <trkpt lat="-23.6840881" lon="133.5128762"></trkpt>
    <trkpt lat="-23.6841004" lon="133.5128291"></trkpt>
    <trkpt lat="-23.6841199" lon="133.5127820"></trkpt>
    <trkpt lat="-23.6841599" lon="133.5127428"></trkpt>
    <trkpt lat="-23.6841538" lon="133.5127226"></trkpt>
    <trkpt lat="-23.6842185" lon="133.5126441"></trkpt>
    <trkpt lat="-23.6842154" lon="133.5126273"></trkpt>
    <trkpt lat="-23.6842308" lon="133.5125937"></trkpt>
    <trkpt lat="-23.6843026" lon="133.5125197"></trkpt>
    <trkpt lat="-23.6843396" lon="133.5124905"></trkpt>
    <trkpt lat="-23.6843417" lon="133.5124659"></trkpt>
    <trkpt lat="-23.6844012" lon="133.5124692"></trkpt>
    <trkpt lat="-23.6844135" lon="133.5124793"></trkpt>
    <trkpt lat="-23.6844690" lon="133.5124367"></trkpt>
    <trkpt lat="-23.6844751" lon="133.5124188"></trkpt>
    <trkpt lat="-23.6844618" lon="133.5124121"></trkpt>
    <trkpt lat="-23.6844762" lon="133.5123616"></trkpt>
    <trkpt lat="-23.6844495" lon="133.5123280"></trkpt>
    <trkpt lat="-23.6844546" lon="133.5123134"></trkpt>
    <trkpt lat="-23.6844413" lon="133.5122921"></trkpt>
    <trkpt lat="-23.6844546" lon="133.5122428"></trkpt>
    <trkpt lat="-23.6844813" lon="133.5121990"></trkpt>
    <trkpt lat="-23.6845347" lon="133.5121329"></trkpt>
    <trkpt lat="-23.6845542" lon="133.5121239"></trkpt>
    <trkpt lat="-23.6845675" lon="133.5120993"></trkpt>
    <trkpt lat="-23.6845573" lon="133.5120421"></trkpt>
    <trkpt lat="-23.6845655" lon="133.5119445"></trkpt>
    <trkpt lat="-23.6845480" lon="133.5119367"></trkpt>
    <trkpt lat="-23.6845501" lon="133.5118313"></trkpt>
    <trkpt lat="-23.6845881" lon="133.5117708"></trkpt>
    <trkpt lat="-23.6846004" lon="133.5116945"></trkpt>
    <trkpt lat="-23.6845912" lon="133.5116665"></trkpt>
    <trkpt lat="-23.6846148" lon="133.5116295"></trkpt>
    <trkpt lat="-23.6846076" lon="133.5116071"></trkpt>
    <trkpt lat="-23.6846066" lon="133.5115398"></trkpt>
    <trkpt lat="-23.6846281" lon="133.5114860"></trkpt>
    <trkpt lat="-23.6846630" lon="133.5114501"></trkpt>
    <trkpt lat="-23.6846579" lon="133.5114243"></trkpt>
    <trkpt lat="-23.6847061" lon="133.5113817"></trkpt>
    <trkpt lat="-23.6847667" lon="133.5113526"></trkpt>
    <trkpt lat="-23.6847819" lon="133.5113139"></trkpt>
    <trkpt lat="-23.6848052" lon="133.5112842"></trkpt>
    <trkpt lat="-23.6849295" lon="133.5113100"></trkpt>
    <trkpt lat="-23.6849449" lon="133.5112606"></trkpt>
    <trkpt lat="-23.6849736" lon="133.5112360"></trkpt>
    <trkpt lat="-23.6849849" lon="133.5111530"></trkpt>
    <trkpt lat="-23.6850054" lon="133.5110936"></trkpt>
    <trkpt lat="-23.6849962" lon="133.5110689"></trkpt>
    <trkpt lat="-23.6849818" lon="133.5110644"></trkpt>
    <trkpt lat="-23.6850044" lon="133.5109355"></trkpt>
    <trkpt lat="-23.6849952" lon="133.5109209"></trkpt>
    <trkpt lat="-23.6850208" lon="133.5108111"></trkpt>
    <trkpt lat="-23.6850106" lon="133.5106776"></trkpt>
    <trkpt lat="-23.6850178" lon="133.5106305"></trkpt>
    <trkpt lat="-23.6850516" lon="133.5105734"></trkpt>
    <trkpt lat="-23.6850568" lon="133.5105352"></trkpt>
    <trkpt lat="-23.6851019" lon="133.5104758"></trkpt>
    <trkpt lat="-23.6851030" lon="133.5104512"></trkpt>
    <trkpt lat="-23.6851471" lon="133.5103671"></trkpt>
    <trkpt lat="-23.6852056" lon="133.5103144"></trkpt>
    <trkpt lat="-23.6852364" lon="133.5102964"></trkpt>
    <trkpt lat="-23.6852590" lon="133.5102628"></trkpt>
    <trkpt lat="-23.6852919" lon="133.5102370"></trkpt>
    <trkpt lat="-23.6853032" lon="133.5102146"></trkpt>
    <trkpt lat="-23.6852970" lon="133.5102034"></trkpt>
    <trkpt lat="-23.6853052" lon="133.5101765"></trkpt>
    <trkpt lat="-23.6853432" lon="133.5101619"></trkpt>
    <trkpt lat="-23.6853751" lon="133.5101395"></trkpt>
    <trkpt lat="-23.6853894" lon="133.5101126"></trkpt>
    <trkpt lat="-23.6853915" lon="133.5100722"></trkpt>
    <trkpt lat="-23.6853843" lon="133.5100543"></trkpt>
    <trkpt lat="-23.6853915" lon="133.5100296"></trkpt>
    <trkpt lat="-23.6854531" lon="133.5099747"></trkpt>
    <trkpt lat="-23.6855013" lon="133.5099747"></trkpt>
    <trkpt lat="-23.6855219" lon="133.5099926"></trkpt>
    <trkpt lat="-23.6856636" lon="133.5100341"></trkpt>
    <trkpt lat="-23.6857775" lon="133.5100206"></trkpt>
    <trkpt lat="-23.6857878" lon="133.5099679"></trkpt>
    <trkpt lat="-23.6858124" lon="133.5099410"></trkpt>
    <trkpt lat="-23.6858638" lon="133.5099197"></trkpt>
    <trkpt lat="-23.6860075" lon="133.5099130"></trkpt>
    <trkpt lat="-23.6861256" lon="133.5098687"></trkpt>
    <trkpt lat="-23.6861133" lon="133.5098031"></trkpt>
    <trkpt lat="-23.6861553" lon="133.5096854"></trkpt>
    <trkpt lat="-23.6861605" lon="133.5096372"></trkpt>
    <trkpt lat="-23.6861652" lon="133.5096311"></trkpt>
    <trkpt lat="-23.6862498" lon="133.5095206"></trkpt>
    <trkpt lat="-23.6862385" lon="133.5094971"></trkpt>
    <trkpt lat="-23.6862857" lon="133.5094646"></trkpt>
    <trkpt lat="-23.6862919" lon="133.5094388"></trkpt>
    <trkpt lat="-23.6863402" lon="133.5094119"></trkpt>
    <trkpt lat="-23.6863556" lon="133.5093636"></trkpt>
    <trkpt lat="-23.6863381" lon="133.5093166"></trkpt>
    <trkpt lat="-23.6863504" lon="133.5092986"></trkpt>
    <trkpt lat="-23.6863556" lon="133.5092246"></trkpt>
    <trkpt lat="-23.6864141" lon="133.5091484"></trkpt>
    <trkpt lat="-23.6865373" lon="133.5090878"></trkpt>
    <trkpt lat="-23.6865835" lon="133.5090508"></trkpt>
    <trkpt lat="-23.6866317" lon="133.5090234"></trkpt>
    <trkpt lat="-23.6867046" lon="133.5090183"></trkpt>
    <trkpt lat="-23.6867529" lon="133.5090318"></trkpt>
    <trkpt lat="-23.6868237" lon="133.5090026"></trkpt>
    <trkpt lat="-23.6868925" lon="133.5089937"></trkpt>
    <trkpt lat="-23.6869901" lon="133.5089948"></trkpt>
    <trkpt lat="-23.6870283" lon="133.5089797"></trkpt>
    <trkpt lat="-23.6870588" lon="133.5089826"></trkpt>
    <trkpt lat="-23.6871743" lon="133.5090015"></trkpt>
    <trkpt lat="-23.6872606" lon="133.5089892"></trkpt>
    <trkpt lat="-23.6872945" lon="133.5090060"></trkpt>
    <trkpt lat="-23.6873119" lon="133.5089959"></trkpt>
    <trkpt lat="-23.6873622" lon="133.5089937"></trkpt>
    <trkpt lat="-23.6873889" lon="133.5090195"></trkpt>
    <trkpt lat="-23.6873764" lon="133.5090613"></trkpt>
    <trkpt lat="-23.6874485" lon="133.5091136"></trkpt>
    <trkpt lat="-23.6875121" lon="133.5091002"></trkpt>
    <trkpt lat="-23.6876029" lon="133.5091277"></trkpt>
    <trkpt lat="-23.6876169" lon="133.5091585"></trkpt>
    <trkpt lat="-23.6876771" lon="133.5092646"></trkpt>
    <trkpt lat="-23.6877092" lon="133.5092515"></trkpt>
    <trkpt lat="-23.6877245" lon="133.5092515"></trkpt>
    <trkpt lat="-23.6877259" lon="133.5092658"></trkpt>
    <trkpt lat="-23.6877107" lon="133.5092753"></trkpt>
    <trkpt lat="-23.6877179" lon="133.5093086"></trkpt>
    <trkpt lat="-23.6877027" lon="133.5093665"></trkpt>
    <trkpt lat="-23.6877045" lon="133.5093968"></trkpt>
    <trkpt lat="-23.6877681" lon="133.5094427"></trkpt>
    <trkpt lat="-23.6878465" lon="133.5095458"></trkpt>
    <trkpt lat="-23.6878876" lon="133.5095726"></trkpt>
    <trkpt lat="-23.6879222" lon="133.5095874"></trkpt>
    <trkpt lat="-23.6879820" lon="133.5095582"></trkpt>
    <trkpt lat="-23.6880377" lon="133.5095368"></trkpt>
    <trkpt lat="-23.6881316" lon="133.5095717"></trkpt>
    <trkpt lat="-23.6881892" lon="133.5095585"></trkpt>
    <trkpt lat="-23.6882548" lon="133.5095672"></trkpt>
    <trkpt lat="-23.6883801" lon="133.5096255"></trkpt>
    <trkpt lat="-23.6884581" lon="133.5096928"></trkpt>
    <trkpt lat="-23.6884725" lon="133.5096704"></trkpt>
    <trkpt lat="-23.6885259" lon="133.5097085"></trkpt>
    <trkpt lat="-23.6885813" lon="133.5096928"></trkpt>
    <trkpt lat="-23.6887291" lon="133.5097758"></trkpt>
    <trkpt lat="-23.6888215" lon="133.5098139"></trkpt>
    <trkpt lat="-23.6888585" lon="133.5098610"></trkpt>
    <trkpt lat="-23.6889324" lon="133.5098228"></trkpt>
    <trkpt lat="-23.6890166" lon="133.5098161"></trkpt>
    <trkpt lat="-23.6890762" lon="133.5098587"></trkpt>
    <trkpt lat="-23.6891521" lon="133.5098811"></trkpt>
    <trkpt lat="-23.6891665" lon="133.5099305"></trkpt>
    <trkpt lat="-23.6892221" lon="133.5099659"></trkpt>
    <trkpt lat="-23.6892604" lon="133.5099951"></trkpt>
    <trkpt lat="-23.6892753" lon="133.5100336"></trkpt>
    <trkpt lat="-23.6893410" lon="133.5101278"></trkpt>
    <trkpt lat="-23.6894150" lon="133.5101839"></trkpt>
    <trkpt lat="-23.6894639" lon="133.5101977"></trkpt>
    <trkpt lat="-23.6895156" lon="133.5102130"></trkpt>
    <trkpt lat="-23.6895546" lon="133.5102547"></trkpt>
    <trkpt lat="-23.6896457" lon="133.5102434"></trkpt>
    <trkpt lat="-23.6896809" lon="133.5102455"></trkpt>
    <trkpt lat="-23.6899129" lon="133.5101850"></trkpt>
    <trkpt lat="-23.6899355" lon="133.5101491"></trkpt>
    <trkpt lat="-23.6900197" lon="133.5101020"></trkpt>
    <trkpt lat="-23.6900895" lon="133.5100998"></trkpt>
    <trkpt lat="-23.6901490" lon="133.5101379"></trkpt>
    <trkpt lat="-23.6901901" lon="133.5101491"></trkpt>
    <trkpt lat="-23.6902373" lon="133.5102029"></trkpt>
    <trkpt lat="-23.6903400" lon="133.5102366"></trkpt>
    <trkpt lat="-23.6904160" lon="133.5101917"></trkpt>
    <trkpt lat="-23.6904960" lon="133.5101805"></trkpt>
    <trkpt lat="-23.6905884" lon="133.5101132"></trkpt>
    <trkpt lat="-23.6906726" lon="133.5100056"></trkpt>
    <trkpt lat="-23.6906788" lon="133.5099697"></trkpt>
    <trkpt lat="-23.6907260" lon="133.5099338"></trkpt>
    <trkpt lat="-23.6907548" lon="133.5098688"></trkpt>
    <trkpt lat="-23.6908184" lon="133.5098307"></trkpt>
    <trkpt lat="-23.6909006" lon="133.5098285"></trkpt>
    <trkpt lat="-23.6909868" lon="133.5098554"></trkpt>
    <trkpt lat="-23.6911103" lon="133.5098580"></trkpt>
    <trkpt lat="-23.6912435" lon="133.5096020"></trkpt>
    <trkpt lat="-23.6912599" lon="133.5094450"></trkpt>
    <trkpt lat="-23.6913892" lon="133.5093665"></trkpt>
    <trkpt lat="-23.6914467" lon="133.5092656"></trkpt>
    <trkpt lat="-23.6915042" lon="133.5092051"></trkpt>
    <trkpt lat="-23.6915391" lon="133.5090907"></trkpt>
    <trkpt lat="-23.6915371" lon="133.5089898"></trkpt>
    <trkpt lat="-23.6916439" lon="133.5087095"></trkpt>
    <trkpt lat="-23.6916870" lon="133.5085077"></trkpt>
    <trkpt lat="-23.6917239" lon="133.5084345"></trkpt>
    <trkpt lat="-23.6917043" lon="133.5082467"></trkpt>
    <trkpt lat="-23.6917174" lon="133.5081833"></trkpt>
    <trkpt lat="-23.6917043" lon="133.5081231"></trkpt>
    <trkpt lat="-23.6917246" lon="133.5080771"></trkpt>
    <trkpt lat="-23.6917128" lon="133.5079951"></trkpt>
    <trkpt lat="-23.6917537" lon="133.5078757"></trkpt>
    <trkpt lat="-23.6917763" lon="133.5078515"></trkpt>
    <trkpt lat="-23.6917968" lon="133.5077461"></trkpt>
    <trkpt lat="-23.6918841" lon="133.5076698"></trkpt>
    <trkpt lat="-23.6918964" lon="133.5075891"></trkpt>
    <trkpt lat="-23.6919375" lon="133.5075308"></trkpt>
    <trkpt lat="-23.6919929" lon="133.5075308"></trkpt>
    <trkpt lat="-23.6920216" lon="133.5074478"></trkpt>
    <trkpt lat="-23.6920956" lon="133.5073447"></trkpt>
    <trkpt lat="-23.6922927" lon="133.5072550"></trkpt>
    <trkpt lat="-23.6923502" lon="133.5072146"></trkpt>
    <trkpt lat="-23.6923953" lon="133.5071900"></trkpt>
    <trkpt lat="-23.6924220" lon="133.5071608"></trkpt>
    <trkpt lat="-23.6924467" lon="133.5070196"></trkpt>
    <trkpt lat="-23.6924411" lon="133.5069357"></trkpt>
    <trkpt lat="-23.6923871" lon="133.5067998"></trkpt>
    <trkpt lat="-23.6923604" lon="133.5066742"></trkpt>
    <trkpt lat="-23.6922947" lon="133.5065375"></trkpt>
    <trkpt lat="-23.6922167" lon="133.5065083"></trkpt>
    <trkpt lat="-23.6921469" lon="133.5063850"></trkpt>
    <trkpt lat="-23.6920935" lon="133.5063357"></trkpt>
    <trkpt lat="-23.6920442" lon="133.5061809"></trkpt>
    <trkpt lat="-23.6920196" lon="133.5060285"></trkpt>
    <trkpt lat="-23.6918861" lon="133.5057347"></trkpt>
    <trkpt lat="-23.6918451" lon="133.5057033"></trkpt>
    <trkpt lat="-23.6917888" lon="133.5056098"></trkpt>
    <trkpt lat="-23.6917793" lon="133.5054612"></trkpt>
    <trkpt lat="-23.6917917" lon="133.5053961"></trkpt>
    <trkpt lat="-23.6917814" lon="133.5053311"></trkpt>
    <trkpt lat="-23.6918409" lon="133.5051674"></trkpt>
    <trkpt lat="-23.6919416" lon="133.5051002"></trkpt>
    <trkpt lat="-23.6919600" lon="133.5048131"></trkpt>
    <trkpt lat="-23.6920134" lon="133.5045351"></trkpt>
    <trkpt lat="-23.6920771" lon="133.5044589"></trkpt>
    <trkpt lat="-23.6921469" lon="133.5043153"></trkpt>
    <trkpt lat="-23.6921387" lon="133.5041831"></trkpt>
    <trkpt lat="-23.6920832" lon="133.5041360"></trkpt>
    <trkpt lat="-23.6920524" lon="133.5040822"></trkpt>
    <trkpt lat="-23.6920298" lon="133.5037391"></trkpt>
    <trkpt lat="-23.6920606" lon="133.5035776"></trkpt>
    <trkpt lat="-23.6921079" lon="133.5034969"></trkpt>
    <trkpt lat="-23.6920948" lon="133.5033982"></trkpt>
    <trkpt lat="-23.6920750" lon="133.5032884"></trkpt>
    <trkpt lat="-23.6920406" lon="133.5031447"></trkpt>
    <trkpt lat="-23.6920234" lon="133.5029956"></trkpt>
    <trkpt lat="-23.6920312" lon="133.5029067"></trkpt>
    <trkpt lat="-23.6920504" lon="133.5028623"></trkpt>
    <trkpt lat="-23.6920529" lon="133.5027517"></trkpt>
    <trkpt lat="-23.6920812" lon="133.5026786"></trkpt>
    <trkpt lat="-23.6921202" lon="133.5026538"></trkpt>
    <trkpt lat="-23.6921058" lon="133.5025372"></trkpt>
    <trkpt lat="-23.6921243" lon="133.5024049"></trkpt>
    <trkpt lat="-23.6921284" lon="133.5023309"></trkpt>
    <trkpt lat="-23.6921654" lon="133.5021919"></trkpt>
    <trkpt lat="-23.6921859" lon="133.5021426"></trkpt>
    <trkpt lat="-23.6921797" lon="133.5020910"></trkpt>
    <trkpt lat="-23.6921962" lon="133.5019811"></trkpt>
    <trkpt lat="-23.6921908" lon="133.5019221"></trkpt>
    <trkpt lat="-23.6922034" lon="133.5018708"></trkpt>
    <trkpt lat="-23.6921777" lon="133.5017793"></trkpt>
    <trkpt lat="-23.6921778" lon="133.5016640"></trkpt>
    <trkpt lat="-23.6921674" lon="133.5015259"></trkpt>
    <trkpt lat="-23.6921353" lon="133.5014136"></trkpt>
    <trkpt lat="-23.6921161" lon="133.5013667"></trkpt>
    <trkpt lat="-23.6920876" lon="133.5012905"></trkpt>
    <trkpt lat="-23.6920134" lon="133.5010842"></trkpt>
    <trkpt lat="-23.6920011" lon="133.5009811"></trkpt>
    <trkpt lat="-23.6919600" lon="133.5009340"></trkpt>
    <trkpt lat="-23.6919662" lon="133.5008689"></trkpt>
    <trkpt lat="-23.6919395" lon="133.5008488"></trkpt>
    <trkpt lat="-23.6918512" lon="133.5006313"></trkpt>
    <trkpt lat="-23.6918274" lon="133.5004514"></trkpt>
    <trkpt lat="-23.6918040" lon="133.5003824"></trkpt>
    <trkpt lat="-23.6917830" lon="133.5002170"></trkpt>
    <trkpt lat="-23.6918114" lon="133.5001528"></trkpt>
    <trkpt lat="-23.6918233" lon="133.5001151"></trkpt>
    <trkpt lat="-23.6918320" lon="133.5000375"></trkpt>
    <trkpt lat="-23.6918610" lon="133.4999265"></trkpt>
    <trkpt lat="-23.6918581" lon="133.4998726"></trkpt>
    <trkpt lat="-23.6918770" lon="133.4997584"></trkpt>
    <trkpt lat="-23.6918683" lon="133.4997219"></trkpt>
    <trkpt lat="-23.6919060" lon="133.4995539"></trkpt>
    <trkpt lat="-23.6919046" lon="133.4994984"></trkpt>
    <trkpt lat="-23.6919481" lon="133.4993303"></trkpt>
    <trkpt lat="-23.6919351" lon="133.4993097"></trkpt>
    <trkpt lat="-23.6919423" lon="133.4991258"></trkpt>
    <trkpt lat="-23.6919627" lon="133.4990227"></trkpt>
    <trkpt lat="-23.6920077" lon="133.4988895"></trkpt>
    <trkpt lat="-23.6920120" lon="133.4988166"></trkpt>
    <trkpt lat="-23.6920374" lon="133.4987754"></trkpt>
    <trkpt lat="-23.6920657" lon="133.4986580"></trkpt>
    <trkpt lat="-23.6920697" lon="133.4986131"></trkpt>
    <trkpt lat="-23.6920638" lon="133.4985696"></trkpt>
    <trkpt lat="-23.6921426" lon="133.4984598"></trkpt>
    <trkpt lat="-23.6922028" lon="133.4984034"></trkpt>
    <trkpt lat="-23.6922306" lon="133.4983928"></trkpt>
    <trkpt lat="-23.6922566" lon="133.4982877"></trkpt>
    <trkpt lat="-23.6922705" lon="133.4982109"></trkpt>
    <trkpt lat="-23.6923010" lon="133.4981919"></trkpt>
    <trkpt lat="-23.6923256" lon="133.4981633"></trkpt>
    <trkpt lat="-23.6923256" lon="133.4981063"></trkpt>
    <trkpt lat="-23.6923140" lon="133.4980841"></trkpt>
    <trkpt lat="-23.6923325" lon="133.4980260"></trkpt>
    <trkpt lat="-23.6923808" lon="133.4978716"></trkpt>
    <trkpt lat="-23.6923871" lon="133.4978028"></trkpt>
    <trkpt lat="-23.6923677" lon="133.4977495"></trkpt>
    <trkpt lat="-23.6923590" lon="133.4976766"></trkpt>
    <trkpt lat="-23.6923735" lon="133.4976021"></trkpt>
    <trkpt lat="-23.6923333" lon="133.4974795"></trkpt>
    <trkpt lat="-23.6923314" lon="133.4974189"></trkpt>
    <trkpt lat="-23.6923750" lon="133.4973547"></trkpt>
    <trkpt lat="-23.6924048" lon="133.4972915"></trkpt>
    <trkpt lat="-23.6924084" lon="133.4972707"></trkpt>
    <trkpt lat="-23.6924069" lon="133.4971914"></trkpt>
    <trkpt lat="-23.6923834" lon="133.4971118"></trkpt>
    <trkpt lat="-23.6923765" lon="133.4970868"></trkpt>
    <trkpt lat="-23.6923755" lon="133.4969591"></trkpt>
    <trkpt lat="-23.6923770" lon="133.4966851"></trkpt>
    <trkpt lat="-23.6923779" lon="133.4965318"></trkpt>
    <trkpt lat="-23.6923548" lon="133.4964047"></trkpt>
    <trkpt lat="-23.6923237" lon="133.4961713"></trkpt>
    <trkpt lat="-23.6923090" lon="133.4961135"></trkpt>
    <trkpt lat="-23.6922893" lon="133.4959277"></trkpt>
    <trkpt lat="-23.6922470" lon="133.4959021"></trkpt>
    <trkpt lat="-23.6922194" lon="133.4957558"></trkpt>
    <trkpt lat="-23.6921788" lon="133.4956461"></trkpt>
    <trkpt lat="-23.6922051" lon="133.4955355"></trkpt>
    <trkpt lat="-23.6922661" lon="133.4954584"></trkpt>
    <trkpt lat="-23.6922908" lon="133.4953141"></trkpt>
    <trkpt lat="-23.6923039" lon="133.4951730"></trkpt>
    <trkpt lat="-23.6923703" lon="133.4949572"></trkpt>
    <trkpt lat="-23.6924041" lon="133.4949116"></trkpt>
    <trkpt lat="-23.6925158" lon="133.4947520"></trkpt>
    <trkpt lat="-23.6925173" lon="133.4946918"></trkpt>
    <trkpt lat="-23.6925477" lon="133.4945963"></trkpt>
    <trkpt lat="-23.6925884" lon="133.4944619"></trkpt>
    <trkpt lat="-23.6928309" lon="133.4942447"></trkpt>
    <trkpt lat="-23.6928977" lon="133.4942241"></trkpt>
    <trkpt lat="-23.6931706" lon="133.4940148"></trkpt>
    <trkpt lat="-23.6932781" lon="133.4938261"></trkpt>
    <trkpt lat="-23.6933173" lon="133.4937706"></trkpt>
    <trkpt lat="-23.6934594" lon="133.4936514"></trkpt>
    <trkpt lat="-23.6935103" lon="133.4935829"></trkpt>
    <trkpt lat="-23.6936270" lon="133.4934298"></trkpt>
    <trkpt lat="-23.6936574" lon="133.4933835"></trkpt>
    <trkpt lat="-23.6936149" lon="133.4933171"></trkpt>
    <trkpt lat="-23.6935860" lon="133.4932432"></trkpt>
    <trkpt lat="-23.6935859" lon="133.4931966"></trkpt>
    <trkpt lat="-23.6935932" lon="133.4929362"></trkpt>
    <trkpt lat="-23.6936786" lon="133.4927881"></trkpt>
    <trkpt lat="-23.6942412" lon="133.4925773"></trkpt>
    <trkpt lat="-23.6942892" lon="133.4924298"></trkpt>
    <trkpt lat="-23.6943151" lon="133.4923979"></trkpt>
    <trkpt lat="-23.6943509" lon="133.4923749"></trkpt>
    <trkpt lat="-23.6943801" lon="133.4923743"></trkpt>
    <trkpt lat="-23.6944876" lon="133.4923307"></trkpt>
    <trkpt lat="-23.6945248" lon="133.4922177"></trkpt>
    <trkpt lat="-23.6946108" lon="133.4920616"></trkpt>
    <trkpt lat="-23.6945861" lon="133.4916535"></trkpt>
    <trkpt lat="-23.6947586" lon="133.4912723"></trkpt>
    <trkpt lat="-23.6950420" lon="133.4909674"></trkpt>
    <trkpt lat="-23.6951980" lon="133.4906938"></trkpt>
    <trkpt lat="-23.6952019" lon="133.4905655"></trkpt>
    <trkpt lat="-23.6951898" lon="133.4905503"></trkpt>
    <trkpt lat="-23.6952418" lon="133.4904140"></trkpt>
    <trkpt lat="-23.6953007" lon="133.4903126"></trkpt>
    <trkpt lat="-23.6953179" lon="133.4902762"></trkpt>
    <trkpt lat="-23.6953417" lon="133.4901556"></trkpt>
    <trkpt lat="-23.6954010" lon="133.4901004"></trkpt>
    <trkpt lat="-23.6954362" lon="133.4900704"></trkpt>
    <trkpt lat="-23.6954773" lon="133.4899359"></trkpt>
    <trkpt lat="-23.6954801" lon="133.4898811"></trkpt>
    <trkpt lat="-23.6956785" lon="133.4895323"></trkpt>
    <trkpt lat="-23.6956867" lon="133.4893484"></trkpt>
    <trkpt lat="-23.6958181" lon="133.4890883"></trkpt>
    <trkpt lat="-23.6958140" lon="133.4888551"></trkpt>
    <trkpt lat="-23.6958345" lon="133.4886578"></trkpt>
    <trkpt lat="-23.6958797" lon="133.4884515"></trkpt>
    <trkpt lat="-23.6959043" lon="133.4879941"></trkpt>
    <trkpt lat="-23.6959618" lon="133.4878192"></trkpt>
    <trkpt lat="-23.6961589" lon="133.4875635"></trkpt>
    <trkpt lat="-23.6961461" lon="133.4874850"></trkpt>
    <trkpt lat="-23.6961466" lon="133.4874514"></trkpt>
    <trkpt lat="-23.6962205" lon="133.4873393"></trkpt>
    <trkpt lat="-23.6962534" lon="133.4871375"></trkpt>
    <trkpt lat="-23.6962973" lon="133.4869248"></trkpt>
    <trkpt lat="-23.6963437" lon="133.4868370"></trkpt>
    <trkpt lat="-23.6963561" lon="133.4864289"></trkpt>
    <trkpt lat="-23.6963314" lon="133.4860747"></trkpt>
    <trkpt lat="-23.6962904" lon="133.4859267"></trkpt>
    <trkpt lat="-23.6963725" lon="133.4857428"></trkpt>
    <trkpt lat="-23.6964706" lon="133.4856653"></trkpt>
    <trkpt lat="-23.6965628" lon="133.4855952"></trkpt>
    <trkpt lat="-23.6965912" lon="133.4855832"></trkpt>
    <trkpt lat="-23.6967010" lon="133.4855500"></trkpt>
    <trkpt lat="-23.6968197" lon="133.4853374"></trkpt>
    <trkpt lat="-23.6968569" lon="133.4852757"></trkpt>
    <trkpt lat="-23.6968881" lon="133.4852469"></trkpt>
    <trkpt lat="-23.6970542" lon="133.4851284"></trkpt>
    <trkpt lat="-23.6970911" lon="133.4849221"></trkpt>
    <trkpt lat="-23.6971691" lon="133.4848773"></trkpt>
    <trkpt lat="-23.6971918" lon="133.4846861"></trkpt>
    <trkpt lat="-23.6972020" lon="133.4846216"></trkpt>
    <trkpt lat="-23.6972602" lon="133.4845313"></trkpt>
    <trkpt lat="-23.6973625" lon="133.4843782"></trkpt>
    <trkpt lat="-23.6973047" lon="133.4843212"></trkpt>
    <trkpt lat="-23.6974764" lon="133.4838271"></trkpt>
    <trkpt lat="-23.6974907" lon="133.4837961"></trkpt>
    <trkpt lat="-23.6976609" lon="133.4836404"></trkpt>
    <trkpt lat="-23.6977453" lon="133.4835690"></trkpt>
    <trkpt lat="-23.6978262" lon="133.4834915"></trkpt>
    <trkpt lat="-23.6980438" lon="133.4833974"></trkpt>
    <trkpt lat="-23.6980589" lon="133.4833601"></trkpt>
    <trkpt lat="-23.6980848" lon="133.4833021"></trkpt>
    <trkpt lat="-23.6981898" lon="133.4832458"></trkpt>
    <trkpt lat="-23.6983558" lon="133.4831673"></trkpt>
    <trkpt lat="-23.6983813" lon="133.4831589"></trkpt>
    <trkpt lat="-23.6984011" lon="133.4831507"></trkpt>
    <trkpt lat="-23.6985253" lon="133.4831813"></trkpt>
    <trkpt lat="-23.6986190" lon="133.4831584"></trkpt>
    <trkpt lat="-23.6987542" lon="133.4832314"></trkpt>
    <trkpt lat="-23.6988943" lon="133.4832456"></trkpt>
    <trkpt lat="-23.6989349" lon="133.4832254"></trkpt>
    <trkpt lat="-23.6990307" lon="133.4832445"></trkpt>
    <trkpt lat="-23.6991256" lon="133.4831758"></trkpt>
    <trkpt lat="-23.6994015" lon="133.4828308"></trkpt>
    <trkpt lat="-23.6994630" lon="133.4825393"></trkpt>
    <trkpt lat="-23.6995534" lon="133.4824048"></trkpt>
    <trkpt lat="-23.6995657" lon="133.4822613"></trkpt>
    <trkpt lat="-23.6996355" lon="133.4821491"></trkpt>
    <trkpt lat="-23.6996478" lon="133.4820101"></trkpt>
    <trkpt lat="-23.6997464" lon="133.4818262"></trkpt>
    <trkpt lat="-23.6998080" lon="133.4816738"></trkpt>
    <trkpt lat="-23.6999435" lon="133.4815213"></trkpt>
    <trkpt lat="-23.7000468" lon="133.4814568"></trkpt>
    <trkpt lat="-23.7001129" lon="133.4814483"></trkpt>
    <trkpt lat="-23.7001981" lon="133.4815303"></trkpt>
    <trkpt lat="-23.7002447" lon="133.4815170"></trkpt>
    <trkpt lat="-23.7003459" lon="133.4814809"></trkpt>
    <trkpt lat="-23.7005102" lon="133.4812657"></trkpt>
    <trkpt lat="-23.7008200" lon="133.4812106"></trkpt>
    <trkpt lat="-23.7011784" lon="133.4811437"></trkpt>
    <trkpt lat="-23.7012732" lon="133.4811814"></trkpt>
    <trkpt lat="-23.7013571" lon="133.4812970"></trkpt>
    <trkpt lat="-23.7013932" lon="133.4813544"></trkpt>
    <trkpt lat="-23.7014096" lon="133.4814335"></trkpt>
    <trkpt lat="-23.7014751" lon="133.4814583"></trkpt>
    <trkpt lat="-23.7015778" lon="133.4814271"></trkpt>
    <trkpt lat="-23.7016996" lon="133.4813207"></trkpt>
    <trkpt lat="-23.7018677" lon="133.4811789"></trkpt>
    <trkpt lat="-23.7021453" lon="133.4811906"></trkpt>
    <trkpt lat="-23.7023512" lon="133.4810119"></trkpt>
    <trkpt lat="-23.7024442" lon="133.4805529"></trkpt>
    <trkpt lat="-23.7024578" lon="133.4805190"></trkpt>
    <trkpt lat="-23.7025966" lon="133.4802844"></trkpt>
    <trkpt lat="-23.7028045" lon="133.4799858"></trkpt>
    <trkpt lat="-23.7030376" lon="133.4797626"></trkpt>
    <trkpt lat="-23.7032151" lon="133.4796674"></trkpt>
    <trkpt lat="-23.7032642" lon="133.4796483"></trkpt>
    <trkpt lat="-23.7033768" lon="133.4796021"></trkpt>
    <trkpt lat="-23.7035149" lon="133.4795956"></trkpt>
    <trkpt lat="-23.7036159" lon="133.4794920"></trkpt>
    <trkpt lat="-23.7036248" lon="133.4795406"></trkpt>
    <trkpt lat="-23.7036750" lon="133.4795328"></trkpt>
    <trkpt lat="-23.7037138" lon="133.4795657"></trkpt>
    <trkpt lat="-23.7037736" lon="133.4795464"></trkpt>
    <trkpt lat="-23.7038853" lon="133.4794992"></trkpt>
    <trkpt lat="-23.7039912" lon="133.4795104"></trkpt>
    <trkpt lat="-23.7043126" lon="133.4793048"></trkpt>
    <trkpt lat="-23.7044255" lon="133.4791933"></trkpt>
    <trkpt lat="-23.7044881" lon="133.4791365"></trkpt>
    <trkpt lat="-23.7046506" lon="133.4788810"></trkpt>
    <trkpt lat="-23.7047057" lon="133.4788601"></trkpt>
    <trkpt lat="-23.7048617" lon="133.4787166"></trkpt>
    <trkpt lat="-23.7048740" lon="133.4785776"></trkpt>
    <trkpt lat="-23.7049479" lon="133.4785552"></trkpt>
    <trkpt lat="-23.7051656" lon="133.4782009"></trkpt>
    <trkpt lat="-23.7053545" lon="133.4780215"></trkpt>
    <trkpt lat="-23.7054694" lon="133.4777973"></trkpt>
    <trkpt lat="-23.7055064" lon="133.4776538"></trkpt>
    <trkpt lat="-23.7057057" lon="133.4772808"></trkpt>
    <trkpt lat="-23.7057555" lon="133.4772402"></trkpt>
    <trkpt lat="-23.7058593" lon="133.4772312"></trkpt>
    <trkpt lat="-23.7060304" lon="133.4772737"></trkpt>
    <trkpt lat="-23.7061396" lon="133.4772700"></trkpt>
    <trkpt lat="-23.7061897" lon="133.4772198"></trkpt>
    <trkpt lat="-23.7062507" lon="133.4771310"></trkpt>
    <trkpt lat="-23.7063058" lon="133.4770105"></trkpt>
    <trkpt lat="-23.7063240" lon="133.4770222"></trkpt>
    <trkpt lat="-23.7063610" lon="133.4771024"></trkpt>
    <trkpt lat="-23.7063770" lon="133.4771992"></trkpt>
    <trkpt lat="-23.7064292" lon="133.4772499"></trkpt>
    <trkpt lat="-23.7064699" lon="133.4772467"></trkpt>
    <trkpt lat="-23.7065109" lon="133.4771760"></trkpt>
    <trkpt lat="-23.7065149" lon="133.4770628"></trkpt>
    <trkpt lat="-23.7066165" lon="133.4770026"></trkpt>
    <trkpt lat="-23.7067596" lon="133.4766623"></trkpt>
    <trkpt lat="-23.7068575" lon="133.4763113"></trkpt>
    <trkpt lat="-23.7069156" lon="133.4761590"></trkpt>
    <trkpt lat="-23.7069417" lon="133.4760163"></trkpt>
    <trkpt lat="-23.7070375" lon="133.4758641"></trkpt>
    <trkpt lat="-23.7070724" lon="133.4756231"></trkpt>
    <trkpt lat="-23.7071798" lon="133.4753568"></trkpt>
    <trkpt lat="-23.7073046" lon="133.4751475"></trkpt>
    <trkpt lat="-23.7072843" lon="133.4749984"></trkpt>
    <trkpt lat="-23.7072971" lon="133.4748373"></trkpt>
    <trkpt lat="-23.7073772" lon="133.4746877"></trkpt>
    <trkpt lat="-23.7074730" lon="133.4745228"></trkpt>
    <trkpt lat="-23.7074963" lon="133.4743452"></trkpt>
    <trkpt lat="-23.7075642" lon="133.4741567"></trkpt>
    <trkpt lat="-23.7076151" lon="133.4740953"></trkpt>
    <trkpt lat="-23.7077003" lon="133.4740298"></trkpt>
    <trkpt lat="-23.7077342" lon="133.4739652"></trkpt>
    <trkpt lat="-23.7077999" lon="133.4738509"></trkpt>
    <trkpt lat="-23.7077917" lon="133.4737455"></trkpt>
    <trkpt lat="-23.7078635" lon="133.4735930"></trkpt>
    <trkpt lat="-23.7077588" lon="133.4733172"></trkpt>
    <trkpt lat="-23.7077917" lon="133.4732320"></trkpt>
    <trkpt lat="-23.7077917" lon="133.4731692"></trkpt>
    <trkpt lat="-23.7079149" lon="133.4730145"></trkpt>
    <trkpt lat="-23.7080421" lon="133.4729607"></trkpt>
    <trkpt lat="-23.7080893" lon="133.4728994"></trkpt>
    <trkpt lat="-23.7081904" lon="133.4724863"></trkpt>
    <trkpt lat="-23.7082947" lon="133.4723979"></trkpt>
    <trkpt lat="-23.7083257" lon="133.4723684"></trkpt>
    <trkpt lat="-23.7084507" lon="133.4720705"></trkpt>
    <trkpt lat="-23.7087340" lon="133.4719763"></trkpt>
    <trkpt lat="-23.7088818" lon="133.4717476"></trkpt>
    <trkpt lat="-23.7089101" lon="133.4716858"></trkpt>
    <trkpt lat="-23.7089804" lon="133.4716624"></trkpt>
    <trkpt lat="-23.7090256" lon="133.4715189"></trkpt>
    <trkpt lat="-23.7090830" lon="133.4714292"></trkpt>
    <trkpt lat="-23.7091077" lon="133.4712902"></trkpt>
    <trkpt lat="-23.7092438" lon="133.4710267"></trkpt>
    <trkpt lat="-23.7093499" lon="133.4709740"></trkpt>
    <trkpt lat="-23.7094033" lon="133.4709224"></trkpt>
    <trkpt lat="-23.7095470" lon="133.4708843"></trkpt>
    <trkpt lat="-23.7098160" lon="133.4706265"></trkpt>
    <trkpt lat="-23.7103853" lon="133.4702581"></trkpt>
    <trkpt lat="-23.7104422" lon="133.4702139"></trkpt>
    <trkpt lat="-23.7105407" lon="133.4699448"></trkpt>
    <trkpt lat="-23.7106637" lon="133.4698786"></trkpt>
    <trkpt lat="-23.7107173" lon="133.4697901"></trkpt>
    <trkpt lat="-23.7107798" lon="133.4697821"></trkpt>
    <trkpt lat="-23.7108404" lon="133.4697363"></trkpt>
    <trkpt lat="-23.7110416" lon="133.4695076"></trkpt>
    <trkpt lat="-23.7110334" lon="133.4693910"></trkpt>
    <trkpt lat="-23.7113761" lon="133.4692789"></trkpt>
    <trkpt lat="-23.7114444" lon="133.4691586"></trkpt>
    <trkpt lat="-23.7115959" lon="133.4691936"></trkpt>
    <trkpt lat="-23.7117273" lon="133.4691712"></trkpt>
    <trkpt lat="-23.7120744" lon="133.4692557"></trkpt>
    <trkpt lat="-23.7122189" lon="133.4691964"></trkpt>
    <trkpt lat="-23.7125911" lon="133.4693558"></trkpt>
    <trkpt lat="-23.7126335" lon="133.4693955"></trkpt>
    <trkpt lat="-23.7126552" lon="133.4693629"></trkpt>
    <trkpt lat="-23.7127267" lon="133.4693427"></trkpt>
    <trkpt lat="-23.7126307" lon="133.4691622"></trkpt>
    <trkpt lat="-23.7126639" lon="133.4690285"></trkpt>
    <trkpt lat="-23.7129372" lon="133.4688851"></trkpt>
    <trkpt lat="-23.7131348" lon="133.4687155"></trkpt>
    <trkpt lat="-23.7134221" lon="133.4688724"></trkpt>
    <trkpt lat="-23.7134374" lon="133.4688938"></trkpt>
    <trkpt lat="-23.7136689" lon="133.4689390"></trkpt>
    <trkpt lat="-23.7141690" lon="133.4688713"></trkpt>
    <trkpt lat="-23.7142265" lon="133.4688352"></trkpt>
    <trkpt lat="-23.7143865" lon="133.4688099"></trkpt>
    <trkpt lat="-23.7145282" lon="133.4690088"></trkpt>
    <trkpt lat="-23.7146244" lon="133.4690779"></trkpt>
    <trkpt lat="-23.7149332" lon="133.4691068"></trkpt>
    <trkpt lat="-23.7149804" lon="133.4691763"></trkpt>
    <trkpt lat="-23.7151299" lon="133.4692054"></trkpt>
    <trkpt lat="-23.7152637" lon="133.4692391"></trkpt>
    <trkpt lat="-23.7153007" lon="133.4692929"></trkpt>
    <trkpt lat="-23.7153828" lon="133.4693041"></trkpt>
    <trkpt lat="-23.7154957" lon="133.4693736"></trkpt>
    <trkpt lat="-23.7156168" lon="133.4693961"></trkpt>
    <trkpt lat="-23.7156538" lon="133.4692436"></trkpt>
    <trkpt lat="-23.7157646" lon="133.4692324"></trkpt>
    <trkpt lat="-23.7158751" lon="133.4691093"></trkpt>
    <trkpt lat="-23.7159186" lon="133.4692144"></trkpt>
    <trkpt lat="-23.7159951" lon="133.4692234"></trkpt>
    <trkpt lat="-23.7161793" lon="133.4692862"></trkpt>
    <trkpt lat="-23.7162922" lon="133.4692436"></trkpt>
    <trkpt lat="-23.7164503" lon="133.4693378"></trkpt>
    <trkpt lat="-23.7168022" lon="133.4694417"></trkpt>
    <trkpt lat="-23.7168504" lon="133.4694530"></trkpt>
    <trkpt lat="-23.7169081" lon="133.4698154"></trkpt>
    <trkpt lat="-23.7169471" lon="133.4698647"></trkpt>
    <trkpt lat="-23.7170489" lon="133.4699076"></trkpt>
    <trkpt lat="-23.7170908" lon="133.4700374"></trkpt>
    <trkpt lat="-23.7170703" lon="133.4701055"></trkpt>
    <trkpt lat="-23.7170744" lon="133.4701472"></trkpt>
    <trkpt lat="-23.7170477" lon="133.4702167"></trkpt>
    <trkpt lat="-23.7170474" lon="133.4702966"></trkpt>
    <trkpt lat="-23.7174654" lon="133.4702979"></trkpt>
    <trkpt lat="-23.7179869" lon="133.4698567"></trkpt>
    <trkpt lat="-23.7181338" lon="133.4695358"></trkpt>
    <trkpt lat="-23.7182908" lon="133.4694039"></trkpt>
    <trkpt lat="-23.7184149" lon="133.4693842"></trkpt>
    <trkpt lat="-23.7187507" lon="133.4694636"></trkpt>
    <trkpt lat="-23.7192190" lon="133.4693591"></trkpt>
    <trkpt lat="-23.7194282" lon="133.4693834"></trkpt>
    <trkpt lat="-23.7195360" lon="133.4693399"></trkpt>
    <trkpt lat="-23.7196858" lon="133.4693054"></trkpt>
    <trkpt lat="-23.7200299" lon="133.4693267"></trkpt>
    <trkpt lat="-23.7202738" lon="133.4694054"></trkpt>
    <trkpt lat="-23.7204038" lon="133.4694285"></trkpt>
    <trkpt lat="-23.7204968" lon="133.4694231"></trkpt>
    <trkpt lat="-23.7211114" lon="133.4694992"></trkpt>
    <trkpt lat="-23.7213201" lon="133.4695129"></trkpt>
    <trkpt lat="-23.7214510" lon="133.4695555"></trkpt>
    <trkpt lat="-23.7215057" lon="133.4695608"></trkpt>
    <trkpt lat="-23.7215662" lon="133.4695776"></trkpt>
    <trkpt lat="-23.7216664" lon="133.4695775"></trkpt>
    <trkpt lat="-23.7218965" lon="133.4694626"></trkpt>
    <trkpt lat="-23.7219847" lon="133.4694446"></trkpt>
    <trkpt lat="-23.7220728" lon="133.4694266"></trkpt>
    <trkpt lat="-23.7221610" lon="133.4694086"></trkpt>
    <trkpt lat="-23.7222491" lon="133.4693906"></trkpt>
    <trkpt lat="-23.7223373" lon="133.4693726"></trkpt>
    <trkpt lat="-23.7224255" lon="133.4693547"></trkpt>
    <trkpt lat="-23.7225136" lon="133.4693367"></trkpt>
    <trkpt lat="-23.7226018" lon="133.4693187"></trkpt>
    <trkpt lat="-23.7226899" lon="133.4693007"></trkpt>
    <trkpt lat="-23.7227781" lon="133.4692827"></trkpt>
    <trkpt lat="-23.7228663" lon="133.4692647"></trkpt>
    <trkpt lat="-23.7229544" lon="133.4692467"></trkpt>
    <trkpt lat="-23.7230426" lon="133.4692287"></trkpt>
    <trkpt lat="-23.7231307" lon="133.4692107"></trkpt>
    <trkpt lat="-23.7232189" lon="133.4691927"></trkpt>
    <trkpt lat="-23.7233071" lon="133.4691747"></trkpt>
    <trkpt lat="-23.7233952" lon="133.4691567"></trkpt>
    <trkpt lat="-23.7234834" lon="133.4691388"></trkpt>
    <trkpt lat="-23.7235715" lon="133.4691208"></trkpt>
    <trkpt lat="-23.7236597" lon="133.4691028"></trkpt>
    <trkpt lat="-23.7237479" lon="133.4690848"></trkpt>
    <trkpt lat="-23.7238360" lon="133.4690668"></trkpt>
    <trkpt lat="-23.7239242" lon="133.4690488"></trkpt>
    <trkpt lat="-23.7240124" lon="133.4690308"></trkpt>
    <trkpt lat="-23.7241005" lon="133.4690128"></trkpt>
    <trkpt lat="-23.7241887" lon="133.4689948"></trkpt>
    <trkpt lat="-23.7242768" lon="133.4689768"></trkpt>
    <trkpt lat="-23.7243650" lon="133.4689588"></trkpt>
    <trkpt lat="-23.7244532" lon="133.4689408"></trkpt>
    <trkpt lat="-23.7245413" lon="133.4689229"></trkpt>
    <trkpt lat="-23.7246295" lon="133.4689049"></trkpt>
    <trkpt lat="-23.7247176" lon="133.4688869"></trkpt>
    <trkpt lat="-23.7248058" lon="133.4688689"></trkpt>
    <trkpt lat="-23.7248940" lon="133.4688509"></trkpt>
    <trkpt lat="-23.7249821" lon="133.4688329"></trkpt>
    <trkpt lat="-23.7250703" lon="133.4688149"></trkpt>
    <trkpt lat="-23.7251584" lon="133.4687969"></trkpt>
    <trkpt lat="-23.7252466" lon="133.4687789"></trkpt>
    <trkpt lat="-23.7253348" lon="133.4687609"></trkpt>
    <trkpt lat="-23.7254229" lon="133.4687429"></trkpt>
    <trkpt lat="-23.7255111" lon="133.4687249"></trkpt>
    <trkpt lat="-23.7255992" lon="133.4687070"></trkpt>
    <trkpt lat="-23.7256874" lon="133.4686890"></trkpt>
    <trkpt lat="-23.7257756" lon="133.4686710"></trkpt>
    <trkpt lat="-23.7258637" lon="133.4686530"></trkpt>
    <trkpt lat="-23.7259519" lon="133.4686350"></trkpt>
    <trkpt lat="-23.7260400" lon="133.4686170"></trkpt>
    <trkpt lat="-23.7261282" lon="133.4685990"></trkpt>
    <trkpt lat="-23.7261112" lon="133.4683335"></trkpt>
    <trkpt lat="-23.7260890" lon="133.4681004"></trkpt>
    <trkpt lat="-23.7260300" lon="133.4680281"></trkpt>
    <trkpt lat="-23.7260057" lon="133.4679831"></trkpt>
    <trkpt lat="-23.7260128" lon="133.4678058"></trkpt>
    <trkpt lat="-23.7259285" lon="133.4675371"></trkpt>
    <trkpt lat="-23.7259203" lon="133.4675025"></trkpt>
    <trkpt lat="-23.7258070" lon="133.4674610"></trkpt>
    <trkpt lat="-23.7256495" lon="133.4675472"></trkpt>
    <trkpt lat="-23.7256191" lon="133.4675643"></trkpt>
    <trkpt lat="-23.7253791" lon="133.4675757"></trkpt>
    <trkpt lat="-23.7251837" lon="133.4675446"></trkpt>
    <trkpt lat="-23.7251562" lon="133.4675416"></trkpt>
    <trkpt lat="-23.7250162" lon="133.4674387"></trkpt>
    <trkpt lat="-23.7246289" lon="133.4668982"></trkpt>
    <trkpt lat="-23.7243149" lon="133.4666786"></trkpt>
    <trkpt lat="-23.7241715" lon="133.4664588"></trkpt>
    <trkpt lat="-23.7241373" lon="133.4664061"></trkpt>
    <trkpt lat="-23.7241063" lon="133.4663585"></trkpt>
    <trkpt lat="-23.7239573" lon="133.4658656"></trkpt>
    <trkpt lat="-23.7239004" lon="133.4652735"></trkpt>
    <trkpt lat="-23.7238121" lon="133.4651118"></trkpt>
    <trkpt lat="-23.7236377" lon="133.4649033"></trkpt>
    <trkpt lat="-23.7235182" lon="133.4648124"></trkpt>
    <trkpt lat="-23.7231897" lon="133.4647554"></trkpt>
    <trkpt lat="-23.7230864" lon="133.4646853"></trkpt>
    <trkpt lat="-23.7230523" lon="133.4646707"></trkpt>
    <trkpt lat="-23.7228524" lon="133.4646983"></trkpt>
    <trkpt lat="-23.7227816" lon="133.4646559"></trkpt>
    <trkpt lat="-23.7225136" lon="133.4645611"></trkpt>
    <trkpt lat="-23.7224581" lon="133.4645182"></trkpt>
    <trkpt lat="-23.7224023" lon="133.4644438"></trkpt>
    <trkpt lat="-23.7223469" lon="133.4642018"></trkpt>
    <trkpt lat="-23.7222170" lon="133.4639560"></trkpt>
    <trkpt lat="-23.7221739" lon="133.4636971"></trkpt>
    <trkpt lat="-23.7223227" lon="133.4630668"></trkpt>
    <trkpt lat="-23.7222836" lon="133.4625435"></trkpt>
    <trkpt lat="-23.7223756" lon="133.4623383"></trkpt>
    <trkpt lat="-23.7224497" lon="133.4619860"></trkpt>
    <trkpt lat="-23.7224189" lon="133.4618741"></trkpt>
    <trkpt lat="-23.7224157" lon="133.4618472"></trkpt>
    <trkpt lat="-23.7223972" lon="133.4616925"></trkpt>
    <trkpt lat="-23.7224292" lon="133.4616188"></trkpt>
    <trkpt lat="-23.7224177" lon="133.4615122"></trkpt>
    <trkpt lat="-23.7224625" lon="133.4614004"></trkpt>
    <trkpt lat="-23.7224700" lon="133.4612654"></trkpt>
    <trkpt lat="-23.7224792" lon="133.4606477"></trkpt>
    <trkpt lat="-23.7223100" lon="133.4602769"></trkpt>
    <trkpt lat="-23.7222833" lon="133.4600236"></trkpt>
    <trkpt lat="-23.7224573" lon="133.4593836"></trkpt>
    <trkpt lat="-23.7226075" lon="133.4588289"></trkpt>
    <trkpt lat="-23.7225398" lon="133.4587348"></trkpt>
    <trkpt lat="-23.7225171" lon="133.4586424"></trkpt>
    <trkpt lat="-23.7225173" lon="133.4584870"></trkpt>
    <trkpt lat="-23.7225172" lon="133.4583739"></trkpt>
    <trkpt lat="-23.7224340" lon="133.4580801"></trkpt>
    <trkpt lat="-23.7223120" lon="133.4578292"></trkpt>
    <trkpt lat="-23.7221145" lon="133.4575675"></trkpt>
    <trkpt lat="-23.7221253" lon="133.4573271"></trkpt>
    <trkpt lat="-23.7222033" lon="133.4565807"></trkpt>
    <trkpt lat="-23.7222856" lon="133.4563748"></trkpt>
    <trkpt lat="-23.7223409" lon="133.4562543"></trkpt>
    <trkpt lat="-23.7223570" lon="133.4561312"></trkpt>
    <trkpt lat="-23.7224187" lon="133.4558948"></trkpt>
    <trkpt lat="-23.7222851" lon="133.4554903"></trkpt>
    <trkpt lat="-23.7221930" lon="133.4553658"></trkpt>
    <trkpt lat="-23.7220473" lon="133.4550677"></trkpt>
    <trkpt lat="-23.7218831" lon="133.4549220"></trkpt>
    <trkpt lat="-23.7217969" lon="133.4547789"></trkpt>
    <trkpt lat="-23.7217805" lon="133.4544647"></trkpt>
    <trkpt lat="-23.7218975" lon="133.4541689"></trkpt>
    <trkpt lat="-23.7219865" lon="133.4541104"></trkpt>
    <trkpt lat="-23.7220576" lon="133.4540478"></trkpt>
    <trkpt lat="-23.7221335" lon="133.4538278"></trkpt>
    <trkpt lat="-23.7221150" lon="133.4532768"></trkpt>
    <trkpt lat="-23.7220391" lon="133.4530257"></trkpt>
    <trkpt lat="-23.7219673" lon="133.4528419"></trkpt>
    <trkpt lat="-23.7219262" lon="133.4526357"></trkpt>
    <trkpt lat="-23.7219611" lon="133.4525505"></trkpt>
    <trkpt lat="-23.7218667" lon="133.4522165"></trkpt>
    <trkpt lat="-23.7218175" lon="133.4521426"></trkpt>
    <trkpt lat="-23.7217671" lon="133.4517503"></trkpt>
    <trkpt lat="-23.7216901" lon="133.4516554"></trkpt>
    <trkpt lat="-23.7216697" lon="133.4514993"></trkpt>
    <trkpt lat="-23.7217231" lon="133.4513087"></trkpt>
    <trkpt lat="-23.7217337" lon="133.4510677"></trkpt>
    <trkpt lat="-23.7216549" lon="133.4510020"></trkpt>
    <trkpt lat="-23.7216022" lon="133.4509687"></trkpt>
    <trkpt lat="-23.7215777" lon="133.4509393"></trkpt>
    <trkpt lat="-23.7215333" lon="133.4509133"></trkpt>
    <trkpt lat="-23.7214738" lon="133.4509176"></trkpt>
    <trkpt lat="-23.7214349" lon="133.4509245"></trkpt>
    <trkpt lat="-23.7213998" lon="133.4509223"></trkpt>
    <trkpt lat="-23.7213283" lon="133.4508749"></trkpt>
    <trkpt lat="-23.7212862" lon="133.4508327"></trkpt>
    <trkpt lat="-23.7212574" lon="133.4507816"></trkpt>
    <trkpt lat="-23.7212440" lon="133.4507675"></trkpt>
    <trkpt lat="-23.7212487" lon="133.4507483"></trkpt>
    <trkpt lat="-23.7213049" lon="133.4507317"></trkpt>
    <trkpt lat="-23.7213705" lon="133.4507048"></trkpt>
    <trkpt lat="-23.7213834" lon="133.4506524"></trkpt>
    <trkpt lat="-23.7213717" lon="133.4505961"></trkpt>
    <trkpt lat="-23.7211855" lon="133.4504260"></trkpt>
    <trkpt lat="-23.7211972" lon="133.4503915"></trkpt>
    <trkpt lat="-23.7211843" lon="133.4503544"></trkpt>
    <trkpt lat="-23.7211773" lon="133.4502956"></trkpt>
    <trkpt lat="-23.7211351" lon="133.4502047"></trkpt>
    <trkpt lat="-23.7210930" lon="133.4501395"></trkpt>
    <trkpt lat="-23.7210848" lon="133.4500743"></trkpt>
    <trkpt lat="-23.7210719" lon="133.4500398"></trkpt>
    <trkpt lat="-23.7210684" lon="133.4499758"></trkpt>
    <trkpt lat="-23.7210487" lon="133.4499178"></trkpt>
    <trkpt lat="-23.7210134" lon="133.4498581"></trkpt>
    <trkpt lat="-23.7209665" lon="133.4498274"></trkpt>
    <trkpt lat="-23.7209384" lon="133.4498172"></trkpt>
    <trkpt lat="-23.7209220" lon="133.4497904"></trkpt>
    <trkpt lat="-23.7209150" lon="133.4497533"></trkpt>
    <trkpt lat="-23.7208846" lon="133.4496740"></trkpt>
    <trkpt lat="-23.7208787" lon="133.4496202"></trkpt>
    <trkpt lat="-23.7207335" lon="133.4494105"></trkpt>
    <trkpt lat="-23.7206914" lon="133.4493261"></trkpt>
    <trkpt lat="-23.7206832" lon="133.4492545"></trkpt>
    <trkpt lat="-23.7206633" lon="133.4491764"></trkpt>
    <trkpt lat="-23.7206726" lon="133.4491240"></trkpt>
    <trkpt lat="-23.7206480" lon="133.4490434"></trkpt>
    <trkpt lat="-23.7206633" lon="133.4489705"></trkpt>
    <trkpt lat="-23.7206551" lon="133.4488413"></trkpt>
    <trkpt lat="-23.7206047" lon="133.4487505"></trkpt>
    <trkpt lat="-23.7206047" lon="133.4486827"></trkpt>
    <trkpt lat="-23.7206199" lon="133.4486316"></trkpt>
    <trkpt lat="-23.7205982" lon="133.4484848"></trkpt>
    <trkpt lat="-23.7205497" lon="133.4484385"></trkpt>
    <trkpt lat="-23.7204806" lon="133.4483451"></trkpt>
    <trkpt lat="-23.7204419" lon="133.4482671"></trkpt>
    <trkpt lat="-23.7203904" lon="133.4482121"></trkpt>
    <trkpt lat="-23.7203120" lon="133.4482018"></trkpt>
    <trkpt lat="-23.7202796" lon="133.4481579"></trkpt>
    <trkpt lat="-23.7202589" lon="133.4481364"></trkpt>
    <trkpt lat="-23.7202277" lon="133.4481404"></trkpt>
    <trkpt lat="-23.7202078" lon="133.4481558"></trkpt>
    <trkpt lat="-23.7201691" lon="133.4482146"></trkpt>
    <trkpt lat="-23.7200637" lon="133.4482274"></trkpt>
    <trkpt lat="-23.7200274" lon="133.4481993"></trkpt>
    <trkpt lat="-23.7200345" lon="133.4481532"></trkpt>
    <trkpt lat="-23.7200602" lon="133.4481072"></trkpt>
    <trkpt lat="-23.7200743" lon="133.4479639"></trkpt>
    <trkpt lat="-23.7200684" lon="133.4478872"></trkpt>
    <trkpt lat="-23.7200473" lon="133.4478386"></trkpt>
    <trkpt lat="-23.7200485" lon="133.4478015"></trkpt>
    <trkpt lat="-23.7200327" lon="133.4477574"></trkpt>
    <trkpt lat="-23.7200549" lon="133.4477113"></trkpt>
    <trkpt lat="-23.7200497" lon="133.4476672"></trkpt>
    <trkpt lat="-23.7199876" lon="133.4476205"></trkpt>
    <trkpt lat="-23.7199818" lon="133.4474421"></trkpt>
    <trkpt lat="-23.7199642" lon="133.4474428"></trkpt>
    <trkpt lat="-23.7199408" lon="133.4474709"></trkpt>
    <trkpt lat="-23.7199238" lon="133.4474715"></trkpt>
    <trkpt lat="-23.7199080" lon="133.4473954"></trkpt>
    <trkpt lat="-23.7198922" lon="133.4474025"></trkpt>
    <trkpt lat="-23.7198752" lon="133.4474517"></trkpt>
    <trkpt lat="-23.7198483" lon="133.4474683"></trkpt>
    <trkpt lat="-23.7198131" lon="133.4474517"></trkpt>
    <trkpt lat="-23.7197511" lon="133.4473967"></trkpt>
    <trkpt lat="-23.7197218" lon="133.4473123"></trkpt>
    <trkpt lat="-23.7197089" lon="133.4471882"></trkpt>
    <trkpt lat="-23.7197663" lon="133.4470680"></trkpt>
    <trkpt lat="-23.7198418" lon="133.4469606"></trkpt>
    <trkpt lat="-23.7198693" lon="133.4468992"></trkpt>
    <trkpt lat="-23.7199583" lon="133.4467700"></trkpt>
    <trkpt lat="-23.7199548" lon="133.4466830"></trkpt>
    <trkpt lat="-23.7198881" lon="133.4465833"></trkpt>
    <trkpt lat="-23.7198260" lon="133.4464528"></trkpt>
    <trkpt lat="-23.7197651" lon="133.4464183"></trkpt>
    <trkpt lat="-23.7197165" lon="133.4463710"></trkpt>
    <trkpt lat="-23.7196082" lon="133.4460320"></trkpt>
    <trkpt lat="-23.7195836" lon="133.4459681"></trkpt>
    <trkpt lat="-23.7194982" lon="133.4458785"></trkpt>
    <trkpt lat="-23.7194256" lon="133.4458376"></trkpt>
    <trkpt lat="-23.7192476" lon="133.4457724"></trkpt>
    <trkpt lat="-23.7191874" lon="133.4456869"></trkpt>
    <trkpt lat="-23.7191728" lon="133.4455848"></trkpt>
    <trkpt lat="-23.7191621" lon="133.4455307"></trkpt>
    <trkpt lat="-23.7190989" lon="133.4454155"></trkpt>
    <trkpt lat="-23.7190532" lon="133.4451534"></trkpt>
    <trkpt lat="-23.7190192" lon="133.4450741"></trkpt>
    <trkpt lat="-23.7190192" lon="133.4449372"></trkpt>
    <trkpt lat="-23.7189478" lon="133.4448374"></trkpt>
    <trkpt lat="-23.7189068" lon="133.4447185"></trkpt>
    <trkpt lat="-23.7189185" lon="133.4446648"></trkpt>
    <trkpt lat="-23.7189127" lon="133.4446302"></trkpt>
    <trkpt lat="-23.7189232" lon="133.4445983"></trkpt>
    <trkpt lat="-23.7189537" lon="133.4445369"></trkpt>
    <trkpt lat="-23.7189291" lon="133.4444716"></trkpt>
    <trkpt lat="-23.7189115" lon="133.4443975"></trkpt>
    <trkpt lat="-23.7189123" lon="133.4442846"></trkpt>
    <trkpt lat="-23.7186153" lon="133.4439984"></trkpt>
    <trkpt lat="-23.7185872" lon="133.4439153"></trkpt>
    <trkpt lat="-23.7183939" lon="133.4436352"></trkpt>
    <trkpt lat="-23.7183612" lon="133.4434280"></trkpt>
    <trkpt lat="-23.7183295" lon="133.4433244"></trkpt>
    <trkpt lat="-23.7183483" lon="133.4431952"></trkpt>
    <trkpt lat="-23.7183237" lon="133.4431095"></trkpt>
    <trkpt lat="-23.7183260" lon="133.4430302"></trkpt>
    <trkpt lat="-23.7182932" lon="133.4428844"></trkpt>
    <trkpt lat="-23.7182709" lon="133.4428522"></trkpt>
    <trkpt lat="-23.7181562" lon="133.4426593"></trkpt>
    <trkpt lat="-23.7180743" lon="133.4425723"></trkpt>
    <trkpt lat="-23.7180515" lon="133.4425120"></trkpt>
    <trkpt lat="-23.7180239" lon="133.4424048"></trkpt>
    <trkpt lat="-23.7179478" lon="133.4423101"></trkpt>
    <trkpt lat="-23.7179185" lon="133.4422487"></trkpt>
    <trkpt lat="-23.7178998" lon="133.4421055"></trkpt>
    <trkpt lat="-23.7178377" lon="133.4418983"></trkpt>
    <trkpt lat="-23.7178026" lon="133.4418292"></trkpt>
    <trkpt lat="-23.7177967" lon="133.4417806"></trkpt>
    <trkpt lat="-23.7177323" lon="133.4415965"></trkpt>
    <trkpt lat="-23.7176867" lon="133.4415606"></trkpt>
    <trkpt lat="-23.7176375" lon="133.4414788"></trkpt>
    <trkpt lat="-23.7176270" lon="133.4414302"></trkpt>
    <trkpt lat="-23.7175590" lon="133.4412959"></trkpt>
    <trkpt lat="-23.7174771" lon="133.4412076"></trkpt>
    <trkpt lat="-23.7174439" lon="133.4411303"></trkpt>
    <trkpt lat="-23.7174496" lon="133.4410471"></trkpt>
    <trkpt lat="-23.7174765" lon="133.4410113"></trkpt>
    <trkpt lat="-23.7175104" lon="133.4409934"></trkpt>
    <trkpt lat="-23.7175280" lon="133.4409730"></trkpt>
    <trkpt lat="-23.7175198" lon="133.4408617"></trkpt>
    <trkpt lat="-23.7173922" lon="133.4406609"></trkpt>
    <trkpt lat="-23.7172704" lon="133.4404153"></trkpt>
    <trkpt lat="-23.7172376" lon="133.4403795"></trkpt>
    <trkpt lat="-23.7172212" lon="133.4402938"></trkpt>
    <trkpt lat="-23.7171767" lon="133.4402350"></trkpt>
    <trkpt lat="-23.7171193" lon="133.4402171"></trkpt>
    <trkpt lat="-23.7170257" lon="133.4400917"></trkpt>
    <trkpt lat="-23.7169636" lon="133.4400725"></trkpt>
    <trkpt lat="-23.7169097" lon="133.4400239"></trkpt>
    <trkpt lat="-23.7168851" lon="133.4397924"></trkpt>
    <trkpt lat="-23.7169004" lon="133.4397826"></trkpt>
    <trkpt lat="-23.7169051" lon="133.4397579"></trkpt>
    <trkpt lat="-23.7170397" lon="133.4397809"></trkpt>
    <trkpt lat="-23.7170125" lon="133.4397013"></trkpt>
    <trkpt lat="-23.7170684" lon="133.4396479"></trkpt>
    <trkpt lat="-23.7170040" lon="133.4395098"></trkpt>
    <trkpt lat="-23.7169888" lon="133.4393729"></trkpt>
    <trkpt lat="-23.7169513" lon="133.4393013"></trkpt>
    <trkpt lat="-23.7169431" lon="133.4391824"></trkpt>
    <trkpt lat="-23.7169185" lon="133.4391274"></trkpt>
    <trkpt lat="-23.7167054" lon="133.4387897"></trkpt>
    <trkpt lat="-23.7166469" lon="133.4384917"></trkpt>
    <trkpt lat="-23.7166404" lon="133.4384182"></trkpt>
    <trkpt lat="-23.7165075" lon="133.4381528"></trkpt>
    <trkpt lat="-23.7164607" lon="133.4380223"></trkpt>
    <trkpt lat="-23.7164536" lon="133.4379814"></trkpt>
    <trkpt lat="-23.7163166" lon="133.4377499"></trkpt>
    <trkpt lat="-23.7162639" lon="133.4376156"></trkpt>
    <trkpt lat="-23.7162022" lon="133.4375218"></trkpt>
    <trkpt lat="-23.7161597" lon="133.4374979"></trkpt>
    <trkpt lat="-23.7161000" lon="133.4374813"></trkpt>
    <trkpt lat="-23.7159852" lon="133.4374864"></trkpt>
    <trkpt lat="-23.7158002" lon="133.4374365"></trkpt>
    <trkpt lat="-23.7155883" lon="133.4372805"></trkpt>
    <trkpt lat="-23.7155379" lon="133.4372063"></trkpt>
    <trkpt lat="-23.7155403" lon="133.4371321"></trkpt>
    <trkpt lat="-23.7155016" lon="133.4371002"></trkpt>
    <trkpt lat="-23.7155953" lon="133.4370234"></trkpt>
    <trkpt lat="-23.7156714" lon="133.4369467"></trkpt>
    <trkpt lat="-23.7156948" lon="133.4368993"></trkpt>
    <trkpt lat="-23.7157206" lon="133.4368725"></trkpt>
    <trkpt lat="-23.7157159" lon="133.4368162"></trkpt>
    <trkpt lat="-23.7156375" lon="133.4367062"></trkpt>
    <trkpt lat="-23.7155764" lon="133.4367086"></trkpt>
    <trkpt lat="-23.7155379" lon="133.4366602"></trkpt>
    <trkpt lat="-23.7154700" lon="133.4366039"></trkpt>
    <trkpt lat="-23.7154021" lon="133.4365706"></trkpt>
    <trkpt lat="-23.7153131" lon="133.4365208"></trkpt>
    <trkpt lat="-23.7152616" lon="133.4364543"></trkpt>
    <trkpt lat="-23.7151328" lon="133.4363750"></trkpt>
    <trkpt lat="-23.7150801" lon="133.4363507"></trkpt>
    <trkpt lat="-23.7150086" lon="133.4362650"></trkpt>
    <trkpt lat="-23.7149712" lon="133.4361806"></trkpt>
    <trkpt lat="-23.7149208" lon="133.4361013"></trkpt>
    <trkpt lat="-23.7148599" lon="133.4360411"></trkpt>
    <trkpt lat="-23.7148107" lon="133.4359452"></trkpt>
    <trkpt lat="-23.7147908" lon="133.4358263"></trkpt>
    <trkpt lat="-23.7147580" lon="133.4357342"></trkpt>
    <trkpt lat="-23.7146940" lon="133.4356691"></trkpt>
    <trkpt lat="-23.7146527" lon="133.4356856"></trkpt>
    <trkpt lat="-23.7146093" lon="133.4357227"></trkpt>
    <trkpt lat="-23.7145683" lon="133.4357035"></trkpt>
    <trkpt lat="-23.7145484" lon="133.4356024"></trkpt>
    <trkpt lat="-23.7144103" lon="133.4353991"></trkpt>
    <trkpt lat="-23.7143939" lon="133.4352878"></trkpt>
    <trkpt lat="-23.7143599" lon="133.4351561"></trkpt>
    <trkpt lat="-23.7143704" lon="133.4350857"></trkpt>
    <trkpt lat="-23.7143388" lon="133.4350512"></trkpt>
    <trkpt lat="-23.7143119" lon="133.4350039"></trkpt>
    <trkpt lat="-23.7141925" lon="133.4349693"></trkpt>
    <trkpt lat="-23.7141257" lon="133.4349374"></trkpt>
    <trkpt lat="-23.7140976" lon="133.4349105"></trkpt>
    <trkpt lat="-23.7140492" lon="133.4348807"></trkpt>
    <trkpt lat="-23.7140121" lon="133.4348044"></trkpt>
    <trkpt lat="-23.7137709" lon="133.4344923"></trkpt>
    <trkpt lat="-23.7137264" lon="133.4344718"></trkpt>
    <trkpt lat="-23.7136327" lon="133.4342825"></trkpt>
    <trkpt lat="-23.7135554" lon="133.4341597"></trkpt>
    <trkpt lat="-23.7135507" lon="133.4341009"></trkpt>
    <trkpt lat="-23.7135578" lon="133.4339321"></trkpt>
    <trkpt lat="-23.7135042" lon="133.4338102"></trkpt>
    <trkpt lat="-23.7134874" lon="133.4338035"></trkpt>
    <trkpt lat="-23.7133231" lon="133.4337579"></trkpt>
    <trkpt lat="-23.7132286" lon="133.4336662"></trkpt>
    <trkpt lat="-23.7131626" lon="133.4336433"></trkpt>
    <trkpt lat="-23.7130872" lon="133.4335420"></trkpt>
    <trkpt lat="-23.7130816" lon="133.4334893"></trkpt>
    <trkpt lat="-23.7130438" lon="133.4333725"></trkpt>
    <trkpt lat="-23.7129317" lon="133.4331290"></trkpt>
    <trkpt lat="-23.7127997" lon="133.4329046"></trkpt>
    <trkpt lat="-23.7127337" lon="133.4328587"></trkpt>
    <trkpt lat="-23.7127067" lon="133.4327883"></trkpt>
    <trkpt lat="-23.7126493" lon="133.4327378"></trkpt>
    <trkpt lat="-23.7126227" lon="133.4326949"></trkpt>
    <trkpt lat="-23.7125553" lon="133.4326228"></trkpt>
    <trkpt lat="-23.7124833" lon="133.4324656"></trkpt>
    <trkpt lat="-23.7124458" lon="133.4323984"></trkpt>
    <trkpt lat="-23.7124488" lon="133.4323575"></trkpt>
    <trkpt lat="-23.7124293" lon="133.4323214"></trkpt>
    <trkpt lat="-23.7124128" lon="133.4322494"></trkpt>
    <trkpt lat="-23.7124158" lon="133.4321036"></trkpt>
    <trkpt lat="-23.7124038" lon="133.4320676"></trkpt>
    <trkpt lat="-23.7123948" lon="133.4319038"></trkpt>
    <trkpt lat="-23.7124128" lon="133.4318088"></trkpt>
    <trkpt lat="-23.7123828" lon="133.4316876"></trkpt>
    <trkpt lat="-23.7123873" lon="133.4315532"></trkpt>
    <trkpt lat="-23.7124083" lon="133.4314894"></trkpt>
    <trkpt lat="-23.7123738" lon="133.4314419"></trkpt>
    <trkpt lat="-23.7123258" lon="133.4314058"></trkpt>
    <trkpt lat="-23.7122898" lon="133.4313305"></trkpt>
    <trkpt lat="-23.7122553" lon="133.4312912"></trkpt>
    <trkpt lat="-23.7122236" lon="133.4312174"></trkpt>
    <trkpt lat="-23.7122523" lon="133.4310848"></trkpt>
    <trkpt lat="-23.7122598" lon="133.4309832"></trkpt>
    <trkpt lat="-23.7122808" lon="133.4309390"></trkpt>
    <trkpt lat="-23.7122913" lon="133.4308506"></trkpt>
    <trkpt lat="-23.7122943" lon="133.4307850"></trkpt>
    <trkpt lat="-23.7123228" lon="133.4307441"></trkpt>
    <trkpt lat="-23.7123783" lon="133.4307146"></trkpt>
    <trkpt lat="-23.7124473" lon="133.4305475"></trkpt>
    <trkpt lat="-23.7124593" lon="133.4304509"></trkpt>
    <trkpt lat="-23.7125328" lon="133.4302871"></trkpt>
    <trkpt lat="-23.7125268" lon="133.4302082"></trkpt>
    <trkpt lat="-23.7125533" lon="133.4301400"></trkpt>
    <trkpt lat="-23.7125343" lon="133.4300414"></trkpt>
    <trkpt lat="-23.7125313" lon="133.4299824"></trkpt>
    <trkpt lat="-23.7125148" lon="133.4299333"></trkpt>
    <trkpt lat="-23.7125283" lon="133.4298596"></trkpt>
    <trkpt lat="-23.7125103" lon="133.4297712"></trkpt>
    <trkpt lat="-23.7125037" lon="133.4296679"></trkpt>
    <trkpt lat="-23.7124362" lon="133.4296040"></trkpt>
    <trkpt lat="-23.7124017" lon="133.4295418"></trkpt>
    <trkpt lat="-23.7123432" lon="133.4295025"></trkpt>
    <trkpt lat="-23.7123183" lon="133.4294632"></trkpt>
    <trkpt lat="-23.7123042" lon="133.4294206"></trkpt>
    <trkpt lat="-23.7123114" lon="133.4293685"></trkpt>
    <trkpt lat="-23.7122997" lon="133.4293125"></trkpt>
    <trkpt lat="-23.7122472" lon="133.4292683"></trkpt>
    <trkpt lat="-23.7122257" lon="133.4292184"></trkpt>
    <trkpt lat="-23.7121598" lon="133.4292014"></trkpt>
    <trkpt lat="-23.7121269" lon="133.4291400"></trkpt>
    <trkpt lat="-23.7120834" lon="133.4289987"></trkpt>
    <trkpt lat="-23.7120506" lon="133.4289304"></trkpt>
    <trkpt lat="-23.7120442" lon="133.4288655"></trkpt>
    <trkpt lat="-23.7120272" lon="133.4288215"></trkpt>
    <trkpt lat="-23.7120145" lon="133.4285957"></trkpt>
    <trkpt lat="-23.7119785" lon="133.4285065"></trkpt>
    <trkpt lat="-23.7119848" lon="133.4284509"></trkpt>
    <trkpt lat="-23.7119148" lon="133.4283559"></trkpt>
    <trkpt lat="-23.7118650" lon="133.4283119"></trkpt>
    <trkpt lat="-23.7118356" lon="133.4283038"></trkpt>
    <trkpt lat="-23.7118113" lon="133.4282260"></trkpt>
    <trkpt lat="-23.7119021" lon="133.4282146"></trkpt>
    <trkpt lat="-23.7118756" lon="133.4281706"></trkpt>
    <trkpt lat="-23.7118438" lon="133.4280710"></trkpt>
    <trkpt lat="-23.7118364" lon="133.4279575"></trkpt>
    <trkpt lat="-23.7118173" lon="133.4278359"></trkpt>
    <trkpt lat="-23.7118462" lon="133.4277462"></trkpt>
    <trkpt lat="-23.7118915" lon="133.4277745"></trkpt>
    <trkpt lat="-23.7119286" lon="133.4278232"></trkpt>
    <trkpt lat="-23.7119618" lon="133.4278464"></trkpt>
    <trkpt lat="-23.7120165" lon="133.4277787"></trkpt>
    <trkpt lat="-23.7120082" lon="133.4277254"></trkpt>
    <trkpt lat="-23.7120666" lon="133.4277794"></trkpt>
    <trkpt lat="-23.7121330" lon="133.4278303"></trkpt>
    <trkpt lat="-23.7121287" lon="133.4278069"></trkpt>
    <trkpt lat="-23.7121229" lon="133.4277596"></trkpt>
    <trkpt lat="-23.7121033" lon="133.4277204"></trkpt>
    <trkpt lat="-23.7120605" lon="133.4275464"></trkpt>
    <trkpt lat="-23.7121478" lon="133.4275989"></trkpt>
    <trkpt lat="-23.7122075" lon="133.4275990"></trkpt>
    <trkpt lat="-23.7122224" lon="133.4275023"></trkpt>
    <trkpt lat="-23.7122287" lon="133.4274305"></trkpt>
    <trkpt lat="-23.7122373" lon="133.4273592"></trkpt>
    <trkpt lat="-23.7122011" lon="133.4273193"></trkpt>
    <trkpt lat="-23.7121778" lon="133.4272684"></trkpt>
    <trkpt lat="-23.7121370" lon="133.4269893"></trkpt>
    <trkpt lat="-23.7120728" lon="133.4269950"></trkpt>
    <trkpt lat="-23.7120368" lon="133.4267993"></trkpt>
    <trkpt lat="-23.7119615" lon="133.4267530"></trkpt>
    <trkpt lat="-23.7119413" lon="133.4267275"></trkpt>
    <trkpt lat="-23.7119002" lon="133.4266750"></trkpt>
    <trkpt lat="-23.7118804" lon="133.4266274"></trkpt>
    <trkpt lat="-23.7119399" lon="133.4265406"></trkpt>
    <trkpt lat="-23.7119488" lon="133.4264982"></trkpt>
    <trkpt lat="-23.7119233" lon="133.4264727"></trkpt>
    <trkpt lat="-23.7119095" lon="133.4264403"></trkpt>
    <trkpt lat="-23.7119063" lon="133.4264078"></trkpt>
    <trkpt lat="-23.7119138" lon="133.4263731"></trkpt>
    <trkpt lat="-23.7119106" lon="133.4263453"></trkpt>
    <trkpt lat="-23.7118957" lon="133.4263105"></trkpt>
    <trkpt lat="-23.7118906" lon="133.4262783"></trkpt>
    <trkpt lat="-23.7119997" lon="133.4260245"></trkpt>
    <trkpt lat="-23.7119891" lon="133.4259897"></trkpt>
    <trkpt lat="-23.7119392" lon="133.4259584"></trkpt>
    <trkpt lat="-23.7119265" lon="133.4259306"></trkpt>
    <trkpt lat="-23.7119201" lon="133.4258426"></trkpt>
    <trkpt lat="-23.7119413" lon="133.4258021"></trkpt>
    <trkpt lat="-23.7119466" lon="133.4257639"></trkpt>
    <trkpt lat="-23.7119329" lon="133.4256527"></trkpt>
    <trkpt lat="-23.7119165" lon="133.4256064"></trkpt>
    <trkpt lat="-23.7118692" lon="133.4255728"></trkpt>
    <trkpt lat="-23.7117217" lon="133.4255524"></trkpt>
    <trkpt lat="-23.7117690" lon="133.4255050"></trkpt>
    <trkpt lat="-23.7117165" lon="133.4254199"></trkpt>
    <trkpt lat="-23.7117611" lon="133.4253938"></trkpt>
    <trkpt lat="-23.7117493" lon="133.4253616"></trkpt>
    <trkpt lat="-23.7116831" lon="133.4253075"></trkpt>
    <trkpt lat="-23.7116428" lon="133.4252496"></trkpt>
    <trkpt lat="-23.7116047" lon="133.4252125"></trkpt>
    <trkpt lat="-23.7114530" lon="133.4251025"></trkpt>
    <trkpt lat="-23.7114170" lon="133.4250516"></trkpt>
    <trkpt lat="-23.7113745" lon="133.4250330"></trkpt>
    <trkpt lat="-23.7113554" lon="133.4250267"></trkpt>
    <trkpt lat="-23.7113247" lon="133.4250620"></trkpt>
    <trkpt lat="-23.7112346" lon="133.4250886"></trkpt>
    <trkpt lat="-23.7111582" lon="133.4250446"></trkpt>
    <trkpt lat="-23.7111200" lon="133.4250411"></trkpt>
    <trkpt lat="-23.7110596" lon="133.4250041"></trkpt>
    <trkpt lat="-23.7110373" lon="133.4250091"></trkpt>
    <trkpt lat="-23.7109991" lon="133.4250434"></trkpt>
    <trkpt lat="-23.7110087" lon="133.4250840"></trkpt>
    <trkpt lat="-23.7109790" lon="133.4251083"></trkpt>
    <trkpt lat="-23.7109345" lon="133.4251141"></trkpt>
    <trkpt lat="-23.7108920" lon="133.4251095"></trkpt>
    <trkpt lat="-23.7108581" lon="133.4251083"></trkpt>
    <trkpt lat="-23.7108295" lon="133.4250956"></trkpt>
    <trkpt lat="-23.7107796" lon="133.4250851"></trkpt>
    <trkpt lat="-23.7107421" lon="133.4250995"></trkpt>
    <trkpt lat="-23.7107521" lon="133.4251454"></trkpt>
    <trkpt lat="-23.7107022" lon="133.4251790"></trkpt>
    <trkpt lat="-23.7106715" lon="133.4251593"></trkpt>
    <trkpt lat="-23.7106269" lon="133.4251500"></trkpt>
    <trkpt lat="-23.7105771" lon="133.4251153"></trkpt>
    <trkpt lat="-23.7105357" lon="133.4251025"></trkpt>
    <trkpt lat="-23.7104784" lon="133.4250781"></trkpt>
    <trkpt lat="-23.7104392" lon="133.4250018"></trkpt>
    <trkpt lat="-23.7103989" lon="133.4249601"></trkpt>
    <trkpt lat="-23.7103682" lon="133.4249531"></trkpt>
    <trkpt lat="-23.7102992" lon="133.4249068"></trkpt>
    <trkpt lat="-23.7102547" lon="133.4248917"></trkpt>
    <trkpt lat="-23.7102165" lon="133.4248616"></trkpt>
    <trkpt lat="-23.7101631" lon="133.4248607"></trkpt>
    <trkpt lat="-23.7101352" lon="133.4248402"></trkpt>
    <trkpt lat="-23.7100341" lon="133.4246589"></trkpt>
    <trkpt lat="-23.7099811" lon="133.4246033"></trkpt>
    <trkpt lat="-23.7099345" lon="133.4245199"></trkpt>
    <trkpt lat="-23.7099111" lon="133.4244528"></trkpt>
    <trkpt lat="-23.7097690" lon="133.4242142"></trkpt>
    <trkpt lat="-23.7096842" lon="133.4240451"></trkpt>
    <trkpt lat="-23.7095951" lon="133.4239015"></trkpt>
    <trkpt lat="-23.7095039" lon="133.4236837"></trkpt>
    <trkpt lat="-23.7094679" lon="133.4236281"></trkpt>
    <trkpt lat="-23.7094470" lon="133.4235413"></trkpt>
    <trkpt lat="-23.7092939" lon="133.4234312"></trkpt>
    <trkpt lat="-23.7092536" lon="133.4233247"></trkpt>
    <trkpt lat="-23.7092536" lon="133.4232227"></trkpt>
    <trkpt lat="-23.7092367" lon="133.4231278"></trkpt>
    <trkpt lat="-23.7091943" lon="133.4230745"></trkpt>
    <trkpt lat="-23.7091900" lon="133.4229471"></trkpt>
    <trkpt lat="-23.7091137" lon="133.4227641"></trkpt>
    <trkpt lat="-23.7090394" lon="133.4226946"></trkpt>
    <trkpt lat="-23.7089779" lon="133.4226668"></trkpt>
    <trkpt lat="-23.7089185" lon="133.4225811"></trkpt>
    <trkpt lat="-23.7088799" lon="133.4223945"></trkpt>
    <trkpt lat="-23.7088952" lon="133.4221410"></trkpt>
    <trkpt lat="-23.7088892" lon="133.4219339"></trkpt>
    <trkpt lat="-23.7089270" lon="133.4218792"></trkpt>
    <trkpt lat="-23.7088995" lon="133.4217703"></trkpt>
    <trkpt lat="-23.7089122" lon="133.4217263"></trkpt>
    <trkpt lat="-23.7089122" lon="133.4214901"></trkpt>
    <trkpt lat="-23.7089440" lon="133.4213650"></trkpt>
    <trkpt lat="-23.7089419" lon="133.4212584"></trkpt>
    <trkpt lat="-23.7089716" lon="133.4212028"></trkpt>
    <trkpt lat="-23.7090564" lon="133.4208368"></trkpt>
    <trkpt lat="-23.7090585" lon="133.4206700"></trkpt>
    <trkpt lat="-23.7091391" lon="133.4205496"></trkpt>
    <trkpt lat="-23.7091370" lon="133.4203004"></trkpt>
    <trkpt lat="-23.7092494" lon="133.4200238"></trkpt>
    <trkpt lat="-23.7093873" lon="133.4199682"></trkpt>
    <trkpt lat="-23.7094021" lon="133.4199126"></trkpt>
    <trkpt lat="-23.7094573" lon="133.4198663"></trkpt>
    <trkpt lat="-23.7094848" lon="133.4198060"></trkpt>
    <trkpt lat="-23.7095442" lon="133.4197180"></trkpt>
    <trkpt lat="-23.7095357" lon="133.4196485"></trkpt>
    <trkpt lat="-23.7095463" lon="133.4196068"></trkpt>
    <trkpt lat="-23.7096354" lon="133.4195072"></trkpt>
    <trkpt lat="-23.7096441" lon="133.4194474"></trkpt>
    <trkpt lat="-23.7095142" lon="133.4192014"></trkpt>
    <trkpt lat="-23.7094615" lon="133.4190555"></trkpt>
    <trkpt lat="-23.7094657" lon="133.4189420"></trkpt>
    <trkpt lat="-23.7094466" lon="133.4188192"></trkpt>
    <trkpt lat="-23.7093792" lon="133.4187085"></trkpt>
    <trkpt lat="-23.7093788" lon="133.4186015"></trkpt>
    <trkpt lat="-23.7094127" lon="133.4185274"></trkpt>
    <trkpt lat="-23.7094127" lon="133.4183814"></trkpt>
    <trkpt lat="-23.7093767" lon="133.4182888"></trkpt>
    <trkpt lat="-23.7093830" lon="133.4182077"></trkpt>
    <trkpt lat="-23.7093339" lon="133.4181648"></trkpt>
    <trkpt lat="-23.7093364" lon="133.4180872"></trkpt>
    <trkpt lat="-23.7092346" lon="133.4176031"></trkpt>
    <trkpt lat="-23.7091985" lon="133.4174850"></trkpt>
    <trkpt lat="-23.7091900" lon="133.4174108"></trkpt>
    <trkpt lat="-23.7091391" lon="133.4172811"></trkpt>
    <trkpt lat="-23.7091518" lon="133.4171630"></trkpt>
    <trkpt lat="-23.7090988" lon="133.4170587"></trkpt>
    <trkpt lat="-23.7091052" lon="133.4169707"></trkpt>
    <trkpt lat="-23.7090602" lon="133.4168877"></trkpt>
    <trkpt lat="-23.7089994" lon="133.4168480"></trkpt>
    <trkpt lat="-23.7090097" lon="133.4167020"></trkpt>
    <trkpt lat="-23.7089270" lon="133.4165978"></trkpt>
    <trkpt lat="-23.7088825" lon="133.4165700"></trkpt>
    <trkpt lat="-23.7088592" lon="133.4165144"></trkpt>
    <trkpt lat="-23.7088104" lon="133.4164264"></trkpt>
    <trkpt lat="-23.7088273" lon="133.4163244"></trkpt>
    <trkpt lat="-23.7088019" lon="133.4161994"></trkpt>
    <trkpt lat="-23.7087701" lon="133.4161438"></trkpt>
    <trkpt lat="-23.7087617" lon="133.4160797"></trkpt>
    <trkpt lat="-23.7088125" lon="133.4159839"></trkpt>
    <trkpt lat="-23.7087849" lon="133.4159121"></trkpt>
    <trkpt lat="-23.7088104" lon="133.4158171"></trkpt>
    <trkpt lat="-23.7087363" lon="133.4156510"></trkpt>
    <trkpt lat="-23.7086943" lon="133.4155726"></trkpt>
    <trkpt lat="-23.7086640" lon="133.4155044"></trkpt>
    <trkpt lat="-23.7086704" lon="133.4153956"></trkpt>
    <trkpt lat="-23.7086980" lon="133.4153145"></trkpt>
    <trkpt lat="-23.7086704" lon="133.4152288"></trkpt>
    <trkpt lat="-23.7087065" lon="133.4151523"></trkpt>
    <trkpt lat="-23.7087149" lon="133.4150875"></trkpt>
    <trkpt lat="-23.7087828" lon="133.4149601"></trkpt>
    <trkpt lat="-23.7087701" lon="133.4148419"></trkpt>
    <trkpt lat="-23.7087870" lon="133.4147678"></trkpt>
    <trkpt lat="-23.7087870" lon="133.4146891"></trkpt>
    <trkpt lat="-23.7088473" lon="133.4146106"></trkpt>
    <trkpt lat="-23.7087934" lon="133.4144412"></trkpt>
    <trkpt lat="-23.7087446" lon="133.4143462"></trkpt>
    <trkpt lat="-23.7087489" lon="133.4142721"></trkpt>
    <trkpt lat="-23.7086980" lon="133.4140474"></trkpt>
    <trkpt lat="-23.7086365" lon="133.4140080"></trkpt>
    <trkpt lat="-23.7086232" lon="133.4139547"></trkpt>
    <trkpt lat="-23.7085686" lon="133.4139524"></trkpt>
    <trkpt lat="-23.7085241" lon="133.4139084"></trkpt>
    <trkpt lat="-23.7085050" lon="133.4138551"></trkpt>
    <trkpt lat="-23.7083450" lon="133.4136934"></trkpt>
    <trkpt lat="-23.7083309" lon="133.4135647"></trkpt>
    <trkpt lat="-23.7082863" lon="133.4134999"></trkpt>
    <trkpt lat="-23.7082227" lon="133.4132798"></trkpt>
    <trkpt lat="-23.7082354" lon="133.4132219"></trkpt>
    <trkpt lat="-23.7081591" lon="133.4131107"></trkpt>
    <trkpt lat="-23.7081273" lon="133.4130018"></trkpt>
    <trkpt lat="-23.7079958" lon="133.4129254"></trkpt>
    <trkpt lat="-23.7079152" lon="133.4128420"></trkpt>
    <trkpt lat="-23.7078710" lon="133.4127276"></trkpt>
    <trkpt lat="-23.7078685" lon="133.4126243"></trkpt>
    <trkpt lat="-23.7079576" lon="133.4124413"></trkpt>
    <trkpt lat="-23.7079959" lon="133.4123876"></trkpt>
    <trkpt lat="-23.7080424" lon="133.4123625"></trkpt>
    <trkpt lat="-23.7080467" lon="133.4122420"></trkpt>
    <trkpt lat="-23.7081358" lon="133.4121262"></trkpt>
    <trkpt lat="-23.7082094" lon="133.4119596"></trkpt>
    <trkpt lat="-23.7081824" lon="133.4118158"></trkpt>
    <trkpt lat="-23.7081548" lon="133.4117625"></trkpt>
    <trkpt lat="-23.7081400" lon="133.4114869"></trkpt>
    <trkpt lat="-23.7081824" lon="133.4114568"></trkpt>
    <trkpt lat="-23.7081867" lon="133.4114151"></trkpt>
    <trkpt lat="-23.7081421" lon="133.4113433"></trkpt>
    <trkpt lat="-23.7081061" lon="133.4112275"></trkpt>
    <trkpt lat="-23.7081442" lon="133.4111950"></trkpt>
    <trkpt lat="-23.7080933" lon="133.4110306"></trkpt>
    <trkpt lat="-23.7081300" lon="133.4108049"></trkpt>
    <trkpt lat="-23.7081845" lon="133.4108082"></trkpt>
    <trkpt lat="-23.7081994" lon="133.4107294"></trkpt>
    <trkpt lat="-23.7081867" lon="133.4106692"></trkpt>
    <trkpt lat="-23.7082312" lon="133.4104306"></trkpt>
    <trkpt lat="-23.7082142" lon="133.4103125"></trkpt>
    <trkpt lat="-23.7082312" lon="133.4102638"></trkpt>
    <trkpt lat="-23.7082206" lon="133.4101411"></trkpt>
    <trkpt lat="-23.7081888" lon="133.4100553"></trkpt>
    <trkpt lat="-23.7081845" lon="133.4098816"></trkpt>
    <trkpt lat="-23.7081591" lon="133.4097843"></trkpt>
    <trkpt lat="-23.7081718" lon="133.4096963"></trkpt>
    <trkpt lat="-23.7081358" lon="133.4095481"></trkpt>
    <trkpt lat="-23.7080912" lon="133.4094600"></trkpt>
    <trkpt lat="-23.7080424" lon="133.4093373"></trkpt>
    <trkpt lat="-23.7080383" lon="133.4092682"></trkpt>
    <trkpt lat="-23.7079618" lon="133.4092191"></trkpt>
    <trkpt lat="-23.7079131" lon="133.4091010"></trkpt>
    <trkpt lat="-23.7078431" lon="133.4088809"></trkpt>
    <trkpt lat="-23.7078452" lon="133.4088068"></trkpt>
    <trkpt lat="-23.7078070" lon="133.4087165"></trkpt>
    <trkpt lat="-23.7078261" lon="133.4085613"></trkpt>
    <trkpt lat="-23.7077434" lon="133.4082763"></trkpt>
    <trkpt lat="-23.7076611" lon="133.4081779"></trkpt>
    <trkpt lat="-23.7076395" lon="133.4080702"></trkpt>
    <trkpt lat="-23.7076882" lon="133.4080238"></trkpt>
    <trkpt lat="-23.7076670" lon="133.4078988"></trkpt>
    <trkpt lat="-23.7077158" lon="133.4077621"></trkpt>
    <trkpt lat="-23.7076844" lon="133.4076820"></trkpt>
    <trkpt lat="-23.7077794" lon="133.4073984"></trkpt>
    <trkpt lat="-23.7077837" lon="133.4072687"></trkpt>
    <trkpt lat="-23.7078197" lon="133.4071668"></trkpt>
    <trkpt lat="-23.7077985" lon="133.4070857"></trkpt>
    <trkpt lat="-23.7078473" lon="133.4067961"></trkpt>
    <trkpt lat="-23.7079000" lon="133.4066320"></trkpt>
    <trkpt lat="-23.7079555" lon="133.4066270"></trkpt>
    <trkpt lat="-23.7079788" lon="133.4065691"></trkpt>
    <trkpt lat="-23.7080891" lon="133.4063676"></trkpt>
    <trkpt lat="-23.7081101" lon="133.4062061"></trkpt>
    <trkpt lat="-23.7082134" lon="133.4057740"></trkpt>
    <trkpt lat="-23.7081782" lon="133.4056924"></trkpt>
    <trkpt lat="-23.7081633" lon="133.4056414"></trkpt>
    <trkpt lat="-23.7081707" lon="133.4056032"></trkpt>
    <trkpt lat="-23.7082121" lon="133.4056113"></trkpt>
    <trkpt lat="-23.7082312" lon="133.4055986"></trkpt>
    <trkpt lat="-23.7081994" lon="133.4055163"></trkpt>
    <trkpt lat="-23.7083182" lon="133.4051318"></trkpt>
    <trkpt lat="-23.7084009" lon="133.4049415"></trkpt>
    <trkpt lat="-23.7084242" lon="133.4047473"></trkpt>
    <trkpt lat="-23.7084051" lon="133.4046569"></trkpt>
    <trkpt lat="-23.7084072" lon="133.4045504"></trkpt>
    <trkpt lat="-23.7084433" lon="133.4044230"></trkpt>
    <trkpt lat="-23.7084051" lon="133.4042863"></trkpt>
    <trkpt lat="-23.7083860" lon="133.4040130"></trkpt>
    <trkpt lat="-23.7084115" lon="133.4039875"></trkpt>
    <trkpt lat="-23.7084178" lon="133.4039041"></trkpt>
    <trkpt lat="-23.7084048" lon="133.4037207"></trkpt>
    <trkpt lat="-23.7084072" lon="133.4036377"></trkpt>
    <trkpt lat="-23.7084284" lon="133.4035844"></trkpt>
    <trkpt lat="-23.7083966" lon="133.4034941"></trkpt>
    <trkpt lat="-23.7084072" lon="133.4034014"></trkpt>
    <trkpt lat="-23.7083824" lon="133.4033258"></trkpt>
    <trkpt lat="-23.7083775" lon="133.4032926"></trkpt>
    <trkpt lat="-23.7083966" lon="133.4032300"></trkpt>
    <trkpt lat="-23.7084009" lon="133.4031096"></trkpt>
    <trkpt lat="-23.7084390" lon="133.4030493"></trkpt>
    <trkpt lat="-23.7084030" lon="133.4029729"></trkpt>
    <trkpt lat="-23.7084496" lon="133.4025722"></trkpt>
    <trkpt lat="-23.7085896" lon="133.4020649"></trkpt>
    <trkpt lat="-23.7087588" lon="133.4016483"></trkpt>
    <trkpt lat="-23.7087826" lon="133.4013861"></trkpt>
    <trkpt lat="-23.7088102" lon="133.4012657"></trkpt>
    <trkpt lat="-23.7088696" lon="133.4011128"></trkpt>
    <trkpt lat="-23.7088569" lon="133.4010364"></trkpt>
    <trkpt lat="-23.7088993" lon="133.4008696"></trkpt>
    <trkpt lat="-23.7089544" lon="133.4008233"></trkpt>
    <trkpt lat="-23.7090414" lon="133.4003994"></trkpt>
    <trkpt lat="-23.7091156" lon="133.4003461"></trkpt>
    <trkpt lat="-23.7091050" lon="133.4002604"></trkpt>
    <trkpt lat="-23.7091156" lon="133.4001909"></trkpt>
    <trkpt lat="-23.7091898" lon="133.3999338"></trkpt>
    <trkpt lat="-23.7092386" lon="133.3998527"></trkpt>
    <trkpt lat="-23.7092556" lon="133.3996511"></trkpt>
    <trkpt lat="-23.7092959" lon="133.3995793"></trkpt>
    <trkpt lat="-23.7092874" lon="133.3994033"></trkpt>
    <trkpt lat="-23.7093001" lon="133.3992782"></trkpt>
    <trkpt lat="-23.7093256" lon="133.3992388"></trkpt>
    <trkpt lat="-23.7093545" lon="133.3988863"></trkpt>
    <trkpt lat="-23.7093150" lon="133.3988033"></trkpt>
    <trkpt lat="-23.7092959" lon="133.3985949"></trkpt>
    <trkpt lat="-23.7093150" lon="133.3985300"></trkpt>
    <trkpt lat="-23.7092238" lon="133.3983238"></trkpt>
    <trkpt lat="-23.7091750" lon="133.3982543"></trkpt>
    <trkpt lat="-23.7091283" lon="133.3980852"></trkpt>
    <trkpt lat="-23.7091411" lon="133.3980158"></trkpt>
    <trkpt lat="-23.7090959" lon="133.3978543"></trkpt>
    <trkpt lat="-23.7091283" lon="133.3977957"></trkpt>
    <trkpt lat="-23.7091114" lon="133.3976150"></trkpt>
    <trkpt lat="-23.7091814" lon="133.3974042"></trkpt>
    <trkpt lat="-23.7091771" lon="133.3973255"></trkpt>
    <trkpt lat="-23.7092089" lon="133.3971865"></trkpt>
    <trkpt lat="-23.7092089" lon="133.3970892"></trkpt>
    <trkpt lat="-23.7092385" lon="133.3968138"></trkpt>
    <trkpt lat="-23.7092789" lon="133.3966908"></trkpt>
    <trkpt lat="-23.7092492" lon="133.3966398"></trkpt>
    <trkpt lat="-23.7092514" lon="133.3965309"></trkpt>
    <trkpt lat="-23.7092917" lon="133.3964406"></trkpt>
    <trkpt lat="-23.7092874" lon="133.3963595"></trkpt>
    <trkpt lat="-23.7093192" lon="133.3962344"></trkpt>
    <trkpt lat="-23.7093140" lon="133.3960937"></trkpt>
    <trkpt lat="-23.7093701" lon="133.3960213"></trkpt>
    <trkpt lat="-23.7093638" lon="133.3959495"></trkpt>
    <trkpt lat="-23.7093744" lon="133.3958615"></trkpt>
    <trkpt lat="-23.7094486" lon="133.3957225"></trkpt>
    <trkpt lat="-23.7094528" lon="133.3956391"></trkpt>
    <trkpt lat="-23.7094783" lon="133.3955233"></trkpt>
    <trkpt lat="-23.7096586" lon="133.3952152"></trkpt>
    <trkpt lat="-23.7097201" lon="133.3950438"></trkpt>
    <trkpt lat="-23.7097773" lon="133.3949975"></trkpt>
    <trkpt lat="-23.7099703" lon="133.3946222"></trkpt>
    <trkpt lat="-23.7099852" lon="133.3945041"></trkpt>
    <trkpt lat="-23.7100476" lon="133.3943753"></trkpt>
    <trkpt lat="-23.7100488" lon="133.3941867"></trkpt>
    <trkpt lat="-23.7101018" lon="133.3940083"></trkpt>
    <trkpt lat="-23.7100511" lon="133.3939055"></trkpt>
    <trkpt lat="-23.7101379" lon="133.3937049"></trkpt>
    <trkpt lat="-23.7101379" lon="133.3935937"></trkpt>
    <trkpt lat="-23.7101824" lon="133.3932393"></trkpt>
    <trkpt lat="-23.7102270" lon="133.3931466"></trkpt>
    <trkpt lat="-23.7102185" lon="133.3930123"></trkpt>
    <trkpt lat="-23.7102313" lon="133.3929120"></trkpt>
    <trkpt lat="-23.7104263" lon="133.3925745"></trkpt>
    <trkpt lat="-23.7104857" lon="133.3925212"></trkpt>
    <trkpt lat="-23.7105027" lon="133.3924401"></trkpt>
    <trkpt lat="-23.7107190" lon="133.3920904"></trkpt>
    <trkpt lat="-23.7108008" lon="133.3920089"></trkpt>
    <trkpt lat="-23.7108484" lon="133.3919213"></trkpt>
    <trkpt lat="-23.7108993" lon="133.3917869"></trkpt>
    <trkpt lat="-23.7108993" lon="133.3916850"></trkpt>
    <trkpt lat="-23.7109328" lon="133.3916619"></trkpt>
    <trkpt lat="-23.7109650" lon="133.3916016"></trkpt>
    <trkpt lat="-23.7110541" lon="133.3915390"></trkpt>
    <trkpt lat="-23.7111221" lon="133.3913931"></trkpt>
    <trkpt lat="-23.7111856" lon="133.3913560"></trkpt>
    <trkpt lat="-23.7112171" lon="133.3913698"></trkpt>
    <trkpt lat="-23.7112789" lon="133.3914672"></trkpt>
    <trkpt lat="-23.7113734" lon="133.3916125"></trkpt>
    <trkpt lat="-23.7113880" lon="133.3916973"></trkpt>
    <trkpt lat="-23.7113143" lon="133.3917992"></trkpt>
    <trkpt lat="-23.7112553" lon="133.3920299"></trkpt>
    <trkpt lat="-23.7112308" lon="133.3921747"></trkpt>
    <trkpt lat="-23.7111432" lon="133.3922720"></trkpt>
    <trkpt lat="-23.7111239" lon="133.3923383"></trkpt>
    <trkpt lat="-23.7110885" lon="133.3924420"></trkpt>
    <trkpt lat="-23.7111430" lon="133.3924824"></trkpt>
    <trkpt lat="-23.7111449" lon="133.3925686"></trkpt>
    <trkpt lat="-23.7112350" lon="133.3924686"></trkpt>
    <trkpt lat="-23.7112739" lon="133.3924816"></trkpt>
    <trkpt lat="-23.7112667" lon="133.3925850"></trkpt>
    <trkpt lat="-23.7112656" lon="133.3927235"></trkpt>
    <trkpt lat="-23.7113385" lon="133.3926773"></trkpt>
    <trkpt lat="-23.7114395" lon="133.3926280"></trkpt>
    <trkpt lat="-23.7115001" lon="133.3925841"></trkpt>
    <trkpt lat="-23.7115237" lon="133.3925270"></trkpt>
    <trkpt lat="-23.7115563" lon="133.3925147"></trkpt>
    <trkpt lat="-23.7116048" lon="133.3924987"></trkpt>
    <trkpt lat="-23.7116176" lon="133.3925057"></trkpt>
    <trkpt lat="-23.7116007" lon="133.3925504"></trkpt>
    <trkpt lat="-23.7116490" lon="133.3925455"></trkpt>
    <trkpt lat="-23.7116625" lon="133.3925753"></trkpt>
    <trkpt lat="-23.7116260" lon="133.3926307"></trkpt>
    <trkpt lat="-23.7116530" lon="133.3926569"></trkpt>
    <trkpt lat="-23.7116126" lon="133.3927010"></trkpt>
    <trkpt lat="-23.7116537" lon="133.3927172"></trkpt>
    <trkpt lat="-23.7116688" lon="133.3927601"></trkpt>
    <trkpt lat="-23.7117457" lon="133.3926950"></trkpt>
    <trkpt lat="-23.7117634" lon="133.3927074"></trkpt>
    <trkpt lat="-23.7118247" lon="133.3926905"></trkpt>
    <trkpt lat="-23.7118466" lon="133.3927266"></trkpt>
    <trkpt lat="-23.7118228" lon="133.3927837"></trkpt>
    <trkpt lat="-23.7118812" lon="133.3928006"></trkpt>
    <trkpt lat="-23.7118761" lon="133.3928426"></trkpt>
    <trkpt lat="-23.7120384" lon="133.3927550"></trkpt>
    <trkpt lat="-23.7121589" lon="133.3927140"></trkpt>
    <trkpt lat="-23.7121869" lon="133.3927372"></trkpt>
    <trkpt lat="-23.7121933" lon="133.3927729"></trkpt>
    <trkpt lat="-23.7122453" lon="133.3927506"></trkpt>
    <trkpt lat="-23.7123212" lon="133.3926787"></trkpt>
    <trkpt lat="-23.7124410" lon="133.3925396"></trkpt>
    <trkpt lat="-23.7124847" lon="133.3925352"></trkpt>
    <trkpt lat="-23.7125200" lon="133.3924683"></trkpt>
    <trkpt lat="-23.7125424" lon="133.3924974"></trkpt>
    <trkpt lat="-23.7125583" lon="133.3924640"></trkpt>
    <trkpt lat="-23.7125781" lon="133.3925171"></trkpt>
    <trkpt lat="-23.7126379" lon="133.3924491"></trkpt>
    <trkpt lat="-23.7127037" lon="133.3923915"></trkpt>
    <trkpt lat="-23.7127867" lon="133.3923067"></trkpt>
    <trkpt lat="-23.7128036" lon="133.3923656"></trkpt>
    <trkpt lat="-23.7128126" lon="133.3924225"></trkpt>
    <trkpt lat="-23.7128130" lon="133.3924578"></trkpt>
    <trkpt lat="-23.7128225" lon="133.3925415"></trkpt>
    <trkpt lat="-23.7128375" lon="133.3925684"></trkpt>
    <trkpt lat="-23.7128769" lon="133.3926596"></trkpt>
    <trkpt lat="-23.7129602" lon="133.3926326"></trkpt>
    <trkpt lat="-23.7129927" lon="133.3927192"></trkpt>
    <trkpt lat="-23.7130468" lon="133.3927347"></trkpt>
    <trkpt lat="-23.7130400" lon="133.3928017"></trkpt>
    <trkpt lat="-23.7130706" lon="133.3927723"></trkpt>
    <trkpt lat="-23.7131048" lon="133.3927699"></trkpt>
    <trkpt lat="-23.7131218" lon="133.3927947"></trkpt>
    <trkpt lat="-23.7131207" lon="133.3928443"></trkpt>
    <trkpt lat="-23.7131077" lon="133.3928983"></trkpt>
    <trkpt lat="-23.7131240" lon="133.3929977"></trkpt>
    <trkpt lat="-23.7131377" lon="133.3930449"></trkpt>
    <trkpt lat="-23.7131627" lon="133.3930786"></trkpt>
    <trkpt lat="-23.7131993" lon="133.3930747"></trkpt>
    <trkpt lat="-23.7132553" lon="133.3930240"></trkpt>
    <trkpt lat="-23.7132927" lon="133.3929684"></trkpt>
    <trkpt lat="-23.7133503" lon="133.3929432"></trkpt>
    <trkpt lat="-23.7133637" lon="133.3930043"></trkpt>
    <trkpt lat="-23.7133832" lon="133.3930200"></trkpt>
    <trkpt lat="-23.7133876" lon="133.3932041"></trkpt>
    <trkpt lat="-23.7134302" lon="133.3931895"></trkpt>
    <trkpt lat="-23.7134444" lon="133.3932113"></trkpt>
    <trkpt lat="-23.7134424" lon="133.3932676"></trkpt>
    <trkpt lat="-23.7134870" lon="133.3932777"></trkpt>
    <trkpt lat="-23.7135399" lon="133.3932313"></trkpt>
    <trkpt lat="-23.7135966" lon="133.3932405"></trkpt>
    <trkpt lat="-23.7136351" lon="133.3932750"></trkpt>
    <trkpt lat="-23.7136546" lon="133.3933788"></trkpt>
    <trkpt lat="-23.7137112" lon="133.3933933"></trkpt>
    <trkpt lat="-23.7137238" lon="133.3933252"></trkpt>
    <trkpt lat="-23.7137598" lon="133.3932666"></trkpt>
    <trkpt lat="-23.7138272" lon="133.3932636"></trkpt>
    <trkpt lat="-23.7138465" lon="133.3931972"></trkpt>
    <trkpt lat="-23.7138093" lon="133.3931272"></trkpt>
    <trkpt lat="-23.7138157" lon="133.3930195"></trkpt>
    <trkpt lat="-23.7139062" lon="133.3929941"></trkpt>
    <trkpt lat="-23.7138895" lon="133.3928938"></trkpt>
    <trkpt lat="-23.7139699" lon="133.3928908"></trkpt>
    <trkpt lat="-23.7139527" lon="133.3928056"></trkpt>
    <trkpt lat="-23.7139480" lon="133.3927480"></trkpt>
    <trkpt lat="-23.7139818" lon="133.3927463"></trkpt>
    <trkpt lat="-23.7140045" lon="133.3926579"></trkpt>
    <trkpt lat="-23.7140403" lon="133.3926156"></trkpt>
    <trkpt lat="-23.7141570" lon="133.3925982"></trkpt>
    <trkpt lat="-23.7142171" lon="133.3925222"></trkpt>
    <trkpt lat="-23.7142483" lon="133.3924382"></trkpt>
    <trkpt lat="-23.7142672" lon="133.3924185"></trkpt>
    <trkpt lat="-23.7142822" lon="133.3924386"></trkpt>
    <trkpt lat="-23.7143949" lon="133.3923529"></trkpt>
    <trkpt lat="-23.7144333" lon="133.3922586"></trkpt>
    <trkpt lat="-23.7145068" lon="133.3922208"></trkpt>
    <trkpt lat="-23.7146074" lon="133.3922338"></trkpt>
    <trkpt lat="-23.7146062" lon="133.3921711"></trkpt>
    <trkpt lat="-23.7146900" lon="133.3921531"></trkpt>
    <trkpt lat="-23.7147054" lon="133.3920507"></trkpt>
    <trkpt lat="-23.7147105" lon="133.3920149"></trkpt>
    <trkpt lat="-23.7147758" lon="133.3919542"></trkpt>
    <trkpt lat="-23.7148751" lon="133.3919769"></trkpt>
    <trkpt lat="-23.7149770" lon="133.3919030"></trkpt>
    <trkpt lat="-23.7150123" lon="133.3919121"></trkpt>
    <trkpt lat="-23.7151620" lon="133.3918239"></trkpt>
    <trkpt lat="-23.7152244" lon="133.3918223"></trkpt>
    <trkpt lat="-23.7152648" lon="133.3917703"></trkpt>
    <trkpt lat="-23.7153278" lon="133.3916026"></trkpt>
    <trkpt lat="-23.7153307" lon="133.3915616"></trkpt>
    <trkpt lat="-23.7153164" lon="133.3914034"></trkpt>
    <trkpt lat="-23.7153331" lon="133.3913657"></trkpt>
    <trkpt lat="-23.7153419" lon="133.3913052"></trkpt>
    <trkpt lat="-23.7153329" lon="133.3912450"></trkpt>
    <trkpt lat="-23.7152914" lon="133.3912225"></trkpt>
    <trkpt lat="-23.7153199" lon="133.3911162"></trkpt>
    <trkpt lat="-23.7152860" lon="133.3910481"></trkpt>
    <trkpt lat="-23.7152940" lon="133.3910009"></trkpt>
    <trkpt lat="-23.7153466" lon="133.3909859"></trkpt>
    <trkpt lat="-23.7154091" lon="133.3909183"></trkpt>
    <trkpt lat="-23.7154003" lon="133.3908299"></trkpt>
    <trkpt lat="-23.7154125" lon="133.3907772"></trkpt>
    <trkpt lat="-23.7155127" lon="133.3906333"></trkpt>
    <trkpt lat="-23.7155351" lon="133.3904745"></trkpt>
    <trkpt lat="-23.7156058" lon="133.3902714"></trkpt>
    <trkpt lat="-23.7157100" lon="133.3900690"></trkpt>
    <trkpt lat="-23.7156572" lon="133.3899314"></trkpt>
    <trkpt lat="-23.7156186" lon="133.3899394"></trkpt>
    <trkpt lat="-23.7156669" lon="133.3898178"></trkpt>
    <trkpt lat="-23.7156825" lon="133.3897873"></trkpt>
    <trkpt lat="-23.7157145" lon="133.3896827"></trkpt>
    <trkpt lat="-23.7157293" lon="133.3895947"></trkpt>
    <trkpt lat="-23.7157236" lon="133.3895813"></trkpt>
    <trkpt lat="-23.7157049" lon="133.3895847"></trkpt>
    <trkpt lat="-23.7156815" lon="133.3895297"></trkpt>
    <trkpt lat="-23.7157136" lon="133.3894713"></trkpt>
    <trkpt lat="-23.7158221" lon="133.3893768"></trkpt>
    <trkpt lat="-23.7159219" lon="133.3893220"></trkpt>
    <trkpt lat="-23.7160262" lon="133.3893386"></trkpt>
    <trkpt lat="-23.7160886" lon="133.3893170"></trkpt>
    <trkpt lat="-23.7160722" lon="133.3892963"></trkpt>
    <trkpt lat="-23.7160991" lon="133.3892195"></trkpt>
    <trkpt lat="-23.7161055" lon="133.3891000"></trkpt>
    <trkpt lat="-23.7160916" lon="133.3890750"></trkpt>
    <trkpt lat="-23.7160973" lon="133.3889618"></trkpt>
    <trkpt lat="-23.7160904" lon="133.3889420"></trkpt>
    <trkpt lat="-23.7160886" lon="133.3889117"></trkpt>
    <trkpt lat="-23.7161199" lon="133.3889235"></trkpt>
    <trkpt lat="-23.7161286" lon="133.3888365"></trkpt>
    <trkpt lat="-23.7162589" lon="133.3887225"></trkpt>
    <trkpt lat="-23.7164622" lon="133.3885226"></trkpt>
    <trkpt lat="-23.7164714" lon="133.3885010"></trkpt>
    <trkpt lat="-23.7165558" lon="133.3883801"></trkpt>
    <trkpt lat="-23.7166156" lon="133.3882303"></trkpt>
    <trkpt lat="-23.7166031" lon="133.3881777"></trkpt>
    <trkpt lat="-23.7166124" lon="133.3880367"></trkpt>
    <trkpt lat="-23.7166532" lon="133.3878996"></trkpt>
    <trkpt lat="-23.7166615" lon="133.3877733"></trkpt>
    <trkpt lat="-23.7167433" lon="133.3876692"></trkpt>
    <trkpt lat="-23.7168363" lon="133.3874660"></trkpt>
    <trkpt lat="-23.7168757" lon="133.3874136"></trkpt>
    <trkpt lat="-23.7168738" lon="133.3873688"></trkpt>
    <trkpt lat="-23.7169026" lon="133.3872786"></trkpt>
    <trkpt lat="-23.7169607" lon="133.3872274"></trkpt>
    <trkpt lat="-23.7169939" lon="133.3871782"></trkpt>
    <trkpt lat="-23.7170269" lon="133.3870714"></trkpt>
    <trkpt lat="-23.7170722" lon="133.3869517"></trkpt>
    <trkpt lat="-23.7170575" lon="133.3868588"></trkpt>
    <trkpt lat="-23.7168912" lon="133.3869004"></trkpt>
    <trkpt lat="-23.7168645" lon="133.3868679"></trkpt>
    <trkpt lat="-23.7168129" lon="133.3868478"></trkpt>
    <trkpt lat="-23.7167496" lon="133.3868695"></trkpt>
    <trkpt lat="-23.7166806" lon="133.3868436"></trkpt>
    <trkpt lat="-23.7166608" lon="133.3868005"></trkpt>
    <trkpt lat="-23.7166828" lon="133.3867718"></trkpt>
    <trkpt lat="-23.7166506" lon="133.3867046"></trkpt>
    <trkpt lat="-23.7166755" lon="133.3866544"></trkpt>
    <trkpt lat="-23.7166890" lon="133.3865331"></trkpt>
    <trkpt lat="-23.7168044" lon="133.3862718"></trkpt>
    <trkpt lat="-23.7167415" lon="133.3863004"></trkpt>
    <trkpt lat="-23.7166944" lon="133.3862828"></trkpt>
    <trkpt lat="-23.7166603" lon="133.3862405"></trkpt>
    <trkpt lat="-23.7165825" lon="133.3862811"></trkpt>
    <trkpt lat="-23.7164787" lon="133.3862811"></trkpt>
    <trkpt lat="-23.7163543" lon="133.3863043"></trkpt>
    <trkpt lat="-23.7162758" lon="133.3862659"></trkpt>
    <trkpt lat="-23.7162620" lon="133.3862212"></trkpt>
    <trkpt lat="-23.7162802" lon="133.3861703"></trkpt>
    <trkpt lat="-23.7162353" lon="133.3860917"></trkpt>
    <trkpt lat="-23.7162425" lon="133.3860476"></trkpt>
    <trkpt lat="-23.7162112" lon="133.3860033"></trkpt>
    <trkpt lat="-23.7161412" lon="133.3859536"></trkpt>
    <trkpt lat="-23.7161116" lon="133.3859739"></trkpt>
    <trkpt lat="-23.7161275" lon="133.3858731"></trkpt>
    <trkpt lat="-23.7161415" lon="133.3857971"></trkpt>
    <trkpt lat="-23.7161733" lon="133.3856790"></trkpt>
    <trkpt lat="-23.7161860" lon="133.3856880"></trkpt>
    <trkpt lat="-23.7161705" lon="133.3856353"></trkpt>
    <trkpt lat="-23.7161418" lon="133.3855922"></trkpt>
    <trkpt lat="-23.7161510" lon="133.3855308"></trkpt>
    <trkpt lat="-23.7161608" lon="133.3854078"></trkpt>
    <trkpt lat="-23.7162115" lon="133.3852812"></trkpt>
    <trkpt lat="-23.7162344" lon="133.3852535"></trkpt>
    <trkpt lat="-23.7162097" lon="133.3852402"></trkpt>
    <trkpt lat="-23.7161815" lon="133.3852681"></trkpt>
    <trkpt lat="-23.7161773" lon="133.3852568"></trkpt>
    <trkpt lat="-23.7161763" lon="133.3851251"></trkpt>
    <trkpt lat="-23.7161759" lon="133.3850682"></trkpt>
    <trkpt lat="-23.7161520" lon="133.3850414"></trkpt>
    <trkpt lat="-23.7161463" lon="133.3849944"></trkpt>
    <trkpt lat="-23.7159584" lon="133.3849776"></trkpt>
    <trkpt lat="-23.7159404" lon="133.3849666"></trkpt>
    <trkpt lat="-23.7159425" lon="133.3848823"></trkpt>
    <trkpt lat="-23.7159487" lon="133.3847464"></trkpt>
    <trkpt lat="-23.7159653" lon="133.3846717"></trkpt>
    <trkpt lat="-23.7160061" lon="133.3846115"></trkpt>
    <trkpt lat="-23.7161624" lon="133.3845341"></trkpt>
    <trkpt lat="-23.7161977" lon="133.3844771"></trkpt>
    <trkpt lat="-23.7161973" lon="133.3843910"></trkpt>
    <trkpt lat="-23.7161304" lon="133.3842037"></trkpt>
    <trkpt lat="-23.7160478" lon="133.3840951"></trkpt>
    <trkpt lat="-23.7160153" lon="133.3841075"></trkpt>
    <trkpt lat="-23.7159816" lon="133.3839950"></trkpt>
    <trkpt lat="-23.7160177" lon="133.3838798"></trkpt>
    <trkpt lat="-23.7159623" lon="133.3835996"></trkpt>
    <trkpt lat="-23.7158914" lon="133.3835272"></trkpt>
    <trkpt lat="-23.7158749" lon="133.3834876"></trkpt>
    <trkpt lat="-23.7158575" lon="133.3833535"></trkpt>
    <trkpt lat="-23.7158200" lon="133.3833022"></trkpt>
    <trkpt lat="-23.7158063" lon="133.3831980"></trkpt>
    <trkpt lat="-23.7157731" lon="133.3831580"></trkpt>
    <trkpt lat="-23.7156649" lon="133.3831216"></trkpt>
    <trkpt lat="-23.7156407" lon="133.3830810"></trkpt>
    <trkpt lat="-23.7156274" lon="133.3830649"></trkpt>
    <trkpt lat="-23.7156394" lon="133.3829923"></trkpt>
    <trkpt lat="-23.7157433" lon="133.3827739"></trkpt>
    <trkpt lat="-23.7157921" lon="133.3827136"></trkpt>
    <trkpt lat="-23.7158095" lon="133.3826632"></trkpt>
    <trkpt lat="-23.7158190" lon="133.3826209"></trkpt>
    <trkpt lat="-23.7158352" lon="133.3824750"></trkpt>
    <trkpt lat="-23.7158719" lon="133.3824108"></trkpt>
    <trkpt lat="-23.7158895" lon="133.3823201"></trkpt>
    <trkpt lat="-23.7158426" lon="133.3821012"></trkpt>
    <trkpt lat="-23.7158694" lon="133.3820048"></trkpt>
    <trkpt lat="-23.7158630" lon="133.3818976"></trkpt>
    <trkpt lat="-23.7157839" lon="133.3818523"></trkpt>
    <trkpt lat="-23.7157618" lon="133.3816908"></trkpt>
    <trkpt lat="-23.7157666" lon="133.3814726"></trkpt>
    <trkpt lat="-23.7157695" lon="133.3814314"></trkpt>
    <trkpt lat="-23.7157573" lon="133.3814018"></trkpt>
    <trkpt lat="-23.7156814" lon="133.3813766"></trkpt>
    <trkpt lat="-23.7156537" lon="133.3813514"></trkpt>
    <trkpt lat="-23.7156121" lon="133.3813048"></trkpt>
    <trkpt lat="-23.7155527" lon="133.3811031"></trkpt>
    <trkpt lat="-23.7155479" lon="133.3810082"></trkpt>
    <trkpt lat="-23.7155153" lon="133.3809915"></trkpt>
    <trkpt lat="-23.7154092" lon="133.3809440"></trkpt>
    <trkpt lat="-23.7152743" lon="133.3808107"></trkpt>
    <trkpt lat="-23.7152197" lon="133.3806168"></trkpt>
    <trkpt lat="-23.7150422" lon="133.3804539"></trkpt>
    <trkpt lat="-23.7150303" lon="133.3804086"></trkpt>
    <trkpt lat="-23.7150519" lon="133.3801904"></trkpt>
    <trkpt lat="-23.7150179" lon="133.3800176"></trkpt>
    <trkpt lat="-23.7149243" lon="133.3798272"></trkpt>
    <trkpt lat="-23.7149388" lon="133.3796155"></trkpt>
    <trkpt lat="-23.7149197" lon="133.3795380"></trkpt>
    <trkpt lat="-23.7149312" lon="133.3794857"></trkpt>
    <trkpt lat="-23.7148999" lon="133.3792435"></trkpt>
    <trkpt lat="-23.7148567" lon="133.3791821"></trkpt>
    <trkpt lat="-23.7148366" lon="133.3791535"></trkpt>
    <trkpt lat="-23.7146712" lon="133.3790298"></trkpt>
    <trkpt lat="-23.7145171" lon="133.3790363"></trkpt>
    <trkpt lat="-23.7143445" lon="133.3790582"></trkpt>
    <trkpt lat="-23.7142289" lon="133.3790544"></trkpt>
    <trkpt lat="-23.7142159" lon="133.3790315"></trkpt>
    <trkpt lat="-23.7141486" lon="133.3790136"></trkpt>
    <trkpt lat="-23.7140230" lon="133.3786840"></trkpt>
    <trkpt lat="-23.7139646" lon="133.3786492"></trkpt>
    <trkpt lat="-23.7139628" lon="133.3786365"></trkpt>
    <trkpt lat="-23.7138762" lon="133.3785556"></trkpt>
    <trkpt lat="-23.7135932" lon="133.3784047"></trkpt>
    <trkpt lat="-23.7135395" lon="133.3783191"></trkpt>
    <trkpt lat="-23.7135216" lon="133.3782400"></trkpt>
    <trkpt lat="-23.7135659" lon="133.3778216"></trkpt>
    <trkpt lat="-23.7134861" lon="133.3775537"></trkpt>
    <trkpt lat="-23.7134955" lon="133.3774455"></trkpt>
    <trkpt lat="-23.7134556" lon="133.3773868"></trkpt>
    <trkpt lat="-23.7133363" lon="133.3773194"></trkpt>
    <trkpt lat="-23.7133270" lon="133.3772417"></trkpt>
    <trkpt lat="-23.7133766" lon="133.3770860"></trkpt>
    <trkpt lat="-23.7134343" lon="133.3768983"></trkpt>
    <trkpt lat="-23.7134717" lon="133.3767837"></trkpt>
    <trkpt lat="-23.7134684" lon="133.3767603"></trkpt>
    <trkpt lat="-23.7133126" lon="133.3764191"></trkpt>
    <trkpt lat="-23.7133753" lon="133.3762565"></trkpt>
    <trkpt lat="-23.7136369" lon="133.3760622"></trkpt>
    <trkpt lat="-23.7138227" lon="133.3759645"></trkpt>
    <trkpt lat="-23.7138383" lon="133.3759491"></trkpt>
    <trkpt lat="-23.7139254" lon="133.3757447"></trkpt>
    <trkpt lat="-23.7141880" lon="133.3755053"></trkpt>
    <trkpt lat="-23.7143117" lon="133.3753519"></trkpt>
    <trkpt lat="-23.7145221" lon="133.3751147"></trkpt>
    <trkpt lat="-23.7147581" lon="133.3746376"></trkpt>
    <trkpt lat="-23.7147418" lon="133.3745869"></trkpt>
    <trkpt lat="-23.7147839" lon="133.3745087"></trkpt>
    <trkpt lat="-23.7149216" lon="133.3743012"></trkpt>
    <trkpt lat="-23.7151049" lon="133.3741749"></trkpt>
    <trkpt lat="-23.7151904" lon="133.3740596"></trkpt>
    <trkpt lat="-23.7153035" lon="133.3740385"></trkpt>
    <trkpt lat="-23.7154534" lon="133.3737849"></trkpt>
    <trkpt lat="-23.7156923" lon="133.3735649"></trkpt>
    <trkpt lat="-23.7158910" lon="133.3732906"></trkpt>
    <trkpt lat="-23.7159810" lon="133.3731555"></trkpt>
    <trkpt lat="-23.7161901" lon="133.3728402"></trkpt>
    <trkpt lat="-23.7162391" lon="133.3728012"></trkpt>
    <trkpt lat="-23.7163011" lon="133.3727585"></trkpt>
    <trkpt lat="-23.7165661" lon="133.3726629"></trkpt>
    <trkpt lat="-23.7166405" lon="133.3726701"></trkpt>
    <trkpt lat="-23.7167818" lon="133.3726259"></trkpt>
    <trkpt lat="-23.7168168" lon="133.3725879"></trkpt>
    <trkpt lat="-23.7168468" lon="133.3725952"></trkpt>
    <trkpt lat="-23.7170468" lon="133.3725531"></trkpt>
    <trkpt lat="-23.7170750" lon="133.3725110"></trkpt>
    <trkpt lat="-23.7171077" lon="133.3724948"></trkpt>
    <trkpt lat="-23.7171731" lon="133.3723568"></trkpt>
    <trkpt lat="-23.7172142" lon="133.3722834"></trkpt>
    <trkpt lat="-23.7174064" lon="133.3719852"></trkpt>
    <trkpt lat="-23.7174373" lon="133.3718072"></trkpt>
    <trkpt lat="-23.7175331" lon="133.3717476"></trkpt>
    <trkpt lat="-23.7175709" lon="133.3716649"></trkpt>
    <trkpt lat="-23.7175628" lon="133.3714889"></trkpt>
    <trkpt lat="-23.7175865" lon="133.3713877"></trkpt>
    <trkpt lat="-23.7175829" lon="133.3712181"></trkpt>
    <trkpt lat="-23.7175936" lon="133.3710653"></trkpt>
    <trkpt lat="-23.7175739" lon="133.3708940"></trkpt>
    <trkpt lat="-23.7175710" lon="133.3705964"></trkpt>
    <trkpt lat="-23.7175670" lon="133.3702918"></trkpt>
    <trkpt lat="-23.7175876" lon="133.3701145"></trkpt>
    <trkpt lat="-23.7175922" lon="133.3698799"></trkpt>
    <trkpt lat="-23.7175816" lon="133.3695730"></trkpt>
    <trkpt lat="-23.7175591" lon="133.3694148"></trkpt>
    <trkpt lat="-23.7175544" lon="133.3692875"></trkpt>
    <trkpt lat="-23.7176565" lon="133.3687982"></trkpt>
    <trkpt lat="-23.7176690" lon="133.3687209"></trkpt>
    <trkpt lat="-23.7176752" lon="133.3685182"></trkpt>
    <trkpt lat="-23.7177228" lon="133.3683686"></trkpt>
    <trkpt lat="-23.7177125" lon="133.3682382"></trkpt>
    <trkpt lat="-23.7177349" lon="133.3680375"></trkpt>
    <trkpt lat="-23.7177771" lon="133.3678820"></trkpt>
    <trkpt lat="-23.7177738" lon="133.3677312"></trkpt>
    <trkpt lat="-23.7177646" lon="133.3675396"></trkpt>
    <trkpt lat="-23.7177936" lon="133.3674114"></trkpt>
    <trkpt lat="-23.7178992" lon="133.3671973"></trkpt>
    <trkpt lat="-23.7179297" lon="133.3670246"></trkpt>
    <trkpt lat="-23.7179202" lon="133.3669678"></trkpt>
    <trkpt lat="-23.7179329" lon="133.3668862"></trkpt>
    <trkpt lat="-23.7179145" lon="133.3668190"></trkpt>
    <trkpt lat="-23.7178873" lon="133.3667362"></trkpt>
    <trkpt lat="-23.7180175" lon="133.3664776"></trkpt>
    <trkpt lat="-23.7180197" lon="133.3664351"></trkpt>
    <trkpt lat="-23.7182572" lon="133.3661222"></trkpt>
    <trkpt lat="-23.7183062" lon="133.3659270"></trkpt>
    <trkpt lat="-23.7183292" lon="133.3659069"></trkpt>
    <trkpt lat="-23.7185311" lon="133.3654570"></trkpt>
    <trkpt lat="-23.7186251" lon="133.3651135"></trkpt>
    <trkpt lat="-23.7187236" lon="133.3648257"></trkpt>
    <trkpt lat="-23.7188384" lon="133.3646159"></trkpt>
    <trkpt lat="-23.7188994" lon="133.3644478"></trkpt>
    <trkpt lat="-23.7189699" lon="133.3642784"></trkpt>
    <trkpt lat="-23.7190274" lon="133.3641299"></trkpt>
    <trkpt lat="-23.7190569" lon="133.3640176"></trkpt>
    <trkpt lat="-23.7191372" lon="133.3637981"></trkpt>
    <trkpt lat="-23.7191302" lon="133.3636887"></trkpt>
    <trkpt lat="-23.7191688" lon="133.3636558"></trkpt>
    <trkpt lat="-23.7191863" lon="133.3636153"></trkpt>
    <trkpt lat="-23.7192391" lon="133.3631279"></trkpt>
    <trkpt lat="-23.7193311" lon="133.3629586"></trkpt>
    <trkpt lat="-23.7193072" lon="133.3628790"></trkpt>
    <trkpt lat="-23.7193500" lon="133.3627397"></trkpt>
    <trkpt lat="-23.7194142" lon="133.3626328"></trkpt>
    <trkpt lat="-23.7194516" lon="133.3625273"></trkpt>
    <trkpt lat="-23.7194735" lon="133.3624789"></trkpt>
    <trkpt lat="-23.7195040" lon="133.3623510"></trkpt>
    <trkpt lat="-23.7194923" lon="133.3622808"></trkpt>
    <trkpt lat="-23.7195545" lon="133.3619211"></trkpt>
    <trkpt lat="-23.7195624" lon="133.3618547"></trkpt>
    <trkpt lat="-23.7195641" lon="133.3617768"></trkpt>
    <trkpt lat="-23.7195560" lon="133.3616688"></trkpt>
    <trkpt lat="-23.7195861" lon="133.3615479"></trkpt>
    <trkpt lat="-23.7195938" lon="133.3614614"></trkpt>
    <trkpt lat="-23.7196355" lon="133.3612455"></trkpt>
    <trkpt lat="-23.7196631" lon="133.3608429"></trkpt>
    <trkpt lat="-23.7196360" lon="133.3607588"></trkpt>
    <trkpt lat="-23.7196625" lon="133.3606535"></trkpt>
    <trkpt lat="-23.7196554" lon="133.3605711"></trkpt>
    <trkpt lat="-23.7196727" lon="133.3604001"></trkpt>
    <trkpt lat="-23.7196580" lon="133.3603494"></trkpt>
    <trkpt lat="-23.7197029" lon="133.3601136"></trkpt>
    <trkpt lat="-23.7197084" lon="133.3600515"></trkpt>
    <trkpt lat="-23.7196982" lon="133.3599880"></trkpt>
    <trkpt lat="-23.7196970" lon="133.3599189"></trkpt>
    <trkpt lat="-23.7196931" lon="133.3598866"></trkpt>
    <trkpt lat="-23.7196702" lon="133.3598009"></trkpt>
    <trkpt lat="-23.7196763" lon="133.3597758"></trkpt>
    <trkpt lat="-23.7196368" lon="133.3596861"></trkpt>
    <trkpt lat="-23.7196177" lon="133.3596594"></trkpt>
    <trkpt lat="-23.7195703" lon="133.3594973"></trkpt>
    <trkpt lat="-23.7195532" lon="133.3594489"></trkpt>
    <trkpt lat="-23.7195402" lon="133.3594350"></trkpt>
    <trkpt lat="-23.7195102" lon="133.3594136"></trkpt>
    <trkpt lat="-23.7195009" lon="133.3594016"></trkpt>
    <trkpt lat="-23.7194698" lon="133.3592757"></trkpt>
    <trkpt lat="-23.7192710" lon="133.3590674"></trkpt>
    <trkpt lat="-23.7192741" lon="133.3590360"></trkpt>
    <trkpt lat="-23.7192706" lon="133.3589797"></trkpt>
    <trkpt lat="-23.7192771" lon="133.3588753"></trkpt>
    <trkpt lat="-23.7192348" lon="133.3588157"></trkpt>
    <trkpt lat="-23.7191782" lon="133.3586642"></trkpt>
    <trkpt lat="-23.7191715" lon="133.3585133"></trkpt>
    <trkpt lat="-23.7190318" lon="133.3583050"></trkpt>
    <trkpt lat="-23.7189719" lon="133.3582270"></trkpt>
    <trkpt lat="-23.7189574" lon="133.3581780"></trkpt>
    <trkpt lat="-23.7188824" lon="133.3580444"></trkpt>
    <trkpt lat="-23.7187320" lon="133.3578923"></trkpt>
    <trkpt lat="-23.7186994" lon="133.3578867"></trkpt>
    <trkpt lat="-23.7185964" lon="133.3577965"></trkpt>
    <trkpt lat="-23.7185235" lon="133.3577809"></trkpt>
    <trkpt lat="-23.7184771" lon="133.3576573"></trkpt>
    <trkpt lat="-23.7184317" lon="133.3576589"></trkpt>
    <trkpt lat="-23.7183573" lon="133.3576707"></trkpt>
    <trkpt lat="-23.7183268" lon="133.3576481"></trkpt>
    <trkpt lat="-23.7182602" lon="133.3575766"></trkpt>
    <trkpt lat="-23.7182308" lon="133.3575047"></trkpt>
    <trkpt lat="-23.7181610" lon="133.3574540"></trkpt>
    <trkpt lat="-23.7181317" lon="133.3574117"></trkpt>
    <trkpt lat="-23.7181130" lon="133.3573905"></trkpt>
    <trkpt lat="-23.7181258" lon="133.3573343"></trkpt>
    <trkpt lat="-23.7181187" lon="133.3573212"></trkpt>
    <trkpt lat="-23.7181023" lon="133.3573387"></trkpt>
    <trkpt lat="-23.7181294" lon="133.3572869"></trkpt>
    <trkpt lat="-23.7181773" lon="133.3572173"></trkpt>
    <trkpt lat="-23.7182283" lon="133.3571661"></trkpt>
    <trkpt lat="-23.7182638" lon="133.3570784"></trkpt>
    <trkpt lat="-23.7183587" lon="133.3569114"></trkpt>
    <trkpt lat="-23.7184084" lon="133.3566102"></trkpt>
    <trkpt lat="-23.7183825" lon="133.3565212"></trkpt>
    <trkpt lat="-23.7183969" lon="133.3564869"></trkpt>
    <trkpt lat="-23.7183897" lon="133.3562634"></trkpt>
    <trkpt lat="-23.7183792" lon="133.3562258"></trkpt>
    <trkpt lat="-23.7183475" lon="133.3561790"></trkpt>
    <trkpt lat="-23.7183237" lon="133.3561274"></trkpt>
    <trkpt lat="-23.7182595" lon="133.3560285"></trkpt>
    <trkpt lat="-23.7182040" lon="133.3559691"></trkpt>
    <trkpt lat="-23.7182026" lon="133.3559014"></trkpt>
    <trkpt lat="-23.7181831" lon="133.3558592"></trkpt>
    <trkpt lat="-23.7180962" lon="133.3556095"></trkpt>
    <trkpt lat="-23.7180598" lon="133.3555489"></trkpt>
    <trkpt lat="-23.7179876" lon="133.3554895"></trkpt>
    <trkpt lat="-23.7178307" lon="133.3554060"></trkpt>
    <trkpt lat="-23.7176857" lon="133.3553181"></trkpt>
    <trkpt lat="-23.7175559" lon="133.3551697"></trkpt>
    <trkpt lat="-23.7174993" lon="133.3551256"></trkpt>
    <trkpt lat="-23.7174471" lon="133.3551126"></trkpt>
    <trkpt lat="-23.7174045" lon="133.3550823"></trkpt>
    <trkpt lat="-23.7173385" lon="133.3550110"></trkpt>
    <trkpt lat="-23.7171803" lon="133.3549050"></trkpt>
    <trkpt lat="-23.7171233" lon="133.3548318"></trkpt>
    <trkpt lat="-23.7170595" lon="133.3547715"></trkpt>
    <trkpt lat="-23.7169048" lon="133.3546928"></trkpt>
    <trkpt lat="-23.7168176" lon="133.3546412"></trkpt>
    <trkpt lat="-23.7167724" lon="133.3546150"></trkpt>
    <trkpt lat="-23.7167339" lon="133.3545613"></trkpt>
    <trkpt lat="-23.7166755" lon="133.3544860"></trkpt>
    <trkpt lat="-23.7165879" lon="133.3544471"></trkpt>
    <trkpt lat="-23.7165720" lon="133.3544380"></trkpt>
    <trkpt lat="-23.7165367" lon="133.3543620"></trkpt>
    <trkpt lat="-23.7165731" lon="133.3543333"></trkpt>
    <trkpt lat="-23.7166521" lon="133.3542852"></trkpt>
    <trkpt lat="-23.7166986" lon="133.3542746"></trkpt>
    <trkpt lat="-23.7169897" lon="133.3540820"></trkpt>
    <trkpt lat="-23.7169925" lon="133.3540563"></trkpt>
    <trkpt lat="-23.7169702" lon="133.3539351"></trkpt>
    <trkpt lat="-23.7170045" lon="133.3535413"></trkpt>
    <trkpt lat="-23.7170124" lon="133.3535315"></trkpt>
    <trkpt lat="-23.7170077" lon="133.3533338"></trkpt>
    <trkpt lat="-23.7170095" lon="133.3531227"></trkpt>
    <trkpt lat="-23.7169825" lon="133.3529875"></trkpt>
    <trkpt lat="-23.7169538" lon="133.3527943"></trkpt>
    <trkpt lat="-23.7169722" lon="133.3526210"></trkpt>
    <trkpt lat="-23.7169560" lon="133.3525572"></trkpt>
    <trkpt lat="-23.7169294" lon="133.3525021"></trkpt>
    <trkpt lat="-23.7169073" lon="133.3524734"></trkpt>
    <trkpt lat="-23.7168929" lon="133.3522840"></trkpt>
    <trkpt lat="-23.7169052" lon="133.3520977"></trkpt>
    <trkpt lat="-23.7169445" lon="133.3520000"></trkpt>
    <trkpt lat="-23.7169881" lon="133.3517669"></trkpt>
    <trkpt lat="-23.7169838" lon="133.3516129"></trkpt>
    <trkpt lat="-23.7170097" lon="133.3514314"></trkpt>
    <trkpt lat="-23.7170508" lon="133.3513259"></trkpt>
    <trkpt lat="-23.7170768" lon="133.3512798"></trkpt>
    <trkpt lat="-23.7171417" lon="133.3512172"></trkpt>
    <trkpt lat="-23.7172329" lon="133.3510888"></trkpt>
    <trkpt lat="-23.7172369" lon="133.3510687"></trkpt>
    <trkpt lat="-23.7172617" lon="133.3510033"></trkpt>
    <trkpt lat="-23.7173183" lon="133.3509754"></trkpt>
    <trkpt lat="-23.7173873" lon="133.3508781"></trkpt>
    <trkpt lat="-23.7174085" lon="133.3508438"></trkpt>
    <trkpt lat="-23.7174507" lon="133.3507167"></trkpt>
    <trkpt lat="-23.7174784" lon="133.3505280"></trkpt>
    <trkpt lat="-23.7174689" lon="133.3504382"></trkpt>
    <trkpt lat="-23.7174640" lon="133.3504138"></trkpt>
    <trkpt lat="-23.7174925" lon="133.3503390"></trkpt>
    <trkpt lat="-23.7175274" lon="133.3503036"></trkpt>
    <trkpt lat="-23.7176194" lon="133.3502799"></trkpt>
    <trkpt lat="-23.7176955" lon="133.3502276"></trkpt>
    <trkpt lat="-23.7177142" lon="133.3501827"></trkpt>
    <trkpt lat="-23.7179994" lon="133.3498306"></trkpt>
    <trkpt lat="-23.7181865" lon="133.3497137"></trkpt>
    <trkpt lat="-23.7182838" lon="133.3495971"></trkpt>
    <trkpt lat="-23.7182294" lon="133.3494345"></trkpt>
    <trkpt lat="-23.7182112" lon="133.3493544"></trkpt>
    <trkpt lat="-23.7181879" lon="133.3492447"></trkpt>
    <trkpt lat="-23.7181313" lon="133.3491635"></trkpt>
    <trkpt lat="-23.7180336" lon="133.3490682"></trkpt>
    <trkpt lat="-23.7180095" lon="133.3489777"></trkpt>
    <trkpt lat="-23.7178768" lon="133.3487020"></trkpt>
    <trkpt lat="-23.7179118" lon="133.3486264"></trkpt>
    <trkpt lat="-23.7183228" lon="133.3483972"></trkpt>
    <trkpt lat="-23.7184619" lon="133.3482673"></trkpt>
    <trkpt lat="-23.7184800" lon="133.3482369"></trkpt>
    <trkpt lat="-23.7184893" lon="133.3482255"></trkpt>
    <trkpt lat="-23.7185171" lon="133.3481562"></trkpt>
    <trkpt lat="-23.7184571" lon="133.3481369"></trkpt>
    <trkpt lat="-23.7184311" lon="133.3480936"></trkpt>
    <trkpt lat="-23.7184254" lon="133.3480312"></trkpt>
    <trkpt lat="-23.7183833" lon="133.3478205"></trkpt>
    <trkpt lat="-23.7183407" lon="133.3476648"></trkpt>
    <trkpt lat="-23.7183317" lon="133.3476190"></trkpt>
    <trkpt lat="-23.7183212" lon="133.3475266"></trkpt>
    <trkpt lat="-23.7182048" lon="133.3472878"></trkpt>
    <trkpt lat="-23.7180714" lon="133.3471801"></trkpt>
    <trkpt lat="-23.7179147" lon="133.3471285"></trkpt>
    <trkpt lat="-23.7178586" lon="133.3470316"></trkpt>
    <trkpt lat="-23.7178460" lon="133.3470230"></trkpt>
    <trkpt lat="-23.7178201" lon="133.3469822"></trkpt>
    <trkpt lat="-23.7177223" lon="133.3469119"></trkpt>
    <trkpt lat="-23.7175248" lon="133.3467292"></trkpt>
    <trkpt lat="-23.7174095" lon="133.3465372"></trkpt>
    <trkpt lat="-23.7173006" lon="133.3464077"></trkpt>
    <trkpt lat="-23.7172094" lon="133.3462250"></trkpt>
    <trkpt lat="-23.7170205" lon="133.3460905"></trkpt>
    <trkpt lat="-23.7170028" lon="133.3460709"></trkpt>
    <trkpt lat="-23.7168766" lon="133.3459257"></trkpt>
    <trkpt lat="-23.7168404" lon="133.3458979"></trkpt>
    <trkpt lat="-23.7165958" lon="133.3454613"></trkpt>
    <trkpt lat="-23.7165872" lon="133.3454389"></trkpt>
    <trkpt lat="-23.7162575" lon="133.3451236"></trkpt>
    <trkpt lat="-23.7160009" lon="133.3448081"></trkpt>
    <trkpt lat="-23.7159083" lon="133.3446540"></trkpt>
    <trkpt lat="-23.7157769" lon="133.3444998"></trkpt>
    <trkpt lat="-23.7155894" lon="133.3443135"></trkpt>
    <trkpt lat="-23.7155728" lon="133.3442897"></trkpt>
    <trkpt lat="-23.7155652" lon="133.3441567"></trkpt>
    <trkpt lat="-23.7154633" lon="133.3439716"></trkpt>
    <trkpt lat="-23.7153865" lon="133.3438723"></trkpt>
    <trkpt lat="-23.7152959" lon="133.3437607"></trkpt>
    <trkpt lat="-23.7152309" lon="133.3436490"></trkpt>
    <trkpt lat="-23.7150083" lon="133.3434243"></trkpt>
    <trkpt lat="-23.7149794" lon="133.3433626"></trkpt>
    <trkpt lat="-23.7148995" lon="133.3432801"></trkpt>
    <trkpt lat="-23.7147948" lon="133.3432415"></trkpt>
    <trkpt lat="-23.7146906" lon="133.3429702"></trkpt>
    <trkpt lat="-23.7146499" lon="133.3429473"></trkpt>
    <trkpt lat="-23.7145872" lon="133.3428496"></trkpt>
    <trkpt lat="-23.7145342" lon="133.3428089"></trkpt>
    <trkpt lat="-23.7143677" lon="133.3426034"></trkpt>
    <trkpt lat="-23.7142815" lon="133.3424316"></trkpt>
    <trkpt lat="-23.7142940" lon="133.3422361"></trkpt>
    <trkpt lat="-23.7142668" lon="133.3421849"></trkpt>
    <trkpt lat="-23.7142341" lon="133.3421095"></trkpt>
    <trkpt lat="-23.7140071" lon="133.3420190"></trkpt>
    <trkpt lat="-23.7137478" lon="133.3417371"></trkpt>
    <trkpt lat="-23.7136852" lon="133.3416565"></trkpt>
    <trkpt lat="-23.7134685" lon="133.3415051"></trkpt>
    <trkpt lat="-23.7133846" lon="133.3413493"></trkpt>
    <trkpt lat="-23.7133664" lon="133.3412838"></trkpt>
    <trkpt lat="-23.7133558" lon="133.3412398"></trkpt>
    <trkpt lat="-23.7132140" lon="133.3410747"></trkpt>
    <trkpt lat="-23.7132146" lon="133.3410018"></trkpt>
    <trkpt lat="-23.7130886" lon="133.3407895"></trkpt>
    <trkpt lat="-23.7130573" lon="133.3407821"></trkpt>
    <trkpt lat="-23.7130326" lon="133.3407774"></trkpt>
    <trkpt lat="-23.7130290" lon="133.3407489"></trkpt>
    <trkpt lat="-23.7130277" lon="133.3407228"></trkpt>
    <trkpt lat="-23.7130438" lon="133.3406058"></trkpt>
    <trkpt lat="-23.7129090" lon="133.3403710"></trkpt>
    <trkpt lat="-23.7128691" lon="133.3402260"></trkpt>
    <trkpt lat="-23.7128657" lon="133.3400701"></trkpt>
    <trkpt lat="-23.7128392" lon="133.3399639"></trkpt>
    <trkpt lat="-23.7128192" lon="133.3398874"></trkpt>
    <trkpt lat="-23.7127405" lon="133.3396966"></trkpt>
    <trkpt lat="-23.7127239" lon="133.3395462"></trkpt>
    <trkpt lat="-23.7127215" lon="133.3394338"></trkpt>
    <trkpt lat="-23.7127486" lon="133.3393509"></trkpt>
    <trkpt lat="-23.7127496" lon="133.3392658"></trkpt>
    <trkpt lat="-23.7127338" lon="133.3390753"></trkpt>
    <trkpt lat="-23.7127825" lon="133.3389148"></trkpt>
    <trkpt lat="-23.7127846" lon="133.3388036"></trkpt>
    <trkpt lat="-23.7127989" lon="133.3387783"></trkpt>
    <trkpt lat="-23.7128104" lon="133.3387025"></trkpt>
    <trkpt lat="-23.7127686" lon="133.3385324"></trkpt>
    <trkpt lat="-23.7127854" lon="133.3384786"></trkpt>
    <trkpt lat="-23.7128221" lon="133.3382845"></trkpt>
    <trkpt lat="-23.7129060" lon="133.3380693"></trkpt>
    <trkpt lat="-23.7129363" lon="133.3380457"></trkpt>
    <trkpt lat="-23.7129142" lon="133.3379457"></trkpt>
    <trkpt lat="-23.7129116" lon="133.3379198"></trkpt>
    <trkpt lat="-23.7130047" lon="133.3378282"></trkpt>
    <trkpt lat="-23.7130230" lon="133.3377767"></trkpt>
    <trkpt lat="-23.7130717" lon="133.3377218"></trkpt>
    <trkpt lat="-23.7130781" lon="133.3376400"></trkpt>
    <trkpt lat="-23.7130880" lon="133.3376107"></trkpt>
    <trkpt lat="-23.7130799" lon="133.3375461"></trkpt>
    <trkpt lat="-23.7130840" lon="133.3374545"></trkpt>
    <trkpt lat="-23.7130386" lon="133.3373276"></trkpt>
    <trkpt lat="-23.7129892" lon="133.3372475"></trkpt>
    <trkpt lat="-23.7129350" lon="133.3370480"></trkpt>
    <trkpt lat="-23.7129267" lon="133.3370171"></trkpt>
    <trkpt lat="-23.7128806" lon="133.3369204"></trkpt>
    <trkpt lat="-23.7127921" lon="133.3366356"></trkpt>
    <trkpt lat="-23.7128002" lon="133.3365861"></trkpt>
    <trkpt lat="-23.7127916" lon="133.3365089"></trkpt>
    <trkpt lat="-23.7127905" lon="133.3363864"></trkpt>
    <trkpt lat="-23.7126316" lon="133.3359754"></trkpt>
    <trkpt lat="-23.7126189" lon="133.3359849"></trkpt>
    <trkpt lat="-23.7125986" lon="133.3359843"></trkpt>
    <trkpt lat="-23.7125547" lon="133.3359141"></trkpt>
    <trkpt lat="-23.7125580" lon="133.3358936"></trkpt>
    <trkpt lat="-23.7125560" lon="133.3358788"></trkpt>
    <trkpt lat="-23.7125082" lon="133.3358274"></trkpt>
    <trkpt lat="-23.7125014" lon="133.3357930"></trkpt>
    <trkpt lat="-23.7125524" lon="133.3355948"></trkpt>
    <trkpt lat="-23.7126033" lon="133.3355042"></trkpt>
    <trkpt lat="-23.7125955" lon="133.3354859"></trkpt>
    <trkpt lat="-23.7126184" lon="133.3353628"></trkpt>
    <trkpt lat="-23.7126146" lon="133.3353378"></trkpt>
    <trkpt lat="-23.7126488" lon="133.3351782"></trkpt>
    <trkpt lat="-23.7126515" lon="133.3351534"></trkpt>
    <trkpt lat="-23.7126276" lon="133.3351128"></trkpt>
    <trkpt lat="-23.7125736" lon="133.3350702"></trkpt>
    <trkpt lat="-23.7125691" lon="133.3349024"></trkpt>
    <trkpt lat="-23.7126498" lon="133.3346148"></trkpt>
    <trkpt lat="-23.7126619" lon="133.3345859"></trkpt>
    <trkpt lat="-23.7126913" lon="133.3343782"></trkpt>
    <trkpt lat="-23.7126898" lon="133.3342905"></trkpt>
    <trkpt lat="-23.7127434" lon="133.3342452"></trkpt>
    <trkpt lat="-23.7128709" lon="133.3341118"></trkpt>
    <trkpt lat="-23.7129083" lon="133.3340575"></trkpt>
    <trkpt lat="-23.7129401" lon="133.3339672"></trkpt>
    <trkpt lat="-23.7129952" lon="133.3338747"></trkpt>
    <trkpt lat="-23.7129687" lon="133.3338538"></trkpt>
    <trkpt lat="-23.7129167" lon="133.3338097"></trkpt>
    <trkpt lat="-23.7129121" lon="133.3336732"></trkpt>
    <trkpt lat="-23.7128587" lon="133.3335998"></trkpt>
    <trkpt lat="-23.7129770" lon="133.3335557"></trkpt>
    <trkpt lat="-23.7129460" lon="133.3335106"></trkpt>
    <trkpt lat="-23.7128825" lon="133.3334653"></trkpt>
    <trkpt lat="-23.7129315" lon="133.3333104"></trkpt>
    <trkpt lat="-23.7129708" lon="133.3330898"></trkpt>
    <trkpt lat="-23.7130445" lon="133.3328975"></trkpt>
    <trkpt lat="-23.7130873" lon="133.3328034"></trkpt>
    <trkpt lat="-23.7130610" lon="133.3326341"></trkpt>
    <trkpt lat="-23.7130792" lon="133.3324719"></trkpt>
    <trkpt lat="-23.7131207" lon="133.3322844"></trkpt>
    <trkpt lat="-23.7131084" lon="133.3321315"></trkpt>
    <trkpt lat="-23.7131174" lon="133.3319914"></trkpt>
    <trkpt lat="-23.7131428" lon="133.3319382"></trkpt>
    <trkpt lat="-23.7132522" lon="133.3319162"></trkpt>
    <trkpt lat="-23.7133784" lon="133.3318597"></trkpt>
    <trkpt lat="-23.7134373" lon="133.3318054"></trkpt>
    <trkpt lat="-23.7134166" lon="133.3317517"></trkpt>
    <trkpt lat="-23.7133868" lon="133.3317195"></trkpt>
    <trkpt lat="-23.7132764" lon="133.3316094"></trkpt>
    <trkpt lat="-23.7131452" lon="133.3314990"></trkpt>
    <trkpt lat="-23.7131036" lon="133.3314576"></trkpt>
    <trkpt lat="-23.7130860" lon="133.3314466"></trkpt>
    <trkpt lat="-23.7130294" lon="133.3314301"></trkpt>
    <trkpt lat="-23.7130098" lon="133.3314117"></trkpt>
    <trkpt lat="-23.7128749" lon="133.3313315"></trkpt>
    <trkpt lat="-23.7127599" lon="133.3313087"></trkpt>
    <trkpt lat="-23.7127283" lon="133.3313251"></trkpt>
    <trkpt lat="-23.7126090" lon="133.3313142"></trkpt>
    <trkpt lat="-23.7125381" lon="133.3312435"></trkpt>
    <trkpt lat="-23.7125170" lon="133.3312318"></trkpt>
    <trkpt lat="-23.7124025" lon="133.3312215"></trkpt>
    <trkpt lat="-23.7123296" lon="133.3310976"></trkpt>
    <trkpt lat="-23.7123025" lon="133.3311486"></trkpt>
    <trkpt lat="-23.7121783" lon="133.3311063"></trkpt>
    <trkpt lat="-23.7120774" lon="133.3310534"></trkpt>
    <trkpt lat="-23.7120366" lon="133.3310316"></trkpt>
    <trkpt lat="-23.7119178" lon="133.3309921"></trkpt>
    <trkpt lat="-23.7117771" lon="133.3309186"></trkpt>
    <trkpt lat="-23.7117460" lon="133.3309125"></trkpt>
    <trkpt lat="-23.7115864" lon="133.3308200"></trkpt>
    <trkpt lat="-23.7114477" lon="133.3307811"></trkpt>
    <trkpt lat="-23.7113707" lon="133.3308256"></trkpt>
    <trkpt lat="-23.7110653" lon="133.3308657"></trkpt>
    <trkpt lat="-23.7109710" lon="133.3308507"></trkpt>
    <trkpt lat="-23.7109256" lon="133.3308301"></trkpt>
    <trkpt lat="-23.7107150" lon="133.3308891"></trkpt>
    <trkpt lat="-23.7106227" lon="133.3308635"></trkpt>
    <trkpt lat="-23.7103912" lon="133.3306747"></trkpt>
    <trkpt lat="-23.7102148" lon="133.3307354"></trkpt>
    <trkpt lat="-23.7101460" lon="133.3307488"></trkpt>
    <trkpt lat="-23.7100950" lon="133.3307827"></trkpt>
    <trkpt lat="-23.7099721" lon="133.3307387"></trkpt>
    <trkpt lat="-23.7099079" lon="133.3307610"></trkpt>
    <trkpt lat="-23.7096019" lon="133.3307449"></trkpt>
    <trkpt lat="-23.7094046" lon="133.3307872"></trkpt>
    <trkpt lat="-23.7091481" lon="133.3307799"></trkpt>
    <trkpt lat="-23.7091033" lon="133.3307059"></trkpt>
    <trkpt lat="-23.7088545" lon="133.3306524"></trkpt>
    <trkpt lat="-23.7087719" lon="133.3306975"></trkpt>
    <trkpt lat="-23.7086490" lon="133.3306908"></trkpt>
    <trkpt lat="-23.7084496" lon="133.3306363"></trkpt>
    <trkpt lat="-23.7083256" lon="133.3306926"></trkpt>
    <trkpt lat="-23.7082533" lon="133.3306719"></trkpt>
    <trkpt lat="-23.7081916" lon="133.3307003"></trkpt>
    <trkpt lat="-23.7081167" lon="133.3307181"></trkpt>
    <trkpt lat="-23.7080152" lon="133.3306836"></trkpt>
    <trkpt lat="-23.7079015" lon="133.3306819"></trkpt>
    <trkpt lat="-23.7077256" lon="133.3307309"></trkpt>
    <trkpt lat="-23.7076940" lon="133.3308056"></trkpt>
    <trkpt lat="-23.7076256" lon="133.3307549"></trkpt>
    <trkpt lat="-23.7075716" lon="133.3306619"></trkpt>
    <trkpt lat="-23.7074563" lon="133.3305978"></trkpt>
    <trkpt lat="-23.7074281" lon="133.3305767"></trkpt>
    <trkpt lat="-23.7073921" lon="133.3305076"></trkpt>
    <trkpt lat="-23.7073024" lon="133.3304675"></trkpt>
    <trkpt lat="-23.7070974" lon="133.3305154"></trkpt>
    <trkpt lat="-23.7070959" lon="133.3305421"></trkpt>
    <trkpt lat="-23.7070500" lon="133.3305856"></trkpt>
    <trkpt lat="-23.7068292" lon="133.3306240"></trkpt>
    <trkpt lat="-23.7067073" lon="133.3307159"></trkpt>
    <trkpt lat="-23.7065457" lon="133.3307382"></trkpt>
    <trkpt lat="-23.7063402" lon="133.3306541"></trkpt>
    <trkpt lat="-23.7062448" lon="133.3306502"></trkpt>
    <trkpt lat="-23.7061775" lon="133.3306786"></trkpt>
    <trkpt lat="-23.7060001" lon="133.3306830"></trkpt>
    <trkpt lat="-23.7059466" lon="133.3307014"></trkpt>
    <trkpt lat="-23.7058502" lon="133.3306864"></trkpt>
    <trkpt lat="-23.7058257" lon="133.3306574"></trkpt>
    <trkpt lat="-23.7056416" lon="133.3305722"></trkpt>
    <trkpt lat="-23.7054117" lon="133.3306012"></trkpt>
    <trkpt lat="-23.7053821" lon="133.3305934"></trkpt>
    <trkpt lat="-23.7053270" lon="133.3305032"></trkpt>
    <trkpt lat="-23.7052934" lon="133.3305188"></trkpt>
    <trkpt lat="-23.7052771" lon="133.3305199"></trkpt>
    <trkpt lat="-23.7052434" lon="133.3304569"></trkpt>
    <trkpt lat="-23.7050711" lon="133.3304898"></trkpt>
    <trkpt lat="-23.7050394" lon="133.3304079"></trkpt>
    <trkpt lat="-23.7050435" lon="133.3304647"></trkpt>
    <trkpt lat="-23.7049329" lon="133.3305410"></trkpt>
    <trkpt lat="-23.7048906" lon="133.3305533"></trkpt>
    <trkpt lat="-23.7048518" lon="133.3305137"></trkpt>
    <trkpt lat="-23.7047233" lon="133.3304469"></trkpt>
    <trkpt lat="-23.7047111" lon="133.3304391"></trkpt>
    <trkpt lat="-23.7046891" lon="133.3304787"></trkpt>
    <trkpt lat="-23.7046611" lon="133.3304686"></trkpt>
    <trkpt lat="-23.7044694" lon="133.3304508"></trkpt>
    <trkpt lat="-23.7043990" lon="133.3303472"></trkpt>
    <trkpt lat="-23.7043546" lon="133.3303957"></trkpt>
    <trkpt lat="-23.7042736" lon="133.3304129"></trkpt>
    <trkpt lat="-23.7041456" lon="133.3303857"></trkpt>
    <trkpt lat="-23.7040569" lon="133.3304068"></trkpt>
    <trkpt lat="-23.7039916" lon="133.3304659"></trkpt>
    <trkpt lat="-23.7038759" lon="133.3303717"></trkpt>
    <trkpt lat="-23.7038386" lon="133.3303628"></trkpt>
    <trkpt lat="-23.7038004" lon="133.3303818"></trkpt>
    <trkpt lat="-23.7036790" lon="133.3303940"></trkpt>
    <trkpt lat="-23.7036158" lon="133.3304308"></trkpt>
    <trkpt lat="-23.7035424" lon="133.3303962"></trkpt>
    <trkpt lat="-23.7035184" lon="133.3303729"></trkpt>
    <trkpt lat="-23.7034771" lon="133.3304564"></trkpt>
    <trkpt lat="-23.7033338" lon="133.3304035"></trkpt>
    <trkpt lat="-23.7030722" lon="133.3304725"></trkpt>
    <trkpt lat="-23.7030218" lon="133.3305321"></trkpt>
    <trkpt lat="-23.7029708" lon="133.3305516"></trkpt>
    <trkpt lat="-23.7028938" lon="133.3304558"></trkpt>
    <trkpt lat="-23.7028831" lon="133.3305132"></trkpt>
    <trkpt lat="-23.7028214" lon="133.3305895"></trkpt>
    <trkpt lat="-23.7027403" lon="133.3305767"></trkpt>
    <trkpt lat="-23.7026924" lon="133.3305322"></trkpt>
    <trkpt lat="-23.7026215" lon="133.3305293"></trkpt>
    <trkpt lat="-23.7025287" lon="133.3304775"></trkpt>
    <trkpt lat="-23.7023344" lon="133.3301974"></trkpt>
    <trkpt lat="-23.7022319" lon="133.3301262"></trkpt>
    <trkpt lat="-23.7020111" lon="133.3300822"></trkpt>
    <trkpt lat="-23.7019566" lon="133.3300549"></trkpt>
    <trkpt lat="-23.7019005" lon="133.3299925"></trkpt>
    <trkpt lat="-23.7018607" lon="133.3299691"></trkpt>
    <trkpt lat="-23.7018449" lon="133.3299273"></trkpt>
    <trkpt lat="-23.7017246" lon="133.3299262"></trkpt>
    <trkpt lat="-23.7016899" lon="133.3299407"></trkpt>
    <trkpt lat="-23.7015966" lon="133.3299090"></trkpt>
    <trkpt lat="-23.7014676" lon="133.3298043"></trkpt>
    <trkpt lat="-23.7014145" lon="133.3296779"></trkpt>
    <trkpt lat="-23.7013702" lon="133.3296344"></trkpt>
    <trkpt lat="-23.7012631" lon="133.3296138"></trkpt>
    <trkpt lat="-23.7011208" lon="133.3295164"></trkpt>
    <trkpt lat="-23.7009852" lon="133.3295281"></trkpt>
    <trkpt lat="-23.7009613" lon="133.3295264"></trkpt>
    <trkpt lat="-23.7009041" lon="133.3295242"></trkpt>
    <trkpt lat="-23.7008460" lon="133.3295325"></trkpt>
    <trkpt lat="-23.7007317" lon="133.3294685"></trkpt>
    <trkpt lat="-23.7005920" lon="133.3294473"></trkpt>
    <trkpt lat="-23.7004890" lon="133.3293476"></trkpt>
    <trkpt lat="-23.7004544" lon="133.3293254"></trkpt>
    <trkpt lat="-23.7003916" lon="133.3292351"></trkpt>
    <trkpt lat="-23.7003605" lon="133.3291527"></trkpt>
    <trkpt lat="-23.7003549" lon="133.3290720"></trkpt>
    <trkpt lat="-23.7002779" lon="133.3290224"></trkpt>
    <trkpt lat="-23.7002636" lon="133.3289934"></trkpt>
    <trkpt lat="-23.7002422" lon="133.3288709"></trkpt>
    <trkpt lat="-23.7002330" lon="133.3288436"></trkpt>
    <trkpt lat="-23.7002504" lon="133.3287713"></trkpt>
    <trkpt lat="-23.7002264" lon="133.3287122"></trkpt>
    <trkpt lat="-23.7002835" lon="133.3286799"></trkpt>
    <trkpt lat="-23.7002127" lon="133.3285117"></trkpt>
    <trkpt lat="-23.7002677" lon="133.3283452"></trkpt>
    <trkpt lat="-23.7002172" lon="133.3282533"></trkpt>
    <trkpt lat="-23.7002769" lon="133.3282060"></trkpt>
    <trkpt lat="-23.7002631" lon="133.3281069"></trkpt>
    <trkpt lat="-23.7002846" lon="133.3280785"></trkpt>
    <trkpt lat="-23.7003345" lon="133.3280200"></trkpt>
    <trkpt lat="-23.7003564" lon="133.3279120"></trkpt>
    <trkpt lat="-23.7003274" lon="133.3278284"></trkpt>
    <trkpt lat="-23.7003636" lon="133.3277505"></trkpt>
    <trkpt lat="-23.7004125" lon="133.3277271"></trkpt>
    <trkpt lat="-23.7003957" lon="133.3276764"></trkpt>
    <trkpt lat="-23.7004421" lon="133.3276335"></trkpt>
    <trkpt lat="-23.7004482" lon="133.3275701"></trkpt>
    <trkpt lat="-23.7004003" lon="133.3275283"></trkpt>
    <trkpt lat="-23.7003880" lon="133.3274771"></trkpt>
    <trkpt lat="-23.7004222" lon="133.3274342"></trkpt>
    <trkpt lat="-23.7003855" lon="133.3273696"></trkpt>
    <trkpt lat="-23.7003564" lon="133.3272693"></trkpt>
    <trkpt lat="-23.7004166" lon="133.3270232"></trkpt>
    <trkpt lat="-23.7003978" lon="133.3269046"></trkpt>
    <trkpt lat="-23.7004299" lon="133.3267704"></trkpt>
    <trkpt lat="-23.7004620" lon="133.3267035"></trkpt>
    <trkpt lat="-23.7004508" lon="133.3265287"></trkpt>
    <trkpt lat="-23.7004800" lon="133.3264690"></trkpt>
    <trkpt lat="-23.7005074" lon="133.3264474"></trkpt>
    <trkpt lat="-23.7005473" lon="133.3262585"></trkpt>
    <trkpt lat="-23.7005630" lon="133.3261968"></trkpt>
    <trkpt lat="-23.7005579" lon="133.3261383"></trkpt>
    <trkpt lat="-23.7005426" lon="133.3261060"></trkpt>
    <trkpt lat="-23.7005859" lon="133.3260531"></trkpt>
    <trkpt lat="-23.7005630" lon="133.3259729"></trkpt>
    <trkpt lat="-23.7005609" lon="133.3259105"></trkpt>
    <trkpt lat="-23.7005818" lon="133.3258777"></trkpt>
    <trkpt lat="-23.7005507" lon="133.3258621"></trkpt>
    <trkpt lat="-23.7005268" lon="133.3258097"></trkpt>
    <trkpt lat="-23.7005523" lon="133.3256020"></trkpt>
    <trkpt lat="-23.7005548" lon="133.3255580"></trkpt>
    <trkpt lat="-23.7005849" lon="133.3254472"></trkpt>
    <trkpt lat="-23.7005701" lon="133.3254082"></trkpt>
    <trkpt lat="-23.7005844" lon="133.3253676"></trkpt>
    <trkpt lat="-23.7005568" lon="133.3253498"></trkpt>
    <trkpt lat="-23.7005436" lon="133.3252857"></trkpt>
    <trkpt lat="-23.7005523" lon="133.3252501"></trkpt>
    <trkpt lat="-23.7005426" lon="133.3251816"></trkpt>
    <trkpt lat="-23.7005584" lon="133.3250346"></trkpt>
    <trkpt lat="-23.7005487" lon="133.3249811"></trkpt>
    <trkpt lat="-23.7006711" lon="133.3248263"></trkpt>
    <trkpt lat="-23.7006848" lon="133.3247411"></trkpt>
    <trkpt lat="-23.7006481" lon="133.3246464"></trkpt>
    <trkpt lat="-23.7006180" lon="133.3246130"></trkpt>
    <trkpt lat="-23.7005920" lon="133.3245217"></trkpt>
    <trkpt lat="-23.7006196" lon="133.3244409"></trkpt>
    <trkpt lat="-23.7006262" lon="133.3243964"></trkpt>
    <trkpt lat="-23.7005808" lon="133.3242583"></trkpt>
    <trkpt lat="-23.7005716" lon="133.3241602"></trkpt>
    <trkpt lat="-23.7006502" lon="133.3240862"></trkpt>
    <trkpt lat="-23.7006537" lon="133.3240422"></trkpt>
    <trkpt lat="-23.7006456" lon="133.3239932"></trkpt>
    <trkpt lat="-23.7005931" lon="133.3239364"></trkpt>
    <trkpt lat="-23.7005089" lon="133.3238094"></trkpt>
    <trkpt lat="-23.7004885" lon="133.3237264"></trkpt>
    <trkpt lat="-23.7004544" lon="133.3237008"></trkpt>
    <trkpt lat="-23.7004304" lon="133.3236195"></trkpt>
    <trkpt lat="-23.7004289" lon="133.3235527"></trkpt>
    <trkpt lat="-23.7004105" lon="133.3235454"></trkpt>
    <trkpt lat="-23.7004329" lon="133.3234886"></trkpt>
    <trkpt lat="-23.7004299" lon="133.3234536"></trkpt>
    <trkpt lat="-23.7004431" lon="133.3234519"></trkpt>
    <trkpt lat="-23.7004571" lon="133.3233787"></trkpt>
    <trkpt lat="-23.7004257" lon="133.3232542"></trkpt>
    <trkpt lat="-23.7004370" lon="133.3231954"></trkpt>
    <trkpt lat="-23.7004333" lon="133.3231265"></trkpt>
    <trkpt lat="-23.7004398" lon="133.3231111"></trkpt>
    <trkpt lat="-23.7004232" lon="133.3230804"></trkpt>
    <trkpt lat="-23.7003785" lon="133.3230552"></trkpt>
    <trkpt lat="-23.7004369" lon="133.3228662"></trkpt>
    <trkpt lat="-23.7005026" lon="133.3228583"></trkpt>
    <trkpt lat="-23.7004946" lon="133.3228413"></trkpt>
    <trkpt lat="-23.7005588" lon="133.3227779"></trkpt>
    <trkpt lat="-23.7005740" lon="133.3227419"></trkpt>
    <trkpt lat="-23.7005166" lon="133.3226649"></trkpt>
    <trkpt lat="-23.7005095" lon="133.3225885"></trkpt>
    <trkpt lat="-23.7004912" lon="133.3225847"></trkpt>
    <trkpt lat="-23.7003084" lon="133.3223902"></trkpt>
    <trkpt lat="-23.7002517" lon="133.3223717"></trkpt>
    <trkpt lat="-23.7001889" lon="133.3224126"></trkpt>
    <trkpt lat="-23.7001512" lon="133.3222891"></trkpt>
    <trkpt lat="-23.7001125" lon="133.3223193"></trkpt>
    <trkpt lat="-23.7000884" lon="133.3221963"></trkpt>
    <trkpt lat="-23.7000366" lon="133.3222792"></trkpt>
    <trkpt lat="-23.6999966" lon="133.3221877"></trkpt>
    <trkpt lat="-23.6999927" lon="133.3222274"></trkpt>
    <trkpt lat="-23.6999629" lon="133.3222983"></trkpt>
    <trkpt lat="-23.6999516" lon="133.3223592"></trkpt>
    <trkpt lat="-23.6999148" lon="133.3224524"></trkpt>
    <trkpt lat="-23.6998630" lon="133.3224525"></trkpt>
    <trkpt lat="-23.6998261" lon="133.3225145"></trkpt>
    <trkpt lat="-23.6997616" lon="133.3225326"></trkpt>
    <trkpt lat="-23.6996669" lon="133.3226374"></trkpt>
    <trkpt lat="-23.6996141" lon="133.3226362"></trkpt>
    <trkpt lat="-23.6995964" lon="133.3226913"></trkpt>
    <trkpt lat="-23.6995167" lon="133.3227765"></trkpt>
    <trkpt lat="-23.6993889" lon="133.3228514"></trkpt>
    <trkpt lat="-23.6992865" lon="133.3228528"></trkpt>
    <trkpt lat="-23.6992005" lon="133.3228101"></trkpt>
    <trkpt lat="-23.6991570" lon="133.3227365"></trkpt>
    <trkpt lat="-23.6991410" lon="133.3226718"></trkpt>
    <trkpt lat="-23.6991067" lon="133.3226766"></trkpt>
    <trkpt lat="-23.6990525" lon="133.3226216"></trkpt>
    <trkpt lat="-23.6990406" lon="133.3225472"></trkpt>
    <trkpt lat="-23.6990619" lon="133.3224072"></trkpt>
    <trkpt lat="-23.6991205" lon="133.3223696"></trkpt>
    <trkpt lat="-23.6991410" lon="133.3223097"></trkpt>
    <trkpt lat="-23.6990938" lon="133.3223007"></trkpt>
    <trkpt lat="-23.6990360" lon="133.3222107"></trkpt>
    <trkpt lat="-23.6989633" lon="133.3221453"></trkpt>
    <trkpt lat="-23.6989389" lon="133.3220335"></trkpt>
    <trkpt lat="-23.6989395" lon="133.3221093"></trkpt>
    <trkpt lat="-23.6988245" lon="133.3220884"></trkpt>
    <trkpt lat="-23.6986925" lon="133.3220227"></trkpt>
    <trkpt lat="-23.6986166" lon="133.3219260"></trkpt>
    <trkpt lat="-23.6985459" lon="133.3217334"></trkpt>
    <trkpt lat="-23.6985562" lon="133.3217246"></trkpt>
    <trkpt lat="-23.6984421" lon="133.3214980"></trkpt>
    <trkpt lat="-23.6982860" lon="133.3213174"></trkpt>
    <trkpt lat="-23.6981462" lon="133.3210658"></trkpt>
    <trkpt lat="-23.6979143" lon="133.3207816"></trkpt>
    <trkpt lat="-23.6978670" lon="133.3206828"></trkpt>
    <trkpt lat="-23.6978473" lon="133.3206419"></trkpt>
    <trkpt lat="-23.6978725" lon="133.3206421"></trkpt>
    <trkpt lat="-23.6979331" lon="133.3205809"></trkpt>
    <trkpt lat="-23.6979478" lon="133.3205147"></trkpt>
    <trkpt lat="-23.6979224" lon="133.3204395"></trkpt>
    <trkpt lat="-23.6979565" lon="133.3203459"></trkpt>
    <trkpt lat="-23.6979991" lon="133.3202327"></trkpt>
    <trkpt lat="-23.6979996" lon="133.3201825"></trkpt>
    <trkpt lat="-23.6980433" lon="133.3200694"></trkpt>
    <trkpt lat="-23.6980312" lon="133.3200433"></trkpt>
    <trkpt lat="-23.6980578" lon="133.3199398"></trkpt>
    <trkpt lat="-23.6980555" lon="133.3198512"></trkpt>
    <trkpt lat="-23.6980843" lon="133.3197948"></trkpt>
    <trkpt lat="-23.6981340" lon="133.3196928"></trkpt>
    <trkpt lat="-23.6981241" lon="133.3195492"></trkpt>
    <trkpt lat="-23.6981215" lon="133.3194049"></trkpt>
    <trkpt lat="-23.6981557" lon="133.3192910"></trkpt>
    <trkpt lat="-23.6981824" lon="133.3192963"></trkpt>
    <trkpt lat="-23.6981906" lon="133.3192214"></trkpt>
    <trkpt lat="-23.6981806" lon="133.3192095"></trkpt>
    <trkpt lat="-23.6981837" lon="133.3191944"></trkpt>
    <trkpt lat="-23.6981967" lon="133.3191889"></trkpt>
    <trkpt lat="-23.6981745" lon="133.3191212"></trkpt>
    <trkpt lat="-23.6981912" lon="133.3190914"></trkpt>
    <trkpt lat="-23.6981824" lon="133.3190441"></trkpt>
    <trkpt lat="-23.6982087" lon="133.3190059"></trkpt>
    <trkpt lat="-23.6981687" lon="133.3188489"></trkpt>
    <trkpt lat="-23.6981852" lon="133.3188083"></trkpt>
    <trkpt lat="-23.6981661" lon="133.3187423"></trkpt>
    <trkpt lat="-23.6981559" lon="133.3186526"></trkpt>
    <trkpt lat="-23.6981683" lon="133.3185201"></trkpt>
    <trkpt lat="-23.6981689" lon="133.3184129"></trkpt>
    <trkpt lat="-23.6981411" lon="133.3183957"></trkpt>
    <trkpt lat="-23.6981297" lon="133.3183236"></trkpt>
    <trkpt lat="-23.6981421" lon="133.3182222"></trkpt>
    <trkpt lat="-23.6981590" lon="133.3181106"></trkpt>
    <trkpt lat="-23.6981544" lon="133.3180023"></trkpt>
    <trkpt lat="-23.6981526" lon="133.3178610"></trkpt>
    <trkpt lat="-23.6981314" lon="133.3178277"></trkpt>
    <trkpt lat="-23.6981416" lon="133.3178077"></trkpt>
    <trkpt lat="-23.6981205" lon="133.3177325"></trkpt>
    <trkpt lat="-23.6981513" lon="133.3176776"></trkpt>
    <trkpt lat="-23.6981026" lon="133.3176116"></trkpt>
    <trkpt lat="-23.6981169" lon="133.3175621"></trkpt>
    <trkpt lat="-23.6981001" lon="133.3174903"></trkpt>
    <trkpt lat="-23.6981085" lon="133.3174791"></trkpt>
    <trkpt lat="-23.6980936" lon="133.3174629"></trkpt>
    <trkpt lat="-23.6981108" lon="133.3174354"></trkpt>
    <trkpt lat="-23.6980789" lon="133.3173920"></trkpt>
    <trkpt lat="-23.6980802" lon="133.3173121"></trkpt>
    <trkpt lat="-23.6980374" lon="133.3173149"></trkpt>
    <trkpt lat="-23.6980417" lon="133.3172776"></trkpt>
    <trkpt lat="-23.6980774" lon="133.3172085"></trkpt>
    <trkpt lat="-23.6981034" lon="133.3171578"></trkpt>
    <trkpt lat="-23.6981072" lon="133.3170579"></trkpt>
    <trkpt lat="-23.6981189" lon="133.3170523"></trkpt>
    <trkpt lat="-23.6981133" lon="133.3170248"></trkpt>
    <trkpt lat="-23.6981152" lon="133.3169084"></trkpt>
    <trkpt lat="-23.6981191" lon="133.3168456"></trkpt>
    <trkpt lat="-23.6981336" lon="133.3167960"></trkpt>
    <trkpt lat="-23.6981649" lon="133.3166942"></trkpt>
    <trkpt lat="-23.6981407" lon="133.3165717"></trkpt>
    <trkpt lat="-23.6981179" lon="133.3163716"></trkpt>
    <trkpt lat="-23.6980971" lon="133.3162278"></trkpt>
    <trkpt lat="-23.6980830" lon="133.3161299"></trkpt>
    <trkpt lat="-23.6980346" lon="133.3160973"></trkpt>
    <trkpt lat="-23.6979552" lon="133.3160026"></trkpt>
    <trkpt lat="-23.6979323" lon="133.3159122"></trkpt>
    <trkpt lat="-23.6978830" lon="133.3157732"></trkpt>
    <trkpt lat="-23.6978498" lon="133.3156543"></trkpt>
    <trkpt lat="-23.6978458" lon="133.3156071"></trkpt>
    <trkpt lat="-23.6977827" lon="133.3155153"></trkpt>
    <trkpt lat="-23.6977243" lon="133.3154454"></trkpt>
    <trkpt lat="-23.6977020" lon="133.3152150"></trkpt>
    <trkpt lat="-23.6977146" lon="133.3151946"></trkpt>
    <trkpt lat="-23.6976426" lon="133.3149674"></trkpt>
    <trkpt lat="-23.6976419" lon="133.3148976"></trkpt>
    <trkpt lat="-23.6976500" lon="133.3148783"></trkpt>
    <trkpt lat="-23.6976269" lon="133.3147309"></trkpt>
    <trkpt lat="-23.6976350" lon="133.3147187"></trkpt>
    <trkpt lat="-23.6976155" lon="133.3145805"></trkpt>
    <trkpt lat="-23.6976249" lon="133.3145628"></trkpt>
    <trkpt lat="-23.6976249" lon="133.3144970"></trkpt>
    <trkpt lat="-23.6976714" lon="133.3144301"></trkpt>
    <trkpt lat="-23.6976779" lon="133.3143986"></trkpt>
    <trkpt lat="-23.6976627" lon="133.3143277"></trkpt>
    <trkpt lat="-23.6976872" lon="133.3143190"></trkpt>
    <trkpt lat="-23.6976772" lon="133.3142789"></trkpt>
    <trkpt lat="-23.6977294" lon="133.3142182"></trkpt>
    <trkpt lat="-23.6977366" lon="133.3141111"></trkpt>
    <trkpt lat="-23.6977655" lon="133.3140552"></trkpt>
    <trkpt lat="-23.6977785" lon="133.3139032"></trkpt>
    <trkpt lat="-23.6977940" lon="133.3138639"></trkpt>
    <trkpt lat="-23.6978030" lon="133.3136390"></trkpt>
    <trkpt lat="-23.6978188" lon="133.3135875"></trkpt>
    <trkpt lat="-23.6978066" lon="133.3135119"></trkpt>
    <trkpt lat="-23.6978206" lon="133.3134997"></trkpt>
    <trkpt lat="-23.6978181" lon="133.3133185"></trkpt>
    <trkpt lat="-23.6978055" lon="133.3132784"></trkpt>
    <trkpt lat="-23.6977850" lon="133.3132658"></trkpt>
    <trkpt lat="-23.6977608" lon="133.3131827"></trkpt>
    <trkpt lat="-23.6978138" lon="133.3129524"></trkpt>
    <trkpt lat="-23.6978033" lon="133.3129083"></trkpt>
    <trkpt lat="-23.6978113" lon="133.3128177"></trkpt>
    <trkpt lat="-23.6978005" lon="133.3125886"></trkpt>
    <trkpt lat="-23.6977460" lon="133.3123519"></trkpt>
    <trkpt lat="-23.6977482" lon="133.3122814"></trkpt>
    <trkpt lat="-23.6976382" lon="133.3121417"></trkpt>
    <trkpt lat="-23.6975178" lon="133.3120523"></trkpt>
    <trkpt lat="-23.6975037" lon="133.3118822"></trkpt>
    <trkpt lat="-23.6973739" lon="133.3116475"></trkpt>
    <trkpt lat="-23.6973127" lon="133.3113786"></trkpt>
    <trkpt lat="-23.6973501" lon="133.3112463"></trkpt>
    <trkpt lat="-23.6972907" lon="133.3109616"></trkpt>
    <trkpt lat="-23.6972214" lon="133.3108679"></trkpt>
    <trkpt lat="-23.6972160" lon="133.3108321"></trkpt>
    <trkpt lat="-23.6972276" lon="133.3107014"></trkpt>
    <trkpt lat="-23.6972157" lon="133.3106797"></trkpt>
    <trkpt lat="-23.6971674" lon="133.3105490"></trkpt>
    <trkpt lat="-23.6971731" lon="133.3105218"></trkpt>
    <trkpt lat="-23.6971583" lon="133.3103647"></trkpt>
    <trkpt lat="-23.6971663" lon="133.3103584"></trkpt>
    <trkpt lat="-23.6971704" lon="133.3102932"></trkpt>
    <trkpt lat="-23.6971468" lon="133.3101994"></trkpt>
    <trkpt lat="-23.6971493" lon="133.3101210"></trkpt>
    <trkpt lat="-23.6971857" lon="133.3100730"></trkpt>
    <trkpt lat="-23.6972157" lon="133.3099489"></trkpt>
    <trkpt lat="-23.6971270" lon="133.3098670"></trkpt>
    <trkpt lat="-23.6971183" lon="133.3098863"></trkpt>
    <trkpt lat="-23.6971115" lon="133.3098513"></trkpt>
    <trkpt lat="-23.6971504" lon="133.3097013"></trkpt>
    <trkpt lat="-23.6971237" lon="133.3094540"></trkpt>
    <trkpt lat="-23.6971371" lon="133.3093863"></trkpt>
    <trkpt lat="-23.6971039" lon="133.3091827"></trkpt>
    <trkpt lat="-23.6971107" lon="133.3091315"></trkpt>
    <trkpt lat="-23.6971281" lon="133.3091264"></trkpt>
    <trkpt lat="-23.6971136" lon="133.3091059"></trkpt>
    <trkpt lat="-23.6971061" lon="133.3091126"></trkpt>
    <trkpt lat="-23.6970769" lon="133.3090922"></trkpt>
    <trkpt lat="-23.6969575" lon="133.3090611"></trkpt>
    <trkpt lat="-23.6969103" lon="133.3089642"></trkpt>
    <trkpt lat="-23.6968706" lon="133.3089421"></trkpt>
    <trkpt lat="-23.6967928" lon="133.3089410"></trkpt>
    <trkpt lat="-23.6966922" lon="133.3088599"></trkpt>
    <trkpt lat="-23.6966554" lon="133.3086740"></trkpt>
    <trkpt lat="-23.6966287" lon="133.3086638"></trkpt>
    <trkpt lat="-23.6965559" lon="133.3085531"></trkpt>
    <trkpt lat="-23.6965844" lon="133.3084472"></trkpt>
    <trkpt lat="-23.6965479" lon="133.3083098"></trkpt>
    <trkpt lat="-23.6964867" lon="133.3082468"></trkpt>
    <trkpt lat="-23.6964077" lon="133.3080803"></trkpt>
    <trkpt lat="-23.6964250" lon="133.3080208"></trkpt>
    <trkpt lat="-23.6963745" lon="133.3079023"></trkpt>
    <trkpt lat="-23.6963172" lon="133.3075393"></trkpt>
    <trkpt lat="-23.6962332" lon="133.3074235"></trkpt>
    <trkpt lat="-23.6963122" lon="133.3073188"></trkpt>
    <trkpt lat="-23.6963172" lon="133.3072861"></trkpt>
    <trkpt lat="-23.6962455" lon="133.3071317"></trkpt>
    <trkpt lat="-23.6962202" lon="133.3071121"></trkpt>
    <trkpt lat="-23.6962242" lon="133.3070463"></trkpt>
    <trkpt lat="-23.6962090" lon="133.3069242"></trkpt>
    <trkpt lat="-23.6958074" lon="133.3065982"></trkpt>
    <trkpt lat="-23.6957757" lon="133.3064738"></trkpt>
    <trkpt lat="-23.6957082" lon="133.3063573"></trkpt>
    <trkpt lat="-23.6956354" lon="133.3063017"></trkpt>
    <trkpt lat="-23.6954941" lon="133.3062616"></trkpt>
    <trkpt lat="-23.6954368" lon="133.3061864"></trkpt>
    <trkpt lat="-23.6953928" lon="133.3059623"></trkpt>
    <trkpt lat="-23.6953713" lon="133.3059359"></trkpt>
    <trkpt lat="-23.6953520" lon="133.3059210"></trkpt>
    <trkpt lat="-23.6953354" lon="133.3057808"></trkpt>
    <trkpt lat="-23.6952507" lon="133.3056804"></trkpt>
    <trkpt lat="-23.6952201" lon="133.3056292"></trkpt>
    <trkpt lat="-23.6952157" lon="133.3055064"></trkpt>
    <trkpt lat="-23.6952489" lon="133.3053839"></trkpt>
    <trkpt lat="-23.6952435" lon="133.3053375"></trkpt>
    <trkpt lat="-23.6952774" lon="133.3052831"></trkpt>
    <trkpt lat="-23.6952951" lon="133.3050985"></trkpt>
    <trkpt lat="-23.6953311" lon="133.3049666"></trkpt>
    <trkpt lat="-23.6953920" lon="133.3048118"></trkpt>
    <trkpt lat="-23.6953960" lon="133.3047823"></trkpt>
    <trkpt lat="-23.6953001" lon="133.3045205"></trkpt>
    <trkpt lat="-23.6952345" lon="133.3044134"></trkpt>
    <trkpt lat="-23.6951213" lon="133.3043429"></trkpt>
    <trkpt lat="-23.6950546" lon="133.3042764"></trkpt>
    <trkpt lat="-23.6949735" lon="133.3042425"></trkpt>
    <trkpt lat="-23.6947856" lon="133.3040736"></trkpt>
    <trkpt lat="-23.6947391" lon="133.3039566"></trkpt>
    <trkpt lat="-23.6944997" lon="133.3037334"></trkpt>
    <trkpt lat="-23.6944586" lon="133.3037161"></trkpt>
    <trkpt lat="-23.6944182" lon="133.3037484"></trkpt>
    <trkpt lat="-23.6943930" lon="133.3037381"></trkpt>
    <trkpt lat="-23.6943425" lon="133.3037424"></trkpt>
    <trkpt lat="-23.6943057" lon="133.3037204"></trkpt>
    <trkpt lat="-23.6942398" lon="133.3037309"></trkpt>
    <trkpt lat="-23.6941831" lon="133.3037125"></trkpt>
    <trkpt lat="-23.6941535" lon="133.3037175"></trkpt>
    <trkpt lat="-23.6939631" lon="133.3036981"></trkpt>
    <trkpt lat="-23.6939200" lon="133.3036769"></trkpt>
    <trkpt lat="-23.6938325" lon="133.3035814"></trkpt>
    <trkpt lat="-23.6937141" lon="133.3035267"></trkpt>
    <trkpt lat="-23.6936396" lon="133.3035028"></trkpt>
    <trkpt lat="-23.6935900" lon="133.3033507"></trkpt>
    <trkpt lat="-23.6935558" lon="133.3033247"></trkpt>
    <trkpt lat="-23.6935280" lon="133.3032786"></trkpt>
    <trkpt lat="-23.6935201" lon="133.3032196"></trkpt>
    <trkpt lat="-23.6934469" lon="133.3031881"></trkpt>
    <trkpt lat="-23.6934516" lon="133.3031514"></trkpt>
    <trkpt lat="-23.6933917" lon="133.3030679"></trkpt>
    <trkpt lat="-23.6933773" lon="133.3030432"></trkpt>
    <trkpt lat="-23.6933170" lon="133.3030190"></trkpt>
    <trkpt lat="-23.6932987" lon="133.3029625"></trkpt>
    <trkpt lat="-23.6932560" lon="133.3029665"></trkpt>
    <trkpt lat="-23.6931714" lon="133.3029719"></trkpt>
    <trkpt lat="-23.6930876" lon="133.3029938"></trkpt>
    <trkpt lat="-23.6930365" lon="133.3029201"></trkpt>
    <trkpt lat="-23.6929904" lon="133.3029042"></trkpt>
    <trkpt lat="-23.6928787" lon="133.3028932"></trkpt>
    <trkpt lat="-23.6927843" lon="133.3029024"></trkpt>
    <trkpt lat="-23.6927705" lon="133.3028617"></trkpt>
    <trkpt lat="-23.6927132" lon="133.3027743"></trkpt>
    <trkpt lat="-23.6926162" lon="133.3027953"></trkpt>
    <trkpt lat="-23.6925948" lon="133.3027599"></trkpt>
    <trkpt lat="-23.6925347" lon="133.3027282"></trkpt>
    <trkpt lat="-23.6925060" lon="133.3027342"></trkpt>
    <trkpt lat="-23.6924764" lon="133.3026010"></trkpt>
    <trkpt lat="-23.6923596" lon="133.3026822"></trkpt>
    <trkpt lat="-23.6923118" lon="133.3026223"></trkpt>
    <trkpt lat="-23.6922195" lon="133.3027427"></trkpt>
    <trkpt lat="-23.6921962" lon="133.3027132"></trkpt>
    <trkpt lat="-23.6921875" lon="133.3026839"></trkpt>
    <trkpt lat="-23.6922256" lon="133.3024927"></trkpt>
    <trkpt lat="-23.6922174" lon="133.3024763"></trkpt>
    <trkpt lat="-23.6921535" lon="133.3024990"></trkpt>
    <trkpt lat="-23.6920788" lon="133.3024523"></trkpt>
    <trkpt lat="-23.6920793" lon="133.3023817"></trkpt>
    <trkpt lat="-23.6920544" lon="133.3022651"></trkpt>
    <trkpt lat="-23.6920029" lon="133.3022551"></trkpt>
    <trkpt lat="-23.6919939" lon="133.3022364"></trkpt>
    <trkpt lat="-23.6920300" lon="133.3021081"></trkpt>
    <trkpt lat="-23.6918916" lon="133.3021980"></trkpt>
    <trkpt lat="-23.6918284" lon="133.3021474"></trkpt>
    <trkpt lat="-23.6918728" lon="133.3019859"></trkpt>
    <trkpt lat="-23.6918630" lon="133.3019789"></trkpt>
    <trkpt lat="-23.6918458" lon="133.3019961"></trkpt>
    <trkpt lat="-23.6917807" lon="133.3019445"></trkpt>
    <trkpt lat="-23.6917516" lon="133.3018957"></trkpt>
    <trkpt lat="-23.6916357" lon="133.3019538"></trkpt>
    <trkpt lat="-23.6915936" lon="133.3019068"></trkpt>
    <trkpt lat="-23.6915944" lon="133.3018824"></trkpt>
    <trkpt lat="-23.6914836" lon="133.3018773"></trkpt>
    <trkpt lat="-23.6914490" lon="133.3017731"></trkpt>
    <trkpt lat="-23.6914061" lon="133.3018645"></trkpt>
    <trkpt lat="-23.6913108" lon="133.3020405"></trkpt>
    <trkpt lat="-23.6912727" lon="133.3022076"></trkpt>
    <trkpt lat="-23.6912657" lon="133.3023732"></trkpt>
    <trkpt lat="-23.6912324" lon="133.3022845"></trkpt>
    <trkpt lat="-23.6911411" lon="133.3019269"></trkpt>
    <trkpt lat="-23.6911776" lon="133.3016734"></trkpt>
    <trkpt lat="-23.6911501" lon="133.3016437"></trkpt>
    <trkpt lat="-23.6910723" lon="133.3016379"></trkpt>
    <trkpt lat="-23.6911084" lon="133.3015639"></trkpt>
    <trkpt lat="-23.6911525" lon="133.3015209"></trkpt>
    <trkpt lat="-23.6910747" lon="133.3015554"></trkpt>
    <trkpt lat="-23.6911202" lon="133.3014627"></trkpt>
    <trkpt lat="-23.6911930" lon="133.3013539"></trkpt>
    <trkpt lat="-23.6912738" lon="133.3012287"></trkpt>
    <trkpt lat="-23.6914085" lon="133.3011702"></trkpt>
    <trkpt lat="-23.6916455" lon="133.3011366"></trkpt>
    <trkpt lat="-23.6916516" lon="133.3010746"></trkpt>
    <trkpt lat="-23.6915867" lon="133.3010034"></trkpt>
    <trkpt lat="-23.6914616" lon="133.3009768"></trkpt>
    <trkpt lat="-23.6913633" lon="133.3009368"></trkpt>
    <trkpt lat="-23.6911596" lon="133.3009621"></trkpt>
    <trkpt lat="-23.6909664" lon="133.3010511"></trkpt>
    <trkpt lat="-23.6909976" lon="133.3009082"></trkpt>
    <trkpt lat="-23.6909980" lon="133.3007577"></trkpt>
    <trkpt lat="-23.6909555" lon="133.3006201"></trkpt>
    <trkpt lat="-23.6908985" lon="133.3005809"></trkpt>
    <trkpt lat="-23.6908526" lon="133.3005494"></trkpt>
    <trkpt lat="-23.6906899" lon="133.3004081"></trkpt>
    <trkpt lat="-23.6906753" lon="133.3003402"></trkpt>
    <trkpt lat="-23.6905968" lon="133.3001782"></trkpt>
    <trkpt lat="-23.6905294" lon="133.2999659"></trkpt>
    <trkpt lat="-23.6904756" lon="133.2998741"></trkpt>
    <trkpt lat="-23.6905026" lon="133.2993444"></trkpt>
    <trkpt lat="-23.6904537" lon="133.2990639"></trkpt>
    <trkpt lat="-23.6903689" lon="133.2989574"></trkpt>
    <trkpt lat="-23.6902484" lon="133.2988985"></trkpt>
    <trkpt lat="-23.6900591" lon="133.2986837"></trkpt>
    <trkpt lat="-23.6900526" lon="133.2986337"></trkpt>
    <trkpt lat="-23.6898978" lon="133.2984860"></trkpt>
    <trkpt lat="-23.6897079" lon="133.2983736"></trkpt>
    <trkpt lat="-23.6895421" lon="133.2983049"></trkpt>
    <trkpt lat="-23.6894041" lon="133.2981294"></trkpt>
    <trkpt lat="-23.6892101" lon="133.2977280"></trkpt>
    <trkpt lat="-23.6892025" lon="133.2974845"></trkpt>
    <trkpt lat="-23.6892317" lon="133.2974438"></trkpt>
    <trkpt lat="-23.6892965" lon="133.2971419"></trkpt>
    <trkpt lat="-23.6892540" lon="133.2971300"></trkpt>
    <trkpt lat="-23.6892724" lon="133.2970469"></trkpt>
    <trkpt lat="-23.6892908" lon="133.2966850"></trkpt>
    <trkpt lat="-23.6892809" lon="133.2965759"></trkpt>
    <trkpt lat="-23.6892295" lon="133.2964095"></trkpt>
    <trkpt lat="-23.6892248" lon="133.2962839"></trkpt>
    <trkpt lat="-23.6892897" lon="133.2962106"></trkpt>
    <trkpt lat="-23.6891377" lon="133.2960098"></trkpt>
    <trkpt lat="-23.6890943" lon="133.2960086"></trkpt>
    <trkpt lat="-23.6890355" lon="133.2959516"></trkpt>
    <trkpt lat="-23.6888675" lon="133.2956645"></trkpt>
    <trkpt lat="-23.6887888" lon="133.2954735"></trkpt>
    <trkpt lat="-23.6887276" lon="133.2952759"></trkpt>
    <trkpt lat="-23.6886979" lon="133.2949515"></trkpt>
    <trkpt lat="-23.6885369" lon="133.2945667"></trkpt>
    <trkpt lat="-23.6884835" lon="133.2943483"></trkpt>
    <trkpt lat="-23.6882695" lon="133.2940231"></trkpt>
    <trkpt lat="-23.6882333" lon="133.2938462"></trkpt>
    <trkpt lat="-23.6880600" lon="133.2935618"></trkpt>
    <trkpt lat="-23.6880057" lon="133.2933844"></trkpt>
    <trkpt lat="-23.6878141" lon="133.2930948"></trkpt>
    <trkpt lat="-23.6876607" lon="133.2928593"></trkpt>
    <trkpt lat="-23.6876484" lon="133.2927942"></trkpt>
    <trkpt lat="-23.6875792" lon="133.2927469"></trkpt>
    <trkpt lat="-23.6875778" lon="133.2926119"></trkpt>
    <trkpt lat="-23.6875489" lon="133.2926186"></trkpt>
    <trkpt lat="-23.6874713" lon="133.2925656"></trkpt>
    <trkpt lat="-23.6874256" lon="133.2924115"></trkpt>
    <trkpt lat="-23.6873695" lon="133.2923337"></trkpt>
    <trkpt lat="-23.6872612" lon="133.2923004"></trkpt>
    <trkpt lat="-23.6872460" lon="133.2922024"></trkpt>
    <trkpt lat="-23.6871303" lon="133.2921055"></trkpt>
    <trkpt lat="-23.6871137" lon="133.2921040"></trkpt>
    <trkpt lat="-23.6870005" lon="133.2919917"></trkpt>
    <trkpt lat="-23.6869654" lon="133.2919420"></trkpt>
    <trkpt lat="-23.6869691" lon="133.2919000"></trkpt>
    <trkpt lat="-23.6868858" lon="133.2916704"></trkpt>
    <trkpt lat="-23.6868008" lon="133.2915679"></trkpt>
    <trkpt lat="-23.6866486" lon="133.2912859"></trkpt>
    <trkpt lat="-23.6866528" lon="133.2911260"></trkpt>
    <trkpt lat="-23.6866131" lon="133.2910808"></trkpt>
    <trkpt lat="-23.6866027" lon="133.2910319"></trkpt>
    <trkpt lat="-23.6864974" lon="133.2908985"></trkpt>
    <trkpt lat="-23.6864624" lon="133.2908111"></trkpt>
    <trkpt lat="-23.6864657" lon="133.2907796"></trkpt>
    <trkpt lat="-23.6864386" lon="133.2906426"></trkpt>
    <trkpt lat="-23.6863791" lon="133.2905252"></trkpt>
    <trkpt lat="-23.6863669" lon="133.2903367"></trkpt>
    <trkpt lat="-23.6860763" lon="133.2900433"></trkpt>
    <trkpt lat="-23.6858805" lon="133.2898520"></trkpt>
    <trkpt lat="-23.6858340" lon="133.2897583"></trkpt>
    <trkpt lat="-23.6858513" lon="133.2897138"></trkpt>
    <trkpt lat="-23.6857933" lon="133.2896181"></trkpt>
    <trkpt lat="-23.6857550" lon="133.2895378"></trkpt>
    <trkpt lat="-23.6857338" lon="133.2894358"></trkpt>
    <trkpt lat="-23.6856988" lon="133.2893488"></trkpt>
    <trkpt lat="-23.6856941" lon="133.2892650"></trkpt>
    <trkpt lat="-23.6857168" lon="133.2890610"></trkpt>
    <trkpt lat="-23.6856844" lon="133.2889492"></trkpt>
    <trkpt lat="-23.6856898" lon="133.2889134"></trkpt>
    <trkpt lat="-23.6856837" lon="133.2888941"></trkpt>
    <trkpt lat="-23.6856818" lon="133.2887646"></trkpt>
    <trkpt lat="-23.6856851" lon="133.2886622"></trkpt>
    <trkpt lat="-23.6856750" lon="133.2885878"></trkpt>
    <trkpt lat="-23.6856115" lon="133.2885561"></trkpt>
    <trkpt lat="-23.6855914" lon="133.2885457"></trkpt>
    <trkpt lat="-23.6854086" lon="133.2884823"></trkpt>
    <trkpt lat="-23.6852582" lon="133.2883319"></trkpt>
    <trkpt lat="-23.6851695" lon="133.2882787"></trkpt>
    <trkpt lat="-23.6851178" lon="133.2882598"></trkpt>
    <trkpt lat="-23.6851003" lon="133.2882216"></trkpt>
    <trkpt lat="-23.6850754" lon="133.2882075"></trkpt>
    <trkpt lat="-23.6850091" lon="133.2881114"></trkpt>
    <trkpt lat="-23.6850055" lon="133.2880905"></trkpt>
    <trkpt lat="-23.6849710" lon="133.2880224"></trkpt>
    <trkpt lat="-23.6848403" lon="133.2879582"></trkpt>
    <trkpt lat="-23.6846929" lon="133.2879201"></trkpt>
    <trkpt lat="-23.6845883" lon="133.2878665"></trkpt>
    <trkpt lat="-23.6844650" lon="133.2877901"></trkpt>
    <trkpt lat="-23.6844704" lon="133.2877756"></trkpt>
    <trkpt lat="-23.6844137" lon="133.2877658"></trkpt>
    <trkpt lat="-23.6844073" lon="133.2877748"></trkpt>
    <trkpt lat="-23.6843666" lon="133.2877488"></trkpt>
    <trkpt lat="-23.6842534" lon="133.2876527"></trkpt>
    <trkpt lat="-23.6841643" lon="133.2876071"></trkpt>
    <trkpt lat="-23.6841430" lon="133.2875614"></trkpt>
    <trkpt lat="-23.6841150" lon="133.2875568"></trkpt>
    <trkpt lat="-23.6841016" lon="133.2875941"></trkpt>
    <trkpt lat="-23.6840493" lon="133.2875787"></trkpt>
    <trkpt lat="-23.6839134" lon="133.2873673"></trkpt>
    <trkpt lat="-23.6838557" lon="133.2873023"></trkpt>
    <trkpt lat="-23.6838816" lon="133.2872696"></trkpt>
    <trkpt lat="-23.6839235" lon="133.2871641"></trkpt>
    <trkpt lat="-23.6839469" lon="133.2870843"></trkpt>
    <trkpt lat="-23.6839303" lon="133.2870618"></trkpt>
    <trkpt lat="-23.6838827" lon="133.2869759"></trkpt>
    <trkpt lat="-23.6838430" lon="133.2869592"></trkpt>
    <trkpt lat="-23.6838099" lon="133.2869476"></trkpt>
    <trkpt lat="-23.6837580" lon="133.2870275"></trkpt>
    <trkpt lat="-23.6837450" lon="133.2870594"></trkpt>
    <trkpt lat="-23.6836754" lon="133.2871137"></trkpt>
    <trkpt lat="-23.6836026" lon="133.2870551"></trkpt>
    <trkpt lat="-23.6835364" lon="133.2870239"></trkpt>
    <trkpt lat="-23.6835135" lon="133.2869925"></trkpt>
    <trkpt lat="-23.6835146" lon="133.2869133"></trkpt>
    <trkpt lat="-23.6834937" lon="133.2867338"></trkpt>
    <trkpt lat="-23.6834814" lon="133.2866862"></trkpt>
    <trkpt lat="-23.6834226" lon="133.2865425"></trkpt>
    <trkpt lat="-23.6833729" lon="133.2864492"></trkpt>
    <trkpt lat="-23.6833657" lon="133.2863692"></trkpt>
    <trkpt lat="-23.6833931" lon="133.2862905"></trkpt>
    <trkpt lat="-23.6834241" lon="133.2862224"></trkpt>
    <trkpt lat="-23.6834382" lon="133.2861326"></trkpt>
    <trkpt lat="-23.6834594" lon="133.2860673"></trkpt>
    <trkpt lat="-23.6835049" lon="133.2859779"></trkpt>
    <trkpt lat="-23.6834850" lon="133.2858987"></trkpt>
    <trkpt lat="-23.6835095" lon="133.2858586"></trkpt>
    <trkpt lat="-23.6835225" lon="133.2858161"></trkpt>
    <trkpt lat="-23.6835301" lon="133.2857885"></trkpt>
    <trkpt lat="-23.6835142" lon="133.2857428"></trkpt>
    <trkpt lat="-23.6835106" lon="133.2856228"></trkpt>
    <trkpt lat="-23.6835020" lon="133.2855850"></trkpt>
    <trkpt lat="-23.6835027" lon="133.2854909"></trkpt>
    <trkpt lat="-23.6835207" lon="133.2854353"></trkpt>
    <trkpt lat="-23.6834865" lon="133.2851523"></trkpt>
    <trkpt lat="-23.6834796" lon="133.2850286"></trkpt>
    <trkpt lat="-23.6834616" lon="133.2849365"></trkpt>
    <trkpt lat="-23.6834071" lon="133.2848117"></trkpt>
    <trkpt lat="-23.6833944" lon="133.2848052"></trkpt>
    <trkpt lat="-23.6833513" lon="133.2847826"></trkpt>
    <trkpt lat="-23.6832787" lon="133.2847736"></trkpt>
    <trkpt lat="-23.6831623" lon="133.2847656"></trkpt>
    <trkpt lat="-23.6829557" lon="133.2845778"></trkpt>
    <trkpt lat="-23.6829006" lon="133.2844700"></trkpt>
    <trkpt lat="-23.6826457" lon="133.2842290"></trkpt>
    <trkpt lat="-23.6825955" lon="133.2841967"></trkpt>
    <trkpt lat="-23.6825032" lon="133.2841711"></trkpt>
    <trkpt lat="-23.6824935" lon="133.2841266"></trkpt>
    <trkpt lat="-23.6824543" lon="133.2841055"></trkpt>
    <trkpt lat="-23.6824344" lon="133.2840944"></trkpt>
    <trkpt lat="-23.6824163" lon="133.2840928"></trkpt>
    <trkpt lat="-23.6824099" lon="133.2840786"></trkpt>
    <trkpt lat="-23.6823817" lon="133.2840566"></trkpt>
    <trkpt lat="-23.6823731" lon="133.2837640"></trkpt>
    <trkpt lat="-23.6823190" lon="133.2836070"></trkpt>
    <trkpt lat="-23.6822307" lon="133.2834503"></trkpt>
    <trkpt lat="-23.6821922" lon="133.2833705"></trkpt>
    <trkpt lat="-23.6821582" lon="133.2833097"></trkpt>
    <trkpt lat="-23.6820872" lon="133.2833191"></trkpt>
    <trkpt lat="-23.6819995" lon="133.2832455"></trkpt>
    <trkpt lat="-23.6819271" lon="133.2831684"></trkpt>
    <trkpt lat="-23.6818207" lon="133.2831148"></trkpt>
    <trkpt lat="-23.6817562" lon="133.2829762"></trkpt>
    <trkpt lat="-23.6816523" lon="133.2828597"></trkpt>
    <trkpt lat="-23.6816372" lon="133.2827750"></trkpt>
    <trkpt lat="-23.6814753" lon="133.2825455"></trkpt>
    <trkpt lat="-23.6813815" lon="133.2822392"></trkpt>
    <trkpt lat="-23.6813404" lon="133.2821711"></trkpt>
    <trkpt lat="-23.6813376" lon="133.2820837"></trkpt>
    <trkpt lat="-23.6813285" lon="133.2819931"></trkpt>
    <trkpt lat="-23.6813009" lon="133.2819140"></trkpt>
    <trkpt lat="-23.6812359" lon="133.2817864"></trkpt>
    <trkpt lat="-23.6812348" lon="133.2816616"></trkpt>
    <trkpt lat="-23.6812687" lon="133.2815341"></trkpt>
    <trkpt lat="-23.6813050" lon="133.2814608"></trkpt>
    <trkpt lat="-23.6813224" lon="133.2814451"></trkpt>
    <trkpt lat="-23.6812824" lon="133.2814348"></trkpt>
    <trkpt lat="-23.6812290" lon="133.2813486"></trkpt>
    <trkpt lat="-23.6812182" lon="133.2812301"></trkpt>
    <trkpt lat="-23.6812222" lon="133.2811915"></trkpt>
    <trkpt lat="-23.6812431" lon="133.2811400"></trkpt>
    <trkpt lat="-23.6812377" lon="133.2810355"></trkpt>
    <trkpt lat="-23.6812528" lon="133.2810006"></trkpt>
    <trkpt lat="-23.6812914" lon="133.2810033"></trkpt>
    <trkpt lat="-23.6813152" lon="133.2809092"></trkpt>
    <trkpt lat="-23.6813495" lon="133.2804935"></trkpt>
    <trkpt lat="-23.6812950" lon="133.2803163"></trkpt>
    <trkpt lat="-23.6812626" lon="133.2801580"></trkpt>
    <trkpt lat="-23.6811886" lon="133.2798250"></trkpt>
    <trkpt lat="-23.6811180" lon="133.2797222"></trkpt>
    <trkpt lat="-23.6811032" lon="133.2796281"></trkpt>
    <trkpt lat="-23.6810657" lon="133.2795584"></trkpt>
    <trkpt lat="-23.6810740" lon="133.2795439"></trkpt>
    <trkpt lat="-23.6810650" lon="133.2794840"></trkpt>
    <trkpt lat="-23.6810192" lon="133.2793675"></trkpt>
    <trkpt lat="-23.6809871" lon="133.2790328"></trkpt>
    <trkpt lat="-23.6809575" lon="133.2789053"></trkpt>
    <trkpt lat="-23.6808818" lon="133.2786986"></trkpt>
    <trkpt lat="-23.6808786" lon="133.2785852"></trkpt>
    <trkpt lat="-23.6808930" lon="133.2784686"></trkpt>
    <trkpt lat="-23.6809233" lon="133.2783556"></trkpt>
    <trkpt lat="-23.6809435" lon="133.2783123"></trkpt>
    <trkpt lat="-23.6809510" lon="133.2783026"></trkpt>
    <trkpt lat="-23.6809651" lon="133.2783104"></trkpt>
    <trkpt lat="-23.6809991" lon="133.2782962"></trkpt>
    <trkpt lat="-23.6810198" lon="133.2782650"></trkpt>
    <trkpt lat="-23.6810239" lon="133.2782044"></trkpt>
    <trkpt lat="-23.6810300" lon="133.2780765"></trkpt>
    <trkpt lat="-23.6810574" lon="133.2780529"></trkpt>
    <trkpt lat="-23.6810803" lon="133.2779817"></trkpt>
    <trkpt lat="-23.6810803" lon="133.2779143"></trkpt>
    <trkpt lat="-23.6811025" lon="133.2778954"></trkpt>
    <trkpt lat="-23.6812882" lon="133.2777607"></trkpt>
    <trkpt lat="-23.6813318" lon="133.2777139"></trkpt>
    <trkpt lat="-23.6814118" lon="133.2775820"></trkpt>
    <trkpt lat="-23.6814100" lon="133.2775470"></trkpt>
    <trkpt lat="-23.6813819" lon="133.2774469"></trkpt>
    <trkpt lat="-23.6813898" lon="133.2774249"></trkpt>
    <trkpt lat="-23.6814014" lon="133.2773206"></trkpt>
    <trkpt lat="-23.6813888" lon="133.2772774"></trkpt>
    <trkpt lat="-23.6813275" lon="133.2772080"></trkpt>
    <trkpt lat="-23.6812820" lon="133.2771977"></trkpt>
    <trkpt lat="-23.6811068" lon="133.2769560"></trkpt>
    <trkpt lat="-23.6810747" lon="133.2768489"></trkpt>
    <trkpt lat="-23.6809929" lon="133.2767792"></trkpt>
    <trkpt lat="-23.6809001" lon="133.2765915"></trkpt>
    <trkpt lat="-23.6808010" lon="133.2763910"></trkpt>
    <trkpt lat="-23.6807416" lon="133.2763138"></trkpt>
    <trkpt lat="-23.6807372" lon="133.2763308"></trkpt>
    <trkpt lat="-23.6807178" lon="133.2763308"></trkpt>
    <trkpt lat="-23.6807062" lon="133.2762410"></trkpt>
    <trkpt lat="-23.6806853" lon="133.2762158"></trkpt>
    <trkpt lat="-23.6806493" lon="133.2761725"></trkpt>
    <trkpt lat="-23.6806474" lon="133.2761146"></trkpt>
    <trkpt lat="-23.6805531" lon="133.2760994"></trkpt>
    <trkpt lat="-23.6804625" lon="133.2760847"></trkpt>
    <trkpt lat="-23.6803435" lon="133.2760308"></trkpt>
    <trkpt lat="-23.6803168" lon="133.2760032"></trkpt>
    <trkpt lat="-23.6802281" lon="133.2758071"></trkpt>
    <trkpt lat="-23.6801789" lon="133.2757430"></trkpt>
    <trkpt lat="-23.6801661" lon="133.2756583"></trkpt>
    <trkpt lat="-23.6801845" lon="133.2755099"></trkpt>
    <trkpt lat="-23.6801802" lon="133.2754351"></trkpt>
    <trkpt lat="-23.6801621" lon="133.2753713"></trkpt>
    <trkpt lat="-23.6801455" lon="133.2753516"></trkpt>
    <trkpt lat="-23.6800972" lon="133.2752217"></trkpt>
    <trkpt lat="-23.6800614" lon="133.2750887"></trkpt>
    <trkpt lat="-23.6800590" lon="133.2750796"></trkpt>
    <trkpt lat="-23.6800554" lon="133.2750166"></trkpt>
    <trkpt lat="-23.6800756" lon="133.2748961"></trkpt>
    <trkpt lat="-23.6800691" lon="133.2747595"></trkpt>
    <trkpt lat="-23.6800093" lon="133.2746051"></trkpt>
    <trkpt lat="-23.6800067" lon="133.2745122"></trkpt>
    <trkpt lat="-23.6799444" lon="133.2743894"></trkpt>
    <trkpt lat="-23.6798374" lon="133.2742995"></trkpt>
    <trkpt lat="-23.6798272" lon="133.2742910"></trkpt>
    <trkpt lat="-23.6796617" lon="133.2741319"></trkpt>
    <trkpt lat="-23.6796058" lon="133.2740492"></trkpt>
    <trkpt lat="-23.6794349" lon="133.2738421"></trkpt>
    <trkpt lat="-23.6793094" lon="133.2737618"></trkpt>
    <trkpt lat="-23.6792903" lon="133.2737157"></trkpt>
    <trkpt lat="-23.6792229" lon="133.2736520"></trkpt>
    <trkpt lat="-23.6792023" lon="133.2736079"></trkpt>
    <trkpt lat="-23.6790887" lon="133.2734394"></trkpt>
    <trkpt lat="-23.6789045" lon="133.2732405"></trkpt>
    <trkpt lat="-23.6788796" lon="133.2731823"></trkpt>
    <trkpt lat="-23.6788464" lon="133.2731149"></trkpt>
    <trkpt lat="-23.6787898" lon="133.2730401"></trkpt>
    <trkpt lat="-23.6787736" lon="133.2729703"></trkpt>
    <trkpt lat="-23.6787776" lon="133.2729039"></trkpt>
    <trkpt lat="-23.6787588" lon="133.2728374"></trkpt>
    <trkpt lat="-23.6786773" lon="133.2726717"></trkpt>
    <trkpt lat="-23.6786355" lon="133.2725866"></trkpt>
    <trkpt lat="-23.6786236" lon="133.2725228"></trkpt>
    <trkpt lat="-23.6786106" lon="133.2725031"></trkpt>
    <trkpt lat="-23.6786195" lon="133.2724637"></trkpt>
    <trkpt lat="-23.6786240" lon="133.2724441"></trkpt>
    <trkpt lat="-23.6786242" lon="133.2723724"></trkpt>
    <trkpt lat="-23.6786254" lon="133.2723413"></trkpt>
    <trkpt lat="-23.6786049" lon="133.2722855"></trkpt>
    <trkpt lat="-23.6785785" lon="133.2722488"></trkpt>
    <trkpt lat="-23.6785901" lon="133.2720795"></trkpt>
    <trkpt lat="-23.6786362" lon="133.2720185"></trkpt>
    <trkpt lat="-23.6786533" lon="133.2719910"></trkpt>
    <trkpt lat="-23.6786817" lon="133.2719527"></trkpt>
    <trkpt lat="-23.6787101" lon="133.2718393"></trkpt>
    <trkpt lat="-23.6788086" lon="133.2717204"></trkpt>
    <trkpt lat="-23.6789059" lon="133.2717062"></trkpt>
    <trkpt lat="-23.6789629" lon="133.2716292"></trkpt>
    <trkpt lat="-23.6790246" lon="133.2714858"></trkpt>
    <trkpt lat="-23.6790606" lon="133.2714696"></trkpt>
    <trkpt lat="-23.6791068" lon="133.2713822"></trkpt>
    <trkpt lat="-23.6792121" lon="133.2713086"></trkpt>
    <trkpt lat="-23.6792881" lon="133.2712153"></trkpt>
    <trkpt lat="-23.6794381" lon="133.2709405"></trkpt>
    <trkpt lat="-23.6794763" lon="133.2708586"></trkpt>
    <trkpt lat="-23.6795268" lon="133.2707121"></trkpt>
    <trkpt lat="-23.6795301" lon="133.2706897"></trkpt>
    <trkpt lat="-23.6795513" lon="133.2706121"></trkpt>
    <trkpt lat="-23.6796563" lon="133.2705267"></trkpt>
    <trkpt lat="-23.6796700" lon="133.2705228"></trkpt>
    <trkpt lat="-23.6797251" lon="133.2705258"></trkpt>
    <trkpt lat="-23.6797659" lon="133.2705464"></trkpt>
    <trkpt lat="-23.6798347" lon="133.2705566"></trkpt>
    <trkpt lat="-23.6799029" lon="133.2704794"></trkpt>
    <trkpt lat="-23.6799397" lon="133.2704050"></trkpt>
    <trkpt lat="-23.6800284" lon="133.2702944"></trkpt>
    <trkpt lat="-23.6800572" lon="133.2702251"></trkpt>
    <trkpt lat="-23.6800911" lon="133.2702137"></trkpt>
    <trkpt lat="-23.6801885" lon="133.2700869"></trkpt>
    <trkpt lat="-23.6802162" lon="133.2700298"></trkpt>
    <trkpt lat="-23.6802934" lon="133.2699381"></trkpt>
    <trkpt lat="-23.6804246" lon="133.2698719"></trkpt>
    <trkpt lat="-23.6804715" lon="133.2698125"></trkpt>
    <trkpt lat="-23.6805360" lon="133.2697723"></trkpt>
    <trkpt lat="-23.6806182" lon="133.2697743"></trkpt>
    <trkpt lat="-23.6806759" lon="133.2697877"></trkpt>
    <trkpt lat="-23.6807123" lon="133.2697389"></trkpt>
    <trkpt lat="-23.6807603" lon="133.2696692"></trkpt>
    <trkpt lat="-23.6808548" lon="133.2696338"></trkpt>
    <trkpt lat="-23.6809251" lon="133.2697341"></trkpt>
    <trkpt lat="-23.6809593" lon="133.2697519"></trkpt>
    <trkpt lat="-23.6810004" lon="133.2697519"></trkpt>
    <trkpt lat="-23.6810314" lon="133.2698755"></trkpt>
    <trkpt lat="-23.6810394" lon="133.2698271"></trkpt>
    <trkpt lat="-23.6810780" lon="133.2698153"></trkpt>
    <trkpt lat="-23.6811165" lon="133.2697566"></trkpt>
    <trkpt lat="-23.6811544" lon="133.2697940"></trkpt>
    <trkpt lat="-23.6813311" lon="133.2697357"></trkpt>
    <trkpt lat="-23.6814158" lon="133.2697637"></trkpt>
    <trkpt lat="-23.6815680" lon="133.2697601"></trkpt>
    <trkpt lat="-23.6816505" lon="133.2698137"></trkpt>
    <trkpt lat="-23.6816671" lon="133.2698090"></trkpt>
    <trkpt lat="-23.6817738" lon="133.2698125"></trkpt>
    <trkpt lat="-23.6818748" lon="133.2698605"></trkpt>
    <trkpt lat="-23.6820013" lon="133.2698853"></trkpt>
    <trkpt lat="-23.6821654" lon="133.2698507"></trkpt>
    <trkpt lat="-23.6822400" lon="133.2698235"></trkpt>
    <trkpt lat="-23.6823136" lon="133.2698397"></trkpt>
    <trkpt lat="-23.6823929" lon="133.2698294"></trkpt>
    <trkpt lat="-23.6825043" lon="133.2698011"></trkpt>
    <trkpt lat="-23.6825324" lon="133.2698054"></trkpt>
    <trkpt lat="-23.6826572" lon="133.2698101"></trkpt>
    <trkpt lat="-23.6827278" lon="133.2697490"></trkpt>
    <trkpt lat="-23.6828472" lon="133.2697381"></trkpt>
    <trkpt lat="-23.6829067" lon="133.2697538"></trkpt>
    <trkpt lat="-23.6829280" lon="133.2698357"></trkpt>
    <trkpt lat="-23.6829597" lon="133.2698424"></trkpt>
    <trkpt lat="-23.6829997" lon="133.2698637"></trkpt>
    <trkpt lat="-23.6830336" lon="133.2698495"></trkpt>
    <trkpt lat="-23.6830455" lon="133.2698345"></trkpt>
    <trkpt lat="-23.6830819" lon="133.2698231"></trkpt>
    <trkpt lat="-23.6831187" lon="133.2698263"></trkpt>
    <trkpt lat="-23.6831706" lon="133.2697786"></trkpt>
    <trkpt lat="-23.6832020" lon="133.2696826"></trkpt>
    <trkpt lat="-23.6832481" lon="133.2696224"></trkpt>
    <trkpt lat="-23.6832849" lon="133.2695743"></trkpt>
    <trkpt lat="-23.6833700" lon="133.2695156"></trkpt>
    <trkpt lat="-23.6834324" lon="133.2695082"></trkpt>
    <trkpt lat="-23.6834591" lon="133.2694373"></trkpt>
    <trkpt lat="-23.6835835" lon="133.2694526"></trkpt>
    <trkpt lat="-23.6837273" lon="133.2693290"></trkpt>
    <trkpt lat="-23.6837461" lon="133.2692897"></trkpt>
    <trkpt lat="-23.6838928" lon="133.2691617"></trkpt>
    <trkpt lat="-23.6839808" lon="133.2690526"></trkpt>
    <trkpt lat="-23.6840633" lon="133.2689877"></trkpt>
    <trkpt lat="-23.6841456" lon="133.2688991"></trkpt>
    <trkpt lat="-23.6842263" lon="133.2688593"></trkpt>
    <trkpt lat="-23.6842678" lon="133.2688487"></trkpt>
    <trkpt lat="-23.6843597" lon="133.2687479"></trkpt>
    <trkpt lat="-23.6844326" lon="133.2686912"></trkpt>
    <trkpt lat="-23.6845075" lon="133.2686463"></trkpt>
    <trkpt lat="-23.6845804" lon="133.2685904"></trkpt>
    <trkpt lat="-23.6846215" lon="133.2685424"></trkpt>
    <trkpt lat="-23.6846258" lon="133.2685463"></trkpt>
    <trkpt lat="-23.6846406" lon="133.2685133"></trkpt>
    <trkpt lat="-23.6846561" lon="133.2684995"></trkpt>
    <trkpt lat="-23.6847690" lon="133.2684765"></trkpt>
    <trkpt lat="-23.6847877" lon="133.2684727"></trkpt>
    <trkpt lat="-23.6847772" lon="133.2685050"></trkpt>
    <trkpt lat="-23.6848068" lon="133.2684944"></trkpt>
    <trkpt lat="-23.6848814" lon="133.2684384"></trkpt>
    <trkpt lat="-23.6848980" lon="133.2684042"></trkpt>
    <trkpt lat="-23.6849575" lon="133.2683688"></trkpt>
    <trkpt lat="-23.6850044" lon="133.2683719"></trkpt>
    <trkpt lat="-23.6850765" lon="133.2682916"></trkpt>
    <trkpt lat="-23.6851627" lon="133.2682337"></trkpt>
    <trkpt lat="-23.6852647" lon="133.2682105"></trkpt>
    <trkpt lat="-23.6853065" lon="133.2682113"></trkpt>
    <trkpt lat="-23.6853667" lon="133.2681703"></trkpt>
    <trkpt lat="-23.6854616" lon="133.2681723"></trkpt>
    <trkpt lat="-23.6855531" lon="133.2682069"></trkpt>
    <trkpt lat="-23.6856400" lon="133.2681625"></trkpt>
    <trkpt lat="-23.6856674" lon="133.2681621"></trkpt>
    <trkpt lat="-23.6857471" lon="133.2681928"></trkpt>
    <trkpt lat="-23.6858473" lon="133.2682105"></trkpt>
    <trkpt lat="-23.6859494" lon="133.2682416"></trkpt>
    <trkpt lat="-23.6859775" lon="133.2682664"></trkpt>
    <trkpt lat="-23.6861275" lon="133.2683251"></trkpt>
    <trkpt lat="-23.6861826" lon="133.2683916"></trkpt>
    <trkpt lat="-23.6863362" lon="133.2684652"></trkpt>
    <trkpt lat="-23.6865298" lon="133.2684782"></trkpt>
    <trkpt lat="-23.6865412" lon="133.2684677"></trkpt>
    <trkpt lat="-23.6865464" lon="133.2684629"></trkpt>
    <trkpt lat="-23.6865807" lon="133.2684711"></trkpt>
    <trkpt lat="-23.6866016" lon="133.2684684"></trkpt>
    <trkpt lat="-23.6866720" lon="133.2685486"></trkpt>
    <trkpt lat="-23.6867069" lon="133.2685885"></trkpt>
    <trkpt lat="-23.6867623" lon="133.2686046"></trkpt>
    <trkpt lat="-23.6868360" lon="133.2686259"></trkpt>
    <trkpt lat="-23.6870613" lon="133.2687692"></trkpt>
    <trkpt lat="-23.6871089" lon="133.2687818"></trkpt>
    <trkpt lat="-23.6872364" lon="133.2688979"></trkpt>
    <trkpt lat="-23.6872783" lon="133.2690089"></trkpt>
    <trkpt lat="-23.6873119" lon="133.2690365"></trkpt>
    <trkpt lat="-23.6874045" lon="133.2690967"></trkpt>
    <trkpt lat="-23.6874781" lon="133.2690570"></trkpt>
    <trkpt lat="-23.6874906" lon="133.2690552"></trkpt>
    <trkpt lat="-23.6875834" lon="133.2690416"></trkpt>
    <trkpt lat="-23.6875960" lon="133.2690495"></trkpt>
    <trkpt lat="-23.6876299" lon="133.2691377"></trkpt>
    <trkpt lat="-23.6876498" lon="133.2691537"></trkpt>
    <trkpt lat="-23.6877337" lon="133.2692208"></trkpt>
    <trkpt lat="-23.6878202" lon="133.2692235"></trkpt>
    <trkpt lat="-23.6878444" lon="133.2692203"></trkpt>
    <trkpt lat="-23.6879421" lon="133.2692074"></trkpt>
    <trkpt lat="-23.6879840" lon="133.2692501"></trkpt>
    <trkpt lat="-23.6879900" lon="133.2692562"></trkpt>
    <trkpt lat="-23.6881887" lon="133.2693243"></trkpt>
    <trkpt lat="-23.6882890" lon="133.2693151"></trkpt>
    <trkpt lat="-23.6883048" lon="133.2693137"></trkpt>
    <trkpt lat="-23.6883201" lon="133.2693218"></trkpt>
    <trkpt lat="-23.6883434" lon="133.2693341"></trkpt>
    <trkpt lat="-23.6884523" lon="133.2693298"></trkpt>
    <trkpt lat="-23.6885313" lon="133.2692786"></trkpt>
    <trkpt lat="-23.6885774" lon="133.2692487"></trkpt>
    <trkpt lat="-23.6885972" lon="133.2692459"></trkpt>
    <trkpt lat="-23.6888780" lon="133.2691633"></trkpt>
    <trkpt lat="-23.6889977" lon="133.2691262"></trkpt>
    <trkpt lat="-23.6891257" lon="133.2690865"></trkpt>
    <trkpt lat="-23.6893601" lon="133.2688944"></trkpt>
    <trkpt lat="-23.6893583" lon="133.2688857"></trkpt>
    <trkpt lat="-23.6893659" lon="133.2688597"></trkpt>
    <trkpt lat="-23.6894538" lon="133.2688444"></trkpt>
    <trkpt lat="-23.6894780" lon="133.2687589"></trkpt>
    <trkpt lat="-23.6894953" lon="133.2687463"></trkpt>
    <trkpt lat="-23.6894999" lon="133.2687287"></trkpt>
    <trkpt lat="-23.6895315" lon="133.2686937"></trkpt>
    <trkpt lat="-23.6897314" lon="133.2684747"></trkpt>
    <trkpt lat="-23.6897758" lon="133.2683837"></trkpt>
    <trkpt lat="-23.6897660" lon="133.2683314"></trkpt>
    <trkpt lat="-23.6898082" lon="133.2681542"></trkpt>
    <trkpt lat="-23.6898324" lon="133.2680979"></trkpt>
    <trkpt lat="-23.6898511" lon="133.2680880"></trkpt>
    <trkpt lat="-23.6899038" lon="133.2679865"></trkpt>
    <trkpt lat="-23.6899330" lon="133.2679581"></trkpt>
    <trkpt lat="-23.6899355" lon="133.2678479"></trkpt>
    <trkpt lat="-23.6899325" lon="133.2678059"></trkpt>
    <trkpt lat="-23.6899315" lon="133.2677920"></trkpt>
    <trkpt lat="-23.6899420" lon="133.2677687"></trkpt>
    <trkpt lat="-23.6899438" lon="133.2677246"></trkpt>
    <trkpt lat="-23.6900310" lon="133.2675266"></trkpt>
    <trkpt lat="-23.6901540" lon="133.2673648"></trkpt>
    <trkpt lat="-23.6902402" lon="133.2672120"></trkpt>
    <trkpt lat="-23.6902632" lon="133.2671990"></trkpt>
    <trkpt lat="-23.6903490" lon="133.2671971"></trkpt>
    <trkpt lat="-23.6903649" lon="133.2671632"></trkpt>
    <trkpt lat="-23.6904457" lon="133.2670628"></trkpt>
    <trkpt lat="-23.6905124" lon="133.2669931"></trkpt>
    <trkpt lat="-23.6905373" lon="133.2669943"></trkpt>
    <trkpt lat="-23.6906202" lon="133.2669983"></trkpt>
    <trkpt lat="-23.6906476" lon="133.2669179"></trkpt>
    <trkpt lat="-23.6907885" lon="133.2667919"></trkpt>
    <trkpt lat="-23.6908783" lon="133.2666616"></trkpt>
    <trkpt lat="-23.6909590" lon="133.2664765"></trkpt>
    <trkpt lat="-23.6909850" lon="133.2664167"></trkpt>
    <trkpt lat="-23.6910048" lon="133.2663821"></trkpt>
    <trkpt lat="-23.6910423" lon="133.2662498"></trkpt>
    <trkpt lat="-23.6910369" lon="133.2662388"></trkpt>
    <trkpt lat="-23.6910708" lon="133.2662061"></trkpt>
    <trkpt lat="-23.6912352" lon="133.2659821"></trkpt>
    <trkpt lat="-23.6912601" lon="133.2659770"></trkpt>
    <trkpt lat="-23.6912918" lon="133.2659557"></trkpt>
    <trkpt lat="-23.6913102" lon="133.2658947"></trkpt>
    <trkpt lat="-23.6913746" lon="133.2657952"></trkpt>
    <trkpt lat="-23.6913776" lon="133.2657801"></trkpt>
    <trkpt lat="-23.6914162" lon="133.2657175"></trkpt>
    <trkpt lat="-23.6914631" lon="133.2655892"></trkpt>
    <trkpt lat="-23.6914775" lon="133.2655659"></trkpt>
    <trkpt lat="-23.6915514" lon="133.2655266"></trkpt>
    <trkpt lat="-23.6915388" lon="133.2655018"></trkpt>
    <trkpt lat="-23.6915640" lon="133.2654321"></trkpt>
    <trkpt lat="-23.6916048" lon="133.2654025"></trkpt>
    <trkpt lat="-23.6916405" lon="133.2652769"></trkpt>
    <trkpt lat="-23.6916181" lon="133.2650462"></trkpt>
    <trkpt lat="-23.6915842" lon="133.2648966"></trkpt>
    <trkpt lat="-23.6915882" lon="133.2648750"></trkpt>
    <trkpt lat="-23.6915464" lon="133.2645569"></trkpt>
    <trkpt lat="-23.6914980" lon="133.2644572"></trkpt>
    <trkpt lat="-23.6913798" lon="133.2641269"></trkpt>
    <trkpt lat="-23.6913668" lon="133.2641127"></trkpt>
    <trkpt lat="-23.6913354" lon="133.2639828"></trkpt>
    <trkpt lat="-23.6912572" lon="133.2638600"></trkpt>
    <trkpt lat="-23.6911898" lon="133.2637324"></trkpt>
    <trkpt lat="-23.6911548" lon="133.2635919"></trkpt>
    <trkpt lat="-23.6911332" lon="133.2634419"></trkpt>
    <trkpt lat="-23.6910961" lon="133.2633009"></trkpt>
    <trkpt lat="-23.6910741" lon="133.2632856"></trkpt>
    <trkpt lat="-23.6910650" lon="133.2631537"></trkpt>
    <trkpt lat="-23.6910452" lon="133.2631186"></trkpt>
    <trkpt lat="-23.6910669" lon="133.2630001"></trkpt>
    <trkpt lat="-23.6910322" lon="133.2629722"></trkpt>
    <trkpt lat="-23.6910218" lon="133.2629415"></trkpt>
    <trkpt lat="-23.6910953" lon="133.2628765"></trkpt>
    <trkpt lat="-23.6911368" lon="133.2627080"></trkpt>
    <trkpt lat="-23.6912507" lon="133.2626497"></trkpt>
    <trkpt lat="-23.6913156" lon="133.2626485"></trkpt>
    <trkpt lat="-23.6913647" lon="133.2626300"></trkpt>
    <trkpt lat="-23.6913960" lon="133.2625887"></trkpt>
    <trkpt lat="-23.6914220" lon="133.2625871"></trkpt>
    <trkpt lat="-23.6914323" lon="133.2625885"></trkpt>
    <trkpt lat="-23.6915687" lon="133.2626076"></trkpt>
    <trkpt lat="-23.6916466" lon="133.2625442"></trkpt>
    <trkpt lat="-23.6916552" lon="133.2625249"></trkpt>
    <trkpt lat="-23.6918146" lon="133.2624265"></trkpt>
    <trkpt lat="-23.6918074" lon="133.2623828"></trkpt>
    <trkpt lat="-23.6918254" lon="133.2623080"></trkpt>
    <trkpt lat="-23.6919022" lon="133.2622119"></trkpt>
    <trkpt lat="-23.6920947" lon="133.2621300"></trkpt>
    <trkpt lat="-23.6921218" lon="133.2620174"></trkpt>
    <trkpt lat="-23.6921679" lon="133.2619158"></trkpt>
    <trkpt lat="-23.6922310" lon="133.2618615"></trkpt>
    <trkpt lat="-23.6923045" lon="133.2618343"></trkpt>
    <trkpt lat="-23.6925032" lon="133.2616646"></trkpt>
    <trkpt lat="-23.6926514" lon="133.2617383"></trkpt>
    <trkpt lat="-23.6926719" lon="133.2617209"></trkpt>
    <trkpt lat="-23.6927512" lon="133.2616804"></trkpt>
    <trkpt lat="-23.6928724" lon="133.2616269"></trkpt>
    <trkpt lat="-23.6929117" lon="133.2615847"></trkpt>
    <trkpt lat="-23.6930209" lon="133.2615587"></trkpt>
    <trkpt lat="-23.6930567" lon="133.2615468"></trkpt>
    <trkpt lat="-23.6930955" lon="133.2615513"></trkpt>
    <trkpt lat="-23.6932005" lon="133.2615335"></trkpt>
    <trkpt lat="-23.6934352" lon="133.2614658"></trkpt>
    <trkpt lat="-23.6934413" lon="133.2614434"></trkpt>
    <trkpt lat="-23.6935318" lon="133.2613705"></trkpt>
    <trkpt lat="-23.6935642" lon="133.2613670"></trkpt>
    <trkpt lat="-23.6936702" lon="133.2614501"></trkpt>
    <trkpt lat="-23.6937001" lon="133.2614213"></trkpt>
    <trkpt lat="-23.6937625" lon="133.2614221"></trkpt>
    <trkpt lat="-23.6938267" lon="133.2613981"></trkpt>
    <trkpt lat="-23.6938469" lon="133.2613969"></trkpt>
    <trkpt lat="-23.6939366" lon="133.2613418"></trkpt>
    <trkpt lat="-23.6940574" lon="133.2612926"></trkpt>
    <trkpt lat="-23.6940989" lon="133.2612402"></trkpt>
    <trkpt lat="-23.6940917" lon="133.2611792"></trkpt>
    <trkpt lat="-23.6941375" lon="133.2611296"></trkpt>
    <trkpt lat="-23.6942215" lon="133.2611087"></trkpt>
    <trkpt lat="-23.6942950" lon="133.2610473"></trkpt>
    <trkpt lat="-23.6943062" lon="133.2610229"></trkpt>
    <trkpt lat="-23.6943195" lon="133.2609694"></trkpt>
    <trkpt lat="-23.6943668" lon="133.2609316"></trkpt>
    <trkpt lat="-23.6943772" lon="133.2608662"></trkpt>
    <trkpt lat="-23.6944039" lon="133.2608583"></trkpt>
    <trkpt lat="-23.6944702" lon="133.2607812"></trkpt>
    <trkpt lat="-23.6944810" lon="133.2607375"></trkpt>
    <trkpt lat="-23.6945373" lon="133.2607071"></trkpt>
    <trkpt lat="-23.6945766" lon="133.2606264"></trkpt>
    <trkpt lat="-23.6945596" lon="133.2605686"></trkpt>
    <trkpt lat="-23.6945921" lon="133.2605430"></trkpt>
    <trkpt lat="-23.6946148" lon="133.2605052"></trkpt>
    <trkpt lat="-23.6946173" lon="133.2604839"></trkpt>
    <trkpt lat="-23.6946353" lon="133.2604197"></trkpt>
    <trkpt lat="-23.6947201" lon="133.2603229"></trkpt>
    <trkpt lat="-23.6948700" lon="133.2602579"></trkpt>
    <trkpt lat="-23.6949840" lon="133.2599744"></trkpt>
    <trkpt lat="-23.6951563" lon="133.2598386"></trkpt>
    <trkpt lat="-23.6952590" lon="133.2597941"></trkpt>
    <trkpt lat="-23.6953773" lon="133.2597902"></trkpt>
    <trkpt lat="-23.6954216" lon="133.2597697"></trkpt>
    <trkpt lat="-23.6954894" lon="133.2596902"></trkpt>
    <trkpt lat="-23.6955529" lon="133.2596693"></trkpt>
    <trkpt lat="-23.6957256" lon="133.2595815"></trkpt>
    <trkpt lat="-23.6958442" lon="133.2595575"></trkpt>
    <trkpt lat="-23.6959812" lon="133.2594807"></trkpt>
    <trkpt lat="-23.6959966" lon="133.2594878"></trkpt>
    <trkpt lat="-23.6960529" lon="133.2594977"></trkpt>
    <trkpt lat="-23.6961279" lon="133.2594701"></trkpt>
    <trkpt lat="-23.6962761" lon="133.2594366"></trkpt>
    <trkpt lat="-23.6963911" lon="133.2593823"></trkpt>
    <trkpt lat="-23.6964192" lon="133.2593370"></trkpt>
    <trkpt lat="-23.6965738" lon="133.2592933"></trkpt>
    <trkpt lat="-23.6966460" lon="133.2592532"></trkpt>
    <trkpt lat="-23.6966708" lon="133.2592394"></trkpt>
    <trkpt lat="-23.6966919" lon="133.2592479"></trkpt>
    <trkpt lat="-23.6967624" lon="133.2592764"></trkpt>
    <trkpt lat="-23.6968406" lon="133.2592847"></trkpt>
    <trkpt lat="-23.6968673" lon="133.2592992"></trkpt>
    <trkpt lat="-23.6969776" lon="133.2592236"></trkpt>
    <trkpt lat="-23.6970876" lon="133.2592067"></trkpt>
    <trkpt lat="-23.6972231" lon="133.2592201"></trkpt>
    <trkpt lat="-23.6973670" lon="133.2593118"></trkpt>
    <trkpt lat="-23.6974932" lon="133.2593276"></trkpt>
    <trkpt lat="-23.6975930" lon="133.2593103"></trkpt>
    <trkpt lat="-23.6977333" lon="133.2593701"></trkpt>
    <trkpt lat="-23.6977798" lon="133.2593536"></trkpt>
    <trkpt lat="-23.6980754" lon="133.2592819"></trkpt>
    <trkpt lat="-23.6981033" lon="133.2592339"></trkpt>
    <trkpt lat="-23.6982111" lon="133.2591626"></trkpt>
    <trkpt lat="-23.6983121" lon="133.2591425"></trkpt>
    <trkpt lat="-23.6983193" lon="133.2591398"></trkpt>
    <trkpt lat="-23.6984264" lon="133.2591004"></trkpt>
    <trkpt lat="-23.6984923" lon="133.2591071"></trkpt>
    <trkpt lat="-23.6988139" lon="133.2591925"></trkpt>
    <trkpt lat="-23.6988227" lon="133.2591948"></trkpt>
    <trkpt lat="-23.6988525" lon="133.2592024"></trkpt>
    <trkpt lat="-23.6989607" lon="133.2592736"></trkpt>
    <trkpt lat="-23.6991175" lon="133.2593240"></trkpt>
    <trkpt lat="-23.6991233" lon="133.2593335"></trkpt>
    <trkpt lat="-23.6993090" lon="133.2594130"></trkpt>
    <trkpt lat="-23.6993746" lon="133.2594150"></trkpt>
    <trkpt lat="-23.6994568" lon="133.2593485"></trkpt>
    <trkpt lat="-23.6994639" lon="133.2593302"></trkpt>
    <trkpt lat="-23.6994734" lon="133.2593055"></trkpt>
    <trkpt lat="-23.6995339" lon="133.2592323"></trkpt>
    <trkpt lat="-23.6996511" lon="133.2592284"></trkpt>
    <trkpt lat="-23.6997214" lon="133.2592347"></trkpt>
    <trkpt lat="-23.6998220" lon="133.2592803"></trkpt>
    <trkpt lat="-23.6998375" lon="133.2592756"></trkpt>
    <trkpt lat="-23.6999788" lon="133.2592870"></trkpt>
    <trkpt lat="-23.6999999" lon="133.2592951"></trkpt>
    <trkpt lat="-23.7000765" lon="133.2593902"></trkpt>
    <trkpt lat="-23.7001041" lon="133.2594747"></trkpt>
    <trkpt lat="-23.7001072" lon="133.2594843"></trkpt>
    <trkpt lat="-23.7001908" lon="133.2595292"></trkpt>
    <trkpt lat="-23.7002193" lon="133.2595524"></trkpt>
    <trkpt lat="-23.7002634" lon="133.2595065"></trkpt>
    <trkpt lat="-23.7003567" lon="133.2595449"></trkpt>
    <trkpt lat="-23.7003747" lon="133.2595961"></trkpt>
    <trkpt lat="-23.7004385" lon="133.2596516"></trkpt>
    <trkpt lat="-23.7004753" lon="133.2596575"></trkpt>
    <trkpt lat="-23.7005254" lon="133.2596304"></trkpt>
    <trkpt lat="-23.7005449" lon="133.2596087"></trkpt>
    <trkpt lat="-23.7007139" lon="133.2595654"></trkpt>
    <trkpt lat="-23.7007360" lon="133.2595487"></trkpt>
    <trkpt lat="-23.7008095" lon="133.2594930"></trkpt>
    <trkpt lat="-23.7009335" lon="133.2594933"></trkpt>
    <trkpt lat="-23.7009836" lon="133.2595087"></trkpt>
    <trkpt lat="-23.7010251" lon="133.2595288"></trkpt>
    <trkpt lat="-23.7010842" lon="133.2595764"></trkpt>
    <trkpt lat="-23.7010885" lon="133.2595828"></trkpt>
    <trkpt lat="-23.7011033" lon="133.2596044"></trkpt>
    <trkpt lat="-23.7011379" lon="133.2596048"></trkpt>
    <trkpt lat="-23.7011700" lon="133.2595917"></trkpt>
    <trkpt lat="-23.7011880" lon="133.2595843"></trkpt>
    <trkpt lat="-23.7012425" lon="133.2595733"></trkpt>
    <trkpt lat="-23.7013585" lon="133.2596123"></trkpt>
    <trkpt lat="-23.7014545" lon="133.2596445"></trkpt>
    <trkpt lat="-23.7015179" lon="133.2596823"></trkpt>
    <trkpt lat="-23.7015868" lon="133.2597012"></trkpt>
    <trkpt lat="-23.7017065" lon="133.2597071"></trkpt>
    <trkpt lat="-23.7017578" lon="133.2596949"></trkpt>
    <trkpt lat="-23.7017937" lon="133.2596989"></trkpt>
    <trkpt lat="-23.7019304" lon="133.2597674"></trkpt>
    <trkpt lat="-23.7020583" lon="133.2597965"></trkpt>
    <trkpt lat="-23.7021481" lon="133.2597737"></trkpt>
    <trkpt lat="-23.7021431" lon="133.2596980"></trkpt>
    <trkpt lat="-23.7021532" lon="133.2595977"></trkpt>
    <trkpt lat="-23.7022000" lon="133.2595213"></trkpt>
    <trkpt lat="-23.7023868" lon="133.2594024"></trkpt>
    <trkpt lat="-23.7024982" lon="133.2593666"></trkpt>
    <trkpt lat="-23.7025859" lon="133.2593399"></trkpt>
    <trkpt lat="-23.7025184" lon="133.2593107"></trkpt>
    <trkpt lat="-23.7024243" lon="133.2593028"></trkpt>
    <trkpt lat="-23.7023962" lon="133.2593044"></trkpt>
    <trkpt lat="-23.7023861" lon="133.2592559"></trkpt>
    <trkpt lat="-23.7024066" lon="133.2592083"></trkpt>
    <trkpt lat="-23.7024567" lon="133.2590441"></trkpt>
    <trkpt lat="-23.7024630" lon="133.2590200"></trkpt>
    <trkpt lat="-23.7026063" lon="133.2589784"></trkpt>
    <trkpt lat="-23.7028014" lon="133.2589748"></trkpt>
    <trkpt lat="-23.7029003" lon="133.2589500"></trkpt>
    <trkpt lat="-23.7029421" lon="133.2589112"></trkpt>
    <trkpt lat="-23.7029809" lon="133.2588734"></trkpt>
    <trkpt lat="-23.7031167" lon="133.2587373"></trkpt>
    <trkpt lat="-23.7032213" lon="133.2585357"></trkpt>
    <trkpt lat="-23.7033896" lon="133.2583526"></trkpt>
    <trkpt lat="-23.7035088" lon="133.2583117"></trkpt>
    <trkpt lat="-23.7035131" lon="133.2583101"></trkpt>
    <trkpt lat="-23.7035592" lon="133.2582964"></trkpt>
    <trkpt lat="-23.7037222" lon="133.2582728"></trkpt>
    <trkpt lat="-23.7037766" lon="133.2582546"></trkpt>
    <trkpt lat="-23.7038978" lon="133.2581968"></trkpt>
    <trkpt lat="-23.7039059" lon="133.2581770"></trkpt>
    <trkpt lat="-23.7039425" lon="133.2581023"></trkpt>
    <trkpt lat="-23.7039547" lon="133.2580609"></trkpt>
    <trkpt lat="-23.7039465" lon="133.2579723"></trkpt>
    <trkpt lat="-23.7040016" lon="133.2577912"></trkpt>
    <trkpt lat="-23.7040104" lon="133.2578260"></trkpt>
    <trkpt lat="-23.7040142" lon="133.2578243"></trkpt>
    <trkpt lat="-23.7040438" lon="133.2577778"></trkpt>
    <trkpt lat="-23.7040633" lon="133.2577089"></trkpt>
    <trkpt lat="-23.7044166" lon="133.2574431"></trkpt>
    <trkpt lat="-23.7045312" lon="133.2572234"></trkpt>
    <trkpt lat="-23.7046419" lon="133.2570509"></trkpt>
    <trkpt lat="-23.7046539" lon="133.2570352"></trkpt>
    <trkpt lat="-23.7048791" lon="133.2569588"></trkpt>
    <trkpt lat="-23.7048979" lon="133.2569407"></trkpt>
    <trkpt lat="-23.7049581" lon="133.2569210"></trkpt>
    <trkpt lat="-23.7049956" lon="133.2568738"></trkpt>
    <trkpt lat="-23.7051297" lon="133.2567859"></trkpt>
    <trkpt lat="-23.7052728" lon="133.2567371"></trkpt>
    <trkpt lat="-23.7054192" lon="133.2567285"></trkpt>
    <trkpt lat="-23.7056882" lon="133.2566332"></trkpt>
    <trkpt lat="-23.7057729" lon="133.2564631"></trkpt>
    <trkpt lat="-23.7057920" lon="133.2563571"></trkpt>
    <trkpt lat="-23.7059308" lon="133.2561107"></trkpt>
    <trkpt lat="-23.7060866" lon="133.2557531"></trkpt>
    <trkpt lat="-23.7061724" lon="133.2555925"></trkpt>
    <trkpt lat="-23.7062117" lon="133.2554503"></trkpt>
    <trkpt lat="-23.7062167" lon="133.2554043"></trkpt>
    <trkpt lat="-23.7062647" lon="133.2553468"></trkpt>
    <trkpt lat="-23.7062924" lon="133.2553015"></trkpt>
    <trkpt lat="-23.7063469" lon="133.2552416"></trkpt>
    <trkpt lat="-23.7063836" lon="133.2552310"></trkpt>
    <trkpt lat="-23.7064186" lon="133.2552350"></trkpt>
    <trkpt lat="-23.7065296" lon="133.2551363"></trkpt>
    <trkpt lat="-23.7065331" lon="133.2551283"></trkpt>
    <trkpt lat="-23.7066645" lon="133.2549767"></trkpt>
    <trkpt lat="-23.7067294" lon="133.2549357"></trkpt>
    <trkpt lat="-23.7067622" lon="133.2548987"></trkpt>
    <trkpt lat="-23.7068898" lon="133.2548172"></trkpt>
    <trkpt lat="-23.7069194" lon="133.2547597"></trkpt>
    <trkpt lat="-23.7069648" lon="133.2547688"></trkpt>
    <trkpt lat="-23.7069987" lon="133.2547502"></trkpt>
    <trkpt lat="-23.7069803" lon="133.2545294"></trkpt>
    <trkpt lat="-23.7069698" lon="133.2544825"></trkpt>
    <trkpt lat="-23.7069605" lon="133.2542644"></trkpt>
    <trkpt lat="-23.7069414" lon="133.2541411"></trkpt>
    <trkpt lat="-23.7069298" lon="133.2539533"></trkpt>
    <trkpt lat="-23.7069457" lon="133.2539360"></trkpt>
    <trkpt lat="-23.7070059" lon="133.2537989"></trkpt>
    <trkpt lat="-23.7070466" lon="133.2537226"></trkpt>
    <trkpt lat="-23.7070398" lon="133.2536749"></trkpt>
    <trkpt lat="-23.7070809" lon="133.2535847"></trkpt>
    <trkpt lat="-23.7070805" lon="133.2534623"></trkpt>
    <trkpt lat="-23.7071288" lon="133.2533075"></trkpt>
    <trkpt lat="-23.7071086" lon="133.2530737"></trkpt>
    <trkpt lat="-23.7070293" lon="133.2529803"></trkpt>
    <trkpt lat="-23.7070124" lon="133.2529717"></trkpt>
    <trkpt lat="-23.7070153" lon="133.2528602"></trkpt>
    <trkpt lat="-23.7069583" lon="133.2527705"></trkpt>
    <trkpt lat="-23.7069576" lon="133.2526295"></trkpt>
    <trkpt lat="-23.7069626" lon="133.2526067"></trkpt>
    <trkpt lat="-23.7069406" lon="133.2525763"></trkpt>
    <trkpt lat="-23.7069219" lon="133.2525720"></trkpt>
    <trkpt lat="-23.7068736" lon="133.2525346"></trkpt>
    <trkpt lat="-23.7068365" lon="133.2525200"></trkpt>
    <trkpt lat="-23.7067842" lon="133.2524181"></trkpt>
    <trkpt lat="-23.7067856" lon="133.2523936"></trkpt>
    <trkpt lat="-23.7067730" lon="133.2522464"></trkpt>
    <trkpt lat="-23.7067337" lon="133.2521712"></trkpt>
    <trkpt lat="-23.7066133" lon="133.2520310"></trkpt>
    <trkpt lat="-23.7066064" lon="133.2520093"></trkpt>
    <trkpt lat="-23.7066313" lon="133.2519227"></trkpt>
    <trkpt lat="-23.7066609" lon="133.2516869"></trkpt>
    <trkpt lat="-23.7066656" lon="133.2515998"></trkpt>
    <trkpt lat="-23.7066093" lon="133.2514522"></trkpt>
    <trkpt lat="-23.7065924" lon="133.2514211"></trkpt>
    <trkpt lat="-23.7065729" lon="133.2514140"></trkpt>
    <trkpt lat="-23.7066447" lon="133.2512293"></trkpt>
    <trkpt lat="-23.7066980" lon="133.2511277"></trkpt>
    <trkpt lat="-23.7067369" lon="133.2510691"></trkpt>
    <trkpt lat="-23.7067424" lon="133.2510478"></trkpt>
    <trkpt lat="-23.7067744" lon="133.2510171"></trkpt>
    <trkpt lat="-23.7068314" lon="133.2508127"></trkpt>
    <trkpt lat="-23.7068426" lon="133.2507029"></trkpt>
    <trkpt lat="-23.7068426" lon="133.2505769"></trkpt>
    <trkpt lat="-23.7068624" lon="133.2505001"></trkpt>
    <trkpt lat="-23.7068552" lon="133.2504800"></trkpt>
    <trkpt lat="-23.7068725" lon="133.2503532"></trkpt>
    <trkpt lat="-23.7068725" lon="133.2502674"></trkpt>
    <trkpt lat="-23.7069338" lon="133.2501599"></trkpt>
    <trkpt lat="-23.7070239" lon="133.2500646"></trkpt>
    <trkpt lat="-23.7071086" lon="133.2498543"></trkpt>
    <trkpt lat="-23.7071872" lon="133.2497350"></trkpt>
    <trkpt lat="-23.7074136" lon="133.2497291"></trkpt>
    <trkpt lat="-23.7074760" lon="133.2497827"></trkpt>
    <trkpt lat="-23.7075175" lon="133.2498055"></trkpt>
    <trkpt lat="-23.7076047" lon="133.2497937"></trkpt>
    <trkpt lat="-23.7076657" lon="133.2497669"></trkpt>
    <trkpt lat="-23.7077158" lon="133.2497535"></trkpt>
    <trkpt lat="-23.7079465" lon="133.2497126"></trkpt>
    <trkpt lat="-23.7080139" lon="133.2496820"></trkpt>
    <trkpt lat="-23.7080803" lon="133.2496610"></trkpt>
    <trkpt lat="-23.7081792" lon="133.2496372"></trkpt>
    <trkpt lat="-23.7081927" lon="133.2496480"></trkpt>
    <trkpt lat="-23.7082331" lon="133.2496677"></trkpt>
    <trkpt lat="-23.7083056" lon="133.2495964"></trkpt>
    <trkpt lat="-23.7083258" lon="133.2495669"></trkpt>
    <trkpt lat="-23.7084938" lon="133.2494759"></trkpt>
    <trkpt lat="-23.7086542" lon="133.2493555"></trkpt>
    <trkpt lat="-23.7087503" lon="133.2493381"></trkpt>
    <trkpt lat="-23.7087980" lon="133.2493275"></trkpt>
    <trkpt lat="-23.7089271" lon="133.2494472"></trkpt>
    <trkpt lat="-23.7091319" lon="133.2498035"></trkpt>
    <trkpt lat="-23.7092959" lon="133.2501516"></trkpt>
    <trkpt lat="-23.7093583" lon="133.2501977"></trkpt>
    <trkpt lat="-23.7094282" lon="133.2503172"></trkpt>
    <trkpt lat="-23.7094484" lon="133.2503831"></trkpt>
    <trkpt lat="-23.7095202" lon="133.2504780"></trkpt>
    <trkpt lat="-23.7095865" lon="133.2505867"></trkpt>
    <trkpt lat="-23.7097044" lon="133.2505800"></trkpt>
    <trkpt lat="-23.7097743" lon="133.2506068"></trkpt>
    <trkpt lat="-23.7097960" lon="133.2506300"></trkpt>
    <trkpt lat="-23.7098382" lon="133.2506413"></trkpt>
    <trkpt lat="-23.7099074" lon="133.2506446"></trkpt>
    <trkpt lat="-23.7101453" lon="133.2507651"></trkpt>
    <trkpt lat="-23.7103699" lon="133.2507320"></trkpt>
    <trkpt lat="-23.7103837" lon="133.2507321"></trkpt>
    <trkpt lat="-23.7105660" lon="133.2507485"></trkpt>
    <trkpt lat="-23.7106681" lon="133.2507895"></trkpt>
    <trkpt lat="-23.7107968" lon="133.2506985"></trkpt>
    <trkpt lat="-23.7108200" lon="133.2506950"></trkpt>
    <trkpt lat="-23.7108479" lon="133.2507127"></trkpt>
    <trkpt lat="-23.7109976" lon="133.2509305"></trkpt>
    <trkpt lat="-23.7111991" lon="133.2510128"></trkpt>
    <trkpt lat="-23.7113321" lon="133.2510935"></trkpt>
    <trkpt lat="-23.7116047" lon="133.2510191"></trkpt>
    <trkpt lat="-23.7116797" lon="133.2508064"></trkpt>
    <trkpt lat="-23.7117481" lon="133.2507643"></trkpt>
    <trkpt lat="-23.7119324" lon="133.2507332"></trkpt>
    <trkpt lat="-23.7121429" lon="133.2507379"></trkpt>
    <trkpt lat="-23.7121523" lon="133.2507304"></trkpt>
    <trkpt lat="-23.7123682" lon="133.2506576"></trkpt>
    <trkpt lat="-23.7127514" lon="133.2505032"></trkpt>
    <trkpt lat="-23.7129360" lon="133.2505052"></trkpt>
    <trkpt lat="-23.7131264" lon="133.2506005"></trkpt>
    <trkpt lat="-23.7133149" lon="133.2506745"></trkpt>
    <trkpt lat="-23.7133469" lon="133.2506818"></trkpt>
    <trkpt lat="-23.7133975" lon="133.2507592"></trkpt>
    <trkpt lat="-23.7136433" lon="133.2509864"></trkpt>
    <trkpt lat="-23.7137504" lon="133.2509226"></trkpt>
    <trkpt lat="-23.7140309" lon="133.2508241"></trkpt>
    <trkpt lat="-23.7141354" lon="133.2508198"></trkpt>
    <trkpt lat="-23.7142138" lon="133.2508029"></trkpt>
    <trkpt lat="-23.7143526" lon="133.2507466"></trkpt>
    <trkpt lat="-23.7143853" lon="133.2507513"></trkpt>
    <trkpt lat="-23.7144134" lon="133.2507694"></trkpt>
    <trkpt lat="-23.7144530" lon="133.2507678"></trkpt>
    <trkpt lat="-23.7145050" lon="133.2508029"></trkpt>
    <trkpt lat="-23.7145334" lon="133.2508100"></trkpt>
    <trkpt lat="-23.7146318" lon="133.2508608"></trkpt>
    <trkpt lat="-23.7147852" lon="133.2508699"></trkpt>
    <trkpt lat="-23.7148033" lon="133.2508701"></trkpt>
    <trkpt lat="-23.7148948" lon="133.2508653"></trkpt>
    <trkpt lat="-23.7149213" lon="133.2508490"></trkpt>
    <trkpt lat="-23.7150904" lon="133.2508261"></trkpt>
    <trkpt lat="-23.7151971" lon="133.2507863"></trkpt>
    <trkpt lat="-23.7152995" lon="133.2507663"></trkpt>
    <trkpt lat="-23.7153752" lon="133.2507434"></trkpt>
    <trkpt lat="-23.7155526" lon="133.2507548"></trkpt>
    <trkpt lat="-23.7156733" lon="133.2508037"></trkpt>
    <trkpt lat="-23.7157195" lon="133.2507989"></trkpt>
    <trkpt lat="-23.7157826" lon="133.2507804"></trkpt>
    <trkpt lat="-23.7158302" lon="133.2507785"></trkpt>
    <trkpt lat="-23.7160306" lon="133.2506072"></trkpt>
    <trkpt lat="-23.7161741" lon="133.2504253"></trkpt>
    <trkpt lat="-23.7162783" lon="133.2502532"></trkpt>
    <trkpt lat="-23.7164729" lon="133.2500961"></trkpt>
    <trkpt lat="-23.7166370" lon="133.2501623"></trkpt>
    <trkpt lat="-23.7167069" lon="133.2501445"></trkpt>
    <trkpt lat="-23.7169477" lon="133.2500103"></trkpt>
    <trkpt lat="-23.7169785" lon="133.2499987"></trkpt>
    <trkpt lat="-23.7169950" lon="133.2499980"></trkpt>
    <trkpt lat="-23.7170046" lon="133.2499982"></trkpt>
    <trkpt lat="-23.7170998" lon="133.2498669"></trkpt>
    <trkpt lat="-23.7172448" lon="133.2498394"></trkpt>
    <trkpt lat="-23.7174297" lon="133.2498642"></trkpt>
    <trkpt lat="-23.7175032" lon="133.2498322"></trkpt>
    <trkpt lat="-23.7176074" lon="133.2497748"></trkpt>
    <trkpt lat="-23.7177047" lon="133.2497405"></trkpt>
    <trkpt lat="-23.7178255" lon="133.2496649"></trkpt>
    <trkpt lat="-23.7178612" lon="133.2495949"></trkpt>
    <trkpt lat="-23.7178677" lon="133.2495082"></trkpt>
    <trkpt lat="-23.7179084" lon="133.2493854"></trkpt>
    <trkpt lat="-23.7179549" lon="133.2493212"></trkpt>
    <trkpt lat="-23.7179620" lon="133.2493052"></trkpt>
    <trkpt lat="-23.7179538" lon="133.2490456"></trkpt>
    <trkpt lat="-23.7179935" lon="133.2488814"></trkpt>
    <trkpt lat="-23.7179419" lon="133.2484778"></trkpt>
    <trkpt lat="-23.7180223" lon="133.2482510"></trkpt>
    <trkpt lat="-23.7180295" lon="133.2480037"></trkpt>
    <trkpt lat="-23.7179888" lon="133.2479021"></trkpt>
    <trkpt lat="-23.7180022" lon="133.2477462"></trkpt>
    <trkpt lat="-23.7180205" lon="133.2476643"></trkpt>
    <trkpt lat="-23.7180908" lon="133.2476450"></trkpt>
    <trkpt lat="-23.7181467" lon="133.2476088"></trkpt>
    <trkpt lat="-23.7181810" lon="133.2476155"></trkpt>
    <trkpt lat="-23.7182531" lon="133.2475989"></trkpt>
    <trkpt lat="-23.7183461" lon="133.2475946"></trkpt>
    <trkpt lat="-23.7185789" lon="133.2475207"></trkpt>
    <trkpt lat="-23.7185840" lon="133.2475180"></trkpt>
    <trkpt lat="-23.7187556" lon="133.2474131"></trkpt>
    <trkpt lat="-23.7188969" lon="133.2473430"></trkpt>
    <trkpt lat="-23.7189579" lon="133.2473170"></trkpt>
    <trkpt lat="-23.7190216" lon="133.2472705"></trkpt>
    <trkpt lat="-23.7191878" lon="133.2471599"></trkpt>
    <trkpt lat="-23.7192541" lon="133.2471812"></trkpt>
    <trkpt lat="-23.7192891" lon="133.2471910"></trkpt>
    <trkpt lat="-23.7193014" lon="133.2471709"></trkpt>
    <trkpt lat="-23.7194243" lon="133.2470099"></trkpt>
    <trkpt lat="-23.7194838" lon="133.2470288"></trkpt>
    <trkpt lat="-23.7195977" lon="133.2469740"></trkpt>
    <trkpt lat="-23.7196442" lon="133.2469910"></trkpt>
    <trkpt lat="-23.7196784" lon="133.2469839"></trkpt>
    <trkpt lat="-23.7197091" lon="133.2469366"></trkpt>
    <trkpt lat="-23.7197253" lon="133.2468228"></trkpt>
    <trkpt lat="-23.7197376" lon="133.2468032"></trkpt>
    <trkpt lat="-23.7197585" lon="133.2467850"></trkpt>
    <trkpt lat="-23.7198327" lon="133.2466838"></trkpt>
    <trkpt lat="-23.7199077" lon="133.2466177"></trkpt>
    <trkpt lat="-23.7200577" lon="133.2463051"></trkpt>
    <trkpt lat="-23.7201359" lon="133.2460271"></trkpt>
    <trkpt lat="-23.7201802" lon="133.2459558"></trkpt>
    <trkpt lat="-23.7203902" lon="133.2458300"></trkpt>
    <trkpt lat="-23.7205717" lon="133.2457377"></trkpt>
    <trkpt lat="-23.7206027" lon="133.2457077"></trkpt>
    <trkpt lat="-23.7206907" lon="133.2455530"></trkpt>
    <trkpt lat="-23.7207376" lon="133.2455101"></trkpt>
    <trkpt lat="-23.7208125" lon="133.2454573"></trkpt>
    <trkpt lat="-23.7208468" lon="133.2453734"></trkpt>
    <trkpt lat="-23.7208212" lon="133.2452963"></trkpt>
    <trkpt lat="-23.7208767" lon="133.2452187"></trkpt>
    <trkpt lat="-23.7210166" lon="133.2451738"></trkpt>
    <trkpt lat="-23.7211186" lon="133.2449344"></trkpt>
    <trkpt lat="-23.7211240" lon="133.2449088"></trkpt>
    <trkpt lat="-23.7212080" lon="133.2446517"></trkpt>
    <trkpt lat="-23.7212372" lon="133.2445859"></trkpt>
    <trkpt lat="-23.7211709" lon="133.2443828"></trkpt>
    <trkpt lat="-23.7211680" lon="133.2443331"></trkpt>
    <trkpt lat="-23.7211618" lon="133.2443154"></trkpt>
    <trkpt lat="-23.7211528" lon="133.2442024"></trkpt>
    <trkpt lat="-23.7211092" lon="133.2440674"></trkpt>
    <trkpt lat="-23.7210905" lon="133.2439646"></trkpt>
    <trkpt lat="-23.7210548" lon="133.2438740"></trkpt>
    <trkpt lat="-23.7210512" lon="133.2436331"></trkpt>
    <trkpt lat="-23.7210020" lon="133.2434220"></trkpt>
    <trkpt lat="-23.7209985" lon="133.2433921"></trkpt>
    <trkpt lat="-23.7209531" lon="133.2429629"></trkpt>
    <trkpt lat="-23.7208987" lon="133.2427585"></trkpt>
    <trkpt lat="-23.7208612" lon="133.2424971"></trkpt>
    <trkpt lat="-23.7207765" lon="133.2422813"></trkpt>
    <trkpt lat="-23.7207430" lon="133.2420525"></trkpt>
    <trkpt lat="-23.7207250" lon="133.2419992"></trkpt>
    <trkpt lat="-23.7207073" lon="133.2420004"></trkpt>
    <trkpt lat="-23.7205667" lon="133.2418757"></trkpt>
    <trkpt lat="-23.7205054" lon="133.2418332"></trkpt>
    <trkpt lat="-23.7204557" lon="133.2416824"></trkpt>
    <trkpt lat="-23.7204762" lon="133.2416249"></trkpt>
    <trkpt lat="-23.7204261" lon="133.2414214"></trkpt>
    <trkpt lat="-23.7203843" lon="133.2411394"></trkpt>
    <trkpt lat="-23.7203590" lon="133.2410827"></trkpt>
    <trkpt lat="-23.7203544" lon="133.2410363"></trkpt>
    <trkpt lat="-23.7203549" lon="133.2409979"></trkpt>
    <trkpt lat="-23.7203515" lon="133.2409685"></trkpt>
    <trkpt lat="-23.7203648" lon="133.2409264"></trkpt>
    <trkpt lat="-23.7204657" lon="133.2408540"></trkpt>
    <trkpt lat="-23.7204924" lon="133.2408134"></trkpt>
    <trkpt lat="-23.7205773" lon="133.2407480"></trkpt>
    <trkpt lat="-23.7205973" lon="133.2405870"></trkpt>
    <trkpt lat="-23.7206305" lon="133.2405327"></trkpt>
    <trkpt lat="-23.7206701" lon="133.2404452"></trkpt>
    <trkpt lat="-23.7207282" lon="133.2403696"></trkpt>
    <trkpt lat="-23.7207339" lon="133.2403464"></trkpt>
    <trkpt lat="-23.7207992" lon="133.2403070"></trkpt>
    <trkpt lat="-23.7208201" lon="133.2402295"></trkpt>
    <trkpt lat="-23.7208334" lon="133.2401220"></trkpt>
    <trkpt lat="-23.7208219" lon="133.2400653"></trkpt>
    <trkpt lat="-23.7207974" lon="133.2397932"></trkpt>
    <trkpt lat="-23.7208241" lon="133.2396629"></trkpt>
    <trkpt lat="-23.7207841" lon="133.2394498"></trkpt>
    <trkpt lat="-23.7207956" lon="133.2393987"></trkpt>
    <trkpt lat="-23.7208078" lon="133.2393160"></trkpt>
    <trkpt lat="-23.7207869" lon="133.2392711"></trkpt>
    <trkpt lat="-23.7207884" lon="133.2392435"></trkpt>
    <trkpt lat="-23.7207383" lon="133.2391270"></trkpt>
    <trkpt lat="-23.7207184" lon="133.2390624"></trkpt>
    <trkpt lat="-23.7206507" lon="133.2389832"></trkpt>
    <trkpt lat="-23.7205807" lon="133.2389813"></trkpt>
    <trkpt lat="-23.7205440" lon="133.2389332"></trkpt>
    <trkpt lat="-23.7205335" lon="133.2389277"></trkpt>
    <trkpt lat="-23.7204481" lon="133.2388600"></trkpt>
    <trkpt lat="-23.7203929" lon="133.2387698"></trkpt>
    <trkpt lat="-23.7203738" lon="133.2387726"></trkpt>
    <trkpt lat="-23.7203421" lon="133.2387403"></trkpt>
    <trkpt lat="-23.7203270" lon="133.2385564"></trkpt>
    <trkpt lat="-23.7203302" lon="133.2385446"></trkpt>
    <trkpt lat="-23.7202934" lon="133.2383733"></trkpt>
    <trkpt lat="-23.7202873" lon="133.2381516"></trkpt>
    <trkpt lat="-23.7202664" lon="133.2380528"></trkpt>
    <trkpt lat="-23.7202624" lon="133.2380182"></trkpt>
    <trkpt lat="-23.7202546" lon="133.2379802"></trkpt>
    <trkpt lat="-23.7202412" lon="133.2379552"></trkpt>
    <trkpt lat="-23.7202166" lon="133.2379044"></trkpt>
    <trkpt lat="-23.7202242" lon="133.2377768"></trkpt>
    <trkpt lat="-23.7202120" lon="133.2376933"></trkpt>
    <trkpt lat="-23.7202213" lon="133.2375996"></trkpt>
    <trkpt lat="-23.7202013" lon="133.2374886"></trkpt>
    <trkpt lat="-23.7201962" lon="133.2374902"></trkpt>
    <trkpt lat="-23.7201940" lon="133.2374841"></trkpt>
    <trkpt lat="-23.7202021" lon="133.2374694"></trkpt>
    <trkpt lat="-23.7202549" lon="133.2374775"></trkpt>
    <trkpt lat="-23.7203187" lon="133.2374346"></trkpt>
    <trkpt lat="-23.7203165" lon="133.2373543"></trkpt>
    <trkpt lat="-23.7202765" lon="133.2372102"></trkpt>
    <trkpt lat="-23.7202859" lon="133.2371263"></trkpt>
    <trkpt lat="-23.7203082" lon="133.2370869"></trkpt>
    <trkpt lat="-23.7203140" lon="133.2366239"></trkpt>
    <trkpt lat="-23.7203021" lon="133.2365995"></trkpt>
    <trkpt lat="-23.7203028" lon="133.2364955"></trkpt>
    <trkpt lat="-23.7203363" lon="133.2364691"></trkpt>
    <trkpt lat="-23.7203453" lon="133.2364321"></trkpt>
    <trkpt lat="-23.7203383" lon="133.2364114"></trkpt>
    <trkpt lat="-23.7203248" lon="133.2363691"></trkpt>
    <trkpt lat="-23.7203576" lon="133.2362030"></trkpt>
    <trkpt lat="-23.7203785" lon="133.2361734"></trkpt>
    <trkpt lat="-23.7203940" lon="133.2360837"></trkpt>
    <trkpt lat="-23.7204016" lon="133.2360620"></trkpt>
    <trkpt lat="-23.7203695" lon="133.2360033"></trkpt>
    <trkpt lat="-23.7203176" lon="133.2359470"></trkpt>
    <trkpt lat="-23.7203226" lon="133.2358974"></trkpt>
    <trkpt lat="-23.7203143" lon="133.2358765"></trkpt>
    <trkpt lat="-23.7203136" lon="133.2358352"></trkpt>
    <trkpt lat="-23.7202819" lon="133.2357887"></trkpt>
    <trkpt lat="-23.7201453" lon="133.2353383"></trkpt>
    <trkpt lat="-23.7201835" lon="133.2352024"></trkpt>
    <trkpt lat="-23.7202171" lon="133.2351150"></trkpt>
    <trkpt lat="-23.7202192" lon="133.2351020"></trkpt>
    <trkpt lat="-23.7202693" lon="133.2348146"></trkpt>
    <trkpt lat="-23.7203017" lon="133.2347689"></trkpt>
    <trkpt lat="-23.7203576" lon="133.2347736"></trkpt>
    <trkpt lat="-23.7204265" lon="133.2346417"></trkpt>
    <trkpt lat="-23.7204589" lon="133.2346102"></trkpt>
    <trkpt lat="-23.7204791" lon="133.2344771"></trkpt>
    <trkpt lat="-23.7205509" lon="133.2344460"></trkpt>
    <trkpt lat="-23.7206467" lon="133.2344067"></trkpt>
    <trkpt lat="-23.7206557" lon="133.2343870"></trkpt>
    <trkpt lat="-23.7206929" lon="133.2343354"></trkpt>
    <trkpt lat="-23.7207177" lon="133.2343193"></trkpt>
    <trkpt lat="-23.7207473" lon="133.2343110"></trkpt>
    <trkpt lat="-23.7208688" lon="133.2341838"></trkpt>
    <trkpt lat="-23.7209189" lon="133.2341897"></trkpt>
    <trkpt lat="-23.7210339" lon="133.2341692"></trkpt>
    <trkpt lat="-23.7211273" lon="133.2340429"></trkpt>
    <trkpt lat="-23.7211375" lon="133.2340252"></trkpt>
    <trkpt lat="-23.7212397" lon="133.2339613"></trkpt>
    <trkpt lat="-23.7212887" lon="133.2338999"></trkpt>
    <trkpt lat="-23.7214099" lon="133.2338633"></trkpt>
    <trkpt lat="-23.7214200" lon="133.2338402"></trkpt>
    <trkpt lat="-23.7214232" lon="133.2338369"></trkpt>
    <trkpt lat="-23.7214398" lon="133.2338314"></trkpt>
    <trkpt lat="-23.7214899" lon="133.2338318"></trkpt>
    <trkpt lat="-23.7215371" lon="133.2338247"></trkpt>
    <trkpt lat="-23.7216067" lon="133.2338318"></trkpt>
    <trkpt lat="-23.7216402" lon="133.2338401"></trkpt>
    <trkpt lat="-23.7216752" lon="133.2338172"></trkpt>
    <trkpt lat="-23.7217079" lon="133.2337451"></trkpt>
    <trkpt lat="-23.7217058" lon="133.2335853"></trkpt>
    <trkpt lat="-23.7217105" lon="133.2335699"></trkpt>
    <trkpt lat="-23.7217339" lon="133.2335443"></trkpt>
    <trkpt lat="-23.7217390" lon="133.2334833"></trkpt>
    <trkpt lat="-23.7218049" lon="133.2334298"></trkpt>
    <trkpt lat="-23.7218302" lon="133.2333699"></trkpt>
    <trkpt lat="-23.7218450" lon="133.2331927"></trkpt>
    <trkpt lat="-23.7218579" lon="133.2331305"></trkpt>
    <trkpt lat="-23.7218410" lon="133.2330226"></trkpt>
    <trkpt lat="-23.7218561" lon="133.2330053"></trkpt>
    <trkpt lat="-23.7218529" lon="133.2329183"></trkpt>
    <trkpt lat="-23.7219109" lon="133.2327840"></trkpt>
    <trkpt lat="-23.7218803" lon="133.2326895"></trkpt>
    <trkpt lat="-23.7218655" lon="133.2325647"></trkpt>
    <trkpt lat="-23.7218857" lon="133.2325041"></trkpt>
    <trkpt lat="-23.7218785" lon="133.2324777"></trkpt>
    <trkpt lat="-23.7218734" lon="133.2324100"></trkpt>
    <trkpt lat="-23.7218886" lon="133.2323773"></trkpt>
    <trkpt lat="-23.7218587" lon="133.2322871"></trkpt>
    <trkpt lat="-23.7218673" lon="133.2321816"></trkpt>
    <trkpt lat="-23.7217530" lon="133.2320382"></trkpt>
    <trkpt lat="-23.7217325" lon="133.2320217"></trkpt>
    <trkpt lat="-23.7217210" lon="133.2319508"></trkpt>
    <trkpt lat="-23.7216986" lon="133.2319087"></trkpt>
    <trkpt lat="-23.7217332" lon="133.2316618"></trkpt>
    <trkpt lat="-23.7217022" lon="133.2315858"></trkpt>
    <trkpt lat="-23.7217289" lon="133.2315146"></trkpt>
    <trkpt lat="-23.7216463" lon="133.2313102"></trkpt>
    <trkpt lat="-23.7215843" lon="133.2311496"></trkpt>
    <trkpt lat="-23.7215677" lon="133.2310495"></trkpt>
    <trkpt lat="-23.7215483" lon="133.2310070"></trkpt>
    <trkpt lat="-23.7215569" lon="133.2308948"></trkpt>
    <trkpt lat="-23.7215908" lon="133.2307999"></trkpt>
    <trkpt lat="-23.7215429" lon="133.2306621"></trkpt>
    <trkpt lat="-23.7215234" lon="133.2305447"></trkpt>
    <trkpt lat="-23.7214506" lon="133.2303561"></trkpt>
    <trkpt lat="-23.7214371" lon="133.2303250"></trkpt>
    <trkpt lat="-23.7214347" lon="133.2303030"></trkpt>
    <trkpt lat="-23.7214318" lon="133.2302758"></trkpt>
    <trkpt lat="-23.7213972" lon="133.2302191"></trkpt>
    <trkpt lat="-23.7213893" lon="133.2301652"></trkpt>
    <trkpt lat="-23.7213875" lon="133.2300541"></trkpt>
    <trkpt lat="-23.7214059" lon="133.2299203"></trkpt>
    <trkpt lat="-23.7213324" lon="133.2297521"></trkpt>
    <trkpt lat="-23.7213237" lon="133.2297458"></trkpt>
    <trkpt lat="-23.7213273" lon="133.2297076"></trkpt>
    <trkpt lat="-23.7213500" lon="133.2296856"></trkpt>
    <trkpt lat="-23.7213630" lon="133.2296490"></trkpt>
    <trkpt lat="-23.7213626" lon="133.2296143"></trkpt>
    <trkpt lat="-23.7212462" lon="133.2294580"></trkpt>
    <trkpt lat="-23.7212401" lon="133.2293954"></trkpt>
    <trkpt lat="-23.7212343" lon="133.2291690"></trkpt>
    <trkpt lat="-23.7212220" lon="133.2291426"></trkpt>
    <trkpt lat="-23.7212073" lon="133.2291268"></trkpt>
    <trkpt lat="-23.7212026" lon="133.2288059"></trkpt>
    <trkpt lat="-23.7212019" lon="133.2287040"></trkpt>
    <trkpt lat="-23.7211853" lon="133.2285354"></trkpt>
    <trkpt lat="-23.7212138" lon="133.2285146"></trkpt>
    <trkpt lat="-23.7212437" lon="133.2285102"></trkpt>
    <trkpt lat="-23.7212859" lon="133.2284331"></trkpt>
    <trkpt lat="-23.7213442" lon="133.2283775"></trkpt>
    <trkpt lat="-23.7213803" lon="133.2283634"></trkpt>
    <trkpt lat="-23.7214041" lon="133.2283141"></trkpt>
    <trkpt lat="-23.7214347" lon="133.2282732"></trkpt>
    <trkpt lat="-23.7214585" lon="133.2282196"></trkpt>
    <trkpt lat="-23.7214214" lon="133.2280787"></trkpt>
    <trkpt lat="-23.7214081" lon="133.2279543"></trkpt>
    <trkpt lat="-23.7214434" lon="133.2278531"></trkpt>
    <trkpt lat="-23.7213911" lon="133.2276637"></trkpt>
    <trkpt lat="-23.7213895" lon="133.2275562"></trkpt>
    <trkpt lat="-23.7213861" lon="133.2275471"></trkpt>
    <trkpt lat="-23.7213316" lon="133.2275148"></trkpt>
    <trkpt lat="-23.7213107" lon="133.2274636"></trkpt>
    <trkpt lat="-23.7213233" lon="133.2274660"></trkpt>
    <trkpt lat="-23.7214117" lon="133.2275444"></trkpt>
    <trkpt lat="-23.7214257" lon="133.2275357"></trkpt>
    <trkpt lat="-23.7214654" lon="133.2272896"></trkpt>
    <trkpt lat="-23.7214610" lon="133.2272341"></trkpt>
    <trkpt lat="-23.7214820" lon="133.2271447"></trkpt>
    <trkpt lat="-23.7214715" lon="133.2270620"></trkpt>
    <trkpt lat="-23.7214744" lon="133.2267352"></trkpt>
    <trkpt lat="-23.7214409" lon="133.2264982"></trkpt>
    <trkpt lat="-23.7213684" lon="133.2262210"></trkpt>
    <trkpt lat="-23.7214290" lon="133.2259229"></trkpt>
    <trkpt lat="-23.7214488" lon="133.2258705"></trkpt>
    <trkpt lat="-23.7214582" lon="133.2256918"></trkpt>
    <trkpt lat="-23.7214610" lon="133.2254673"></trkpt>
    <trkpt lat="-23.7214726" lon="133.2254386"></trkpt>
    <trkpt lat="-23.7215198" lon="133.2250228"></trkpt>
    <trkpt lat="-23.7215521" lon="133.2249997"></trkpt>
    <trkpt lat="-23.7215785" lon="133.2249949"></trkpt>
    <trkpt lat="-23.7215912" lon="133.2249716"></trkpt>
    <trkpt lat="-23.7217440" lon="133.2249149"></trkpt>
    <trkpt lat="-23.7219715" lon="133.2248535"></trkpt>
    <trkpt lat="-23.7221341" lon="133.2246125"></trkpt>
    <trkpt lat="-23.7221474" lon="133.2245373"></trkpt>
    <trkpt lat="-23.7222044" lon="133.2243782"></trkpt>
    <trkpt lat="-23.7223392" lon="133.2242392"></trkpt>
    <trkpt lat="-23.7224383" lon="133.2241916"></trkpt>
    <trkpt lat="-23.7226333" lon="133.2241892"></trkpt>
    <trkpt lat="-23.7226762" lon="133.2241482"></trkpt>
    <trkpt lat="-23.7228395" lon="133.2240526"></trkpt>
    <trkpt lat="-23.7229235" lon="133.2240167"></trkpt>
    <trkpt lat="-23.7230588" lon="133.2239353"></trkpt>
    <trkpt lat="-23.7230799" lon="133.2239172"></trkpt>
    <trkpt lat="-23.7231319" lon="133.2238734"></trkpt>
    <trkpt lat="-23.7231578" lon="133.2238750"></trkpt>
    <trkpt lat="-23.7231867" lon="133.2238525"></trkpt>
    <trkpt lat="-23.7232368" lon="133.2238305"></trkpt>
    <trkpt lat="-23.7232818" lon="133.2237899"></trkpt>
    <trkpt lat="-23.7233669" lon="133.2236364"></trkpt>
    <trkpt lat="-23.7234134" lon="133.2236206"></trkpt>
    <trkpt lat="-23.7234617" lon="133.2236194"></trkpt>
    <trkpt lat="-23.7235540" lon="133.2235828"></trkpt>
    <trkpt lat="-23.7235875" lon="133.2235954"></trkpt>
    <trkpt lat="-23.7238233" lon="133.2235529"></trkpt>
    <trkpt lat="-23.7239754" lon="133.2234978"></trkpt>
    <trkpt lat="-23.7240580" lon="133.2234430"></trkpt>
    <trkpt lat="-23.7242569" lon="133.2234245"></trkpt>
    <trkpt lat="-23.7243024" lon="133.2234344"></trkpt>
    <trkpt lat="-23.7243171" lon="133.2233974"></trkpt>
    <trkpt lat="-23.7243750" lon="133.2233640"></trkpt>
    <trkpt lat="-23.7243808" lon="133.2233584"></trkpt>
    <trkpt lat="-23.7244073" lon="133.2232859"></trkpt>
    <trkpt lat="-23.7245161" lon="133.2231217"></trkpt>
    <trkpt lat="-23.7248297" lon="133.2231536"></trkpt>
    <trkpt lat="-23.7248885" lon="133.2229698"></trkpt>
    <trkpt lat="-23.7250302" lon="133.2228087"></trkpt>
    <trkpt lat="-23.7250745" lon="133.2227741"></trkpt>
    <trkpt lat="-23.7250875" lon="133.2227335"></trkpt>
    <trkpt lat="-23.7251113" lon="133.2226953"></trkpt>
    <trkpt lat="-23.7252317" lon="133.2225827"></trkpt>
    <trkpt lat="-23.7252796" lon="133.2225524"></trkpt>
    <trkpt lat="-23.7252963" lon="133.2225331"></trkpt>
    <trkpt lat="-23.7254166" lon="133.2223496"></trkpt>
    <trkpt lat="-23.7255737" lon="133.2221665"></trkpt>
    <trkpt lat="-23.7256664" lon="133.2219866"></trkpt>
    <trkpt lat="-23.7256855" lon="133.2217657"></trkpt>
    <trkpt lat="-23.7256704" lon="133.2217027"></trkpt>
    <trkpt lat="-23.7256275" lon="133.2215700"></trkpt>
    <trkpt lat="-23.7257140" lon="133.2213920"></trkpt>
    <trkpt lat="-23.7257053" lon="133.2213235"></trkpt>
    <trkpt lat="-23.7257629" lon="133.2211012"></trkpt>
    <trkpt lat="-23.7257745" lon="133.2210730"></trkpt>
    <trkpt lat="-23.7258037" lon="133.2210156"></trkpt>
    <trkpt lat="-23.7258286" lon="133.2209443"></trkpt>
    <trkpt lat="-23.7258906" lon="133.2207986"></trkpt>
    <trkpt lat="-23.7259036" lon="133.2207356"></trkpt>
    <trkpt lat="-23.7259263" lon="133.2206931"></trkpt>
    <trkpt lat="-23.7259227" lon="133.2206462"></trkpt>
    <trkpt lat="-23.7259580" lon="133.2205383"></trkpt>
    <trkpt lat="-23.7260607" lon="133.2204379"></trkpt>
    <trkpt lat="-23.7261743" lon="133.2203812"></trkpt>
    <trkpt lat="-23.7262129" lon="133.2203415"></trkpt>
    <trkpt lat="-23.7262493" lon="133.2203356"></trkpt>
    <trkpt lat="-23.7263347" lon="133.2203344"></trkpt>
    <trkpt lat="-23.7264609" lon="133.2203426"></trkpt>
    <trkpt lat="-23.7265960" lon="133.2203202"></trkpt>
    <trkpt lat="-23.7266530" lon="133.2203411"></trkpt>
    <trkpt lat="-23.7267042" lon="133.2203454"></trkpt>
    <trkpt lat="-23.7268503" lon="133.2203871"></trkpt>
    <trkpt lat="-23.7269111" lon="133.2203926"></trkpt>
    <trkpt lat="-23.7270823" lon="133.2203655"></trkpt>
    <trkpt lat="-23.7271072" lon="133.2203667"></trkpt>
    <trkpt lat="-23.7272489" lon="133.2202930"></trkpt>
    <trkpt lat="-23.7274403" lon="133.2201816"></trkpt>
    <trkpt lat="-23.7275549" lon="133.2202115"></trkpt>
    <trkpt lat="-23.7276086" lon="133.2202139"></trkpt>
    <trkpt lat="-23.7276922" lon="133.2202690"></trkpt>
    <trkpt lat="-23.7277445" lon="133.2202619"></trkpt>
    <trkpt lat="-23.7278184" lon="133.2203359"></trkpt>
    <trkpt lat="-23.7278411" lon="133.2203596"></trkpt>
    <trkpt lat="-23.7278671" lon="133.2203643"></trkpt>
    <trkpt lat="-23.7279929" lon="133.2202903"></trkpt>
    <trkpt lat="-23.7281915" lon="133.2202202"></trkpt>
    <trkpt lat="-23.7283288" lon="133.2202162"></trkpt>
    <trkpt lat="-23.7283591" lon="133.2202005"></trkpt>
    <trkpt lat="-23.7284175" lon="133.2201379"></trkpt>
    <trkpt lat="-23.7284481" lon="133.2201186"></trkpt>
    <trkpt lat="-23.7285465" lon="133.2200662"></trkpt>
    <trkpt lat="-23.7286900" lon="133.2200501"></trkpt>
    <trkpt lat="-23.7287095" lon="133.2200328"></trkpt>
    <trkpt lat="-23.7288190" lon="133.2199843"></trkpt>
    <trkpt lat="-23.7288497" lon="133.2199910"></trkpt>
    <trkpt lat="-23.7289409" lon="133.2200241"></trkpt>
    <trkpt lat="-23.7290973" lon="133.2199107"></trkpt>
    <trkpt lat="-23.7291507" lon="133.2198890"></trkpt>
    <trkpt lat="-23.7292174" lon="133.2198449"></trkpt>
    <trkpt lat="-23.7293013" lon="133.2196881"></trkpt>
    <trkpt lat="-23.7293165" lon="133.2196796"></trkpt>
    <trkpt lat="-23.7293218" lon="133.2196404"></trkpt>
    <trkpt lat="-23.7293269" lon="133.2196012"></trkpt>
    <trkpt lat="-23.7293756" lon="133.2194606"></trkpt>
    <trkpt lat="-23.7294084" lon="133.2194346"></trkpt>
    <trkpt lat="-23.7295499" lon="133.2192428"></trkpt>
    <trkpt lat="-23.7297226" lon="133.2190353"></trkpt>
    <trkpt lat="-23.7298373" lon="133.2188813"></trkpt>
    <trkpt lat="-23.7298913" lon="133.2187462"></trkpt>
    <trkpt lat="-23.7299609" lon="133.2187045"></trkpt>
    <trkpt lat="-23.7300893" lon="133.2184729"></trkpt>
    <trkpt lat="-23.7302728" lon="133.2183544"></trkpt>
    <trkpt lat="-23.7303236" lon="133.2181539"></trkpt>
    <trkpt lat="-23.7305832" lon="133.2180019"></trkpt>
    <trkpt lat="-23.7305961" lon="133.2179942"></trkpt>
    <trkpt lat="-23.7306084" lon="133.2179857"></trkpt>
    <trkpt lat="-23.7306813" lon="133.2179889"></trkpt>
    <trkpt lat="-23.7307206" lon="133.2179838"></trkpt>
    <trkpt lat="-23.7309039" lon="133.2178447"></trkpt>
    <trkpt lat="-23.7309326" lon="133.2178191"></trkpt>
    <trkpt lat="-23.7309697" lon="133.2178117"></trkpt>
    <trkpt lat="-23.7309953" lon="133.2178416"></trkpt>
    <trkpt lat="-23.7310512" lon="133.2178392"></trkpt>
    <trkpt lat="-23.7311842" lon="133.2177431"></trkpt>
    <trkpt lat="-23.7313054" lon="133.2176750"></trkpt>
    <trkpt lat="-23.7313302" lon="133.2176569"></trkpt>
    <trkpt lat="-23.7313403" lon="133.2176533"></trkpt>
    <trkpt lat="-23.7315205" lon="133.2175319"></trkpt>
    <trkpt lat="-23.7315310" lon="133.2175210"></trkpt>
    <trkpt lat="-23.7316305" lon="133.2175242"></trkpt>
    <trkpt lat="-23.7316536" lon="133.2175301"></trkpt>
    <trkpt lat="-23.7316810" lon="133.2175301"></trkpt>
    <trkpt lat="-23.7317268" lon="133.2174895"></trkpt>
    <trkpt lat="-23.7317813" lon="133.2174950"></trkpt>
    <trkpt lat="-23.7318173" lon="133.2174182"></trkpt>
    <trkpt lat="-23.7318606" lon="133.2174352"></trkpt>
    <trkpt lat="-23.7319413" lon="133.2174316"></trkpt>
    <trkpt lat="-23.7319572" lon="133.2174163"></trkpt>
    <trkpt lat="-23.7319565" lon="133.2173599"></trkpt>
    <trkpt lat="-23.7320062" lon="133.2173052"></trkpt>
    <trkpt lat="-23.7320142" lon="133.2172863"></trkpt>
    <trkpt lat="-23.7320520" lon="133.2172347"></trkpt>
    <trkpt lat="-23.7320477" lon="133.2171445"></trkpt>
    <trkpt lat="-23.7320553" lon="133.2171047"></trkpt>
    <trkpt lat="-23.7320917" lon="133.2170437"></trkpt>
    <trkpt lat="-23.7321137" lon="133.2170153"></trkpt>
    <trkpt lat="-23.7321320" lon="133.2168941"></trkpt>
    <trkpt lat="-23.7321512" lon="133.2168795"></trkpt>
    <trkpt lat="-23.7321886" lon="133.2168775"></trkpt>
    <trkpt lat="-23.7322723" lon="133.2167566"></trkpt>
    <trkpt lat="-23.7323062" lon="133.2167038"></trkpt>
    <trkpt lat="-23.7323732" lon="133.2165805"></trkpt>
    <trkpt lat="-23.7323815" lon="133.2165711"></trkpt>
    <trkpt lat="-23.7324031" lon="133.2165361"></trkpt>
    <trkpt lat="-23.7324234" lon="133.2165215"></trkpt>
    <trkpt lat="-23.7324435" lon="133.2164864"></trkpt>
    <trkpt lat="-23.7324944" lon="133.2163986"></trkpt>
    <trkpt lat="-23.7325640" lon="133.2164073"></trkpt>
    <trkpt lat="-23.7326249" lon="133.2163958"></trkpt>
    <trkpt lat="-23.7327078" lon="133.2163614"></trkpt>
    <trkpt lat="-23.7327140" lon="133.2163622"></trkpt>
    <trkpt lat="-23.7327320" lon="133.2163415"></trkpt>
    <trkpt lat="-23.7327258" lon="133.2162950"></trkpt>
    <trkpt lat="-23.7327615" lon="133.2162147"></trkpt>
    <trkpt lat="-23.7327651" lon="133.2161792"></trkpt>
    <trkpt lat="-23.7327536" lon="133.2161091"></trkpt>
    <trkpt lat="-23.7327659" lon="133.2160977"></trkpt>
    <trkpt lat="-23.7327965" lon="133.2162143"></trkpt>
    <trkpt lat="-23.7328506" lon="133.2161824"></trkpt>
    <trkpt lat="-23.7328529" lon="133.2161780"></trkpt>
    <trkpt lat="-23.7328657" lon="133.2161525"></trkpt>
    <trkpt lat="-23.7328956" lon="133.2160914"></trkpt>
    <trkpt lat="-23.7330283" lon="133.2160914"></trkpt>
    <trkpt lat="-23.7330536" lon="133.2160583"></trkpt>
    <trkpt lat="-23.7330720" lon="133.2159906"></trkpt>
    <trkpt lat="-23.7331138" lon="133.2159646"></trkpt>
    <trkpt lat="-23.7331761" lon="133.2159138"></trkpt>
    <trkpt lat="-23.7331758" lon="133.2158854"></trkpt>
    <trkpt lat="-23.7331642" lon="133.2158004"></trkpt>
    <trkpt lat="-23.7332472" lon="133.2156964"></trkpt>
    <trkpt lat="-23.7332944" lon="133.2155971"></trkpt>
    <trkpt lat="-23.7333178" lon="133.2155436"></trkpt>
    <trkpt lat="-23.7334368" lon="133.2155062"></trkpt>
    <trkpt lat="-23.7335532" lon="133.2154821"></trkpt>
    <trkpt lat="-23.7335586" lon="133.2154487"></trkpt>
    <trkpt lat="-23.7335399" lon="133.2154199"></trkpt>
    <trkpt lat="-23.7336023" lon="133.2153581"></trkpt>
    <trkpt lat="-23.7336008" lon="133.2153412"></trkpt>
    <trkpt lat="-23.7335857" lon="133.2152904"></trkpt>
    <trkpt lat="-23.7335586" lon="133.2152514"></trkpt>
    <trkpt lat="-23.7335341" lon="133.2151683"></trkpt>
    <trkpt lat="-23.7335280" lon="133.2150336"></trkpt>
    <trkpt lat="-23.7335194" lon="133.2150115"></trkpt>
    <trkpt lat="-23.7334797" lon="133.2148729"></trkpt>
    <trkpt lat="-23.7334857" lon="133.2148382"></trkpt>
    <trkpt lat="-23.7334721" lon="133.2148040"></trkpt>
    <trkpt lat="-23.7334595" lon="133.2147862"></trkpt>
    <trkpt lat="-23.7334505" lon="133.2147492"></trkpt>
    <trkpt lat="-23.7334963" lon="133.2146957"></trkpt>
    <trkpt lat="-23.7335057" lon="133.2146701"></trkpt>
    <trkpt lat="-23.7335475" lon="133.2146768"></trkpt>
    <trkpt lat="-23.7336138" lon="133.2146752"></trkpt>
    <trkpt lat="-23.7337003" lon="133.2146598"></trkpt>
    <trkpt lat="-23.7337317" lon="133.2146712"></trkpt>
    <trkpt lat="-23.7338680" lon="133.2146815"></trkpt>
    <trkpt lat="-23.7338749" lon="133.2146789"></trkpt>
    <trkpt lat="-23.7338810" lon="133.2146634"></trkpt>
    <trkpt lat="-23.7338478" lon="133.2145913"></trkpt>
    <trkpt lat="-23.7338262" lon="133.2144145"></trkpt>
    <trkpt lat="-23.7338319" lon="133.2143010"></trkpt>
    <trkpt lat="-23.7338593" lon="133.2141163"></trkpt>
    <trkpt lat="-23.7338637" lon="133.2140734"></trkpt>
    <trkpt lat="-23.7338770" lon="133.2140419"></trkpt>
    <trkpt lat="-23.7339080" lon="133.2139222"></trkpt>
    <trkpt lat="-23.7338820" lon="133.2138399"></trkpt>
    <trkpt lat="-23.7338759" lon="133.2137581"></trkpt>
    <trkpt lat="-23.7338507" lon="133.2137123"></trkpt>
    <trkpt lat="-23.7338074" lon="133.2135929"></trkpt>
    <trkpt lat="-23.7337822" lon="133.2135437"></trkpt>
    <trkpt lat="-23.7337724" lon="133.2134890"></trkpt>
    <trkpt lat="-23.7337623" lon="133.2134677"></trkpt>
    <trkpt lat="-23.7337674" lon="133.2133259"></trkpt>
    <trkpt lat="-23.7337872" lon="133.2132444"></trkpt>
    <trkpt lat="-23.7338308" lon="133.2132267"></trkpt>
    <trkpt lat="-23.7338340" lon="133.2131751"></trkpt>
    <trkpt lat="-23.7338366" lon="133.2131696"></trkpt>
    <trkpt lat="-23.7338755" lon="133.2131113"></trkpt>
    <trkpt lat="-23.7339329" lon="133.2130613"></trkpt>
    <trkpt lat="-23.7339873" lon="133.2130904"></trkpt>
    <trkpt lat="-23.7340637" lon="133.2131648"></trkpt>
    <trkpt lat="-23.7341171" lon="133.2131629"></trkpt>
    <trkpt lat="-23.7341647" lon="133.2131534"></trkpt>
    <trkpt lat="-23.7342105" lon="133.2130782"></trkpt>
    <trkpt lat="-23.7341950" lon="133.2130628"></trkpt>
    <trkpt lat="-23.7341358" lon="133.2128454"></trkpt>
    <trkpt lat="-23.7341253" lon="133.2128201"></trkpt>
    <trkpt lat="-23.7341232" lon="133.2128068"></trkpt>
    <trkpt lat="-23.7341665" lon="133.2126414"></trkpt>
    <trkpt lat="-23.7342173" lon="133.2124906"></trkpt>
    <trkpt lat="-23.7342941" lon="133.2124465"></trkpt>
    <trkpt lat="-23.7343940" lon="133.2124646"></trkpt>
    <trkpt lat="-23.7344711" lon="133.2124020"></trkpt>
    <trkpt lat="-23.7345569" lon="133.2123110"></trkpt>
    <trkpt lat="-23.7346240" lon="133.2122716"></trkpt>
    <trkpt lat="-23.7346293" lon="133.2122680"></trkpt>
    <trkpt lat="-23.7346889" lon="133.2122141"></trkpt>
    <trkpt lat="-23.7347599" lon="133.2120696"></trkpt>
    <trkpt lat="-23.7347671" lon="133.2120499"></trkpt>
    <trkpt lat="-23.7348259" lon="133.2120294"></trkpt>
    <trkpt lat="-23.7349034" lon="133.2119581"></trkpt>
    <trkpt lat="-23.7349975" lon="133.2118207"></trkpt>
    <trkpt lat="-23.7350721" lon="133.2117344"></trkpt>
    <trkpt lat="-23.7351100" lon="133.2116025"></trkpt>
    <trkpt lat="-23.7351749" lon="133.2115402"></trkpt>
    <trkpt lat="-23.7351882" lon="133.2115300"></trkpt>
    <trkpt lat="-23.7352506" lon="133.2114414"></trkpt>
    <trkpt lat="-23.7353450" lon="133.2113579"></trkpt>
    <trkpt lat="-23.7353450" lon="133.2113446"></trkpt>
    <trkpt lat="-23.7353656" lon="133.2112760"></trkpt>
    <trkpt lat="-23.7354873" lon="133.2111902"></trkpt>
    <trkpt lat="-23.7354954" lon="133.2111067"></trkpt>
    <trkpt lat="-23.7355531" lon="133.2110322"></trkpt>
    <trkpt lat="-23.7355509" lon="133.2109058"></trkpt>
    <trkpt lat="-23.7355927" lon="133.2107889"></trkpt>
    <trkpt lat="-23.7356266" lon="133.2106506"></trkpt>
    <trkpt lat="-23.7356857" lon="133.2106565"></trkpt>
    <trkpt lat="-23.7357780" lon="133.2106983"></trkpt>
    <trkpt lat="-23.7359316" lon="133.2107105"></trkpt>
    <trkpt lat="-23.7359421" lon="133.2107219"></trkpt>
    <trkpt lat="-23.7359631" lon="133.2107083"></trkpt>
    <trkpt lat="-23.7360271" lon="133.2106672"></trkpt>
    <trkpt lat="-23.7360870" lon="133.2106002"></trkpt>
    <trkpt lat="-23.7361901" lon="133.2105112"></trkpt>
    <trkpt lat="-23.7362251" lon="133.2103966"></trkpt>
    <trkpt lat="-23.7363365" lon="133.2102773"></trkpt>
    <trkpt lat="-23.7363523" lon="133.2102631"></trkpt>
    <trkpt lat="-23.7365549" lon="133.2101914"></trkpt>
    <trkpt lat="-23.7365849" lon="133.2101619"></trkpt>
    <trkpt lat="-23.7366213" lon="133.2101138"></trkpt>
    <trkpt lat="-23.7366699" lon="133.2101130"></trkpt>
    <trkpt lat="-23.7367298" lon="133.2100484"></trkpt>
    <trkpt lat="-23.7367468" lon="133.2098891"></trkpt>
    <trkpt lat="-23.7367557" lon="133.2098559"></trkpt>
    <trkpt lat="-23.7367965" lon="133.2097665"></trkpt>
    <trkpt lat="-23.7368488" lon="133.2096038"></trkpt>
    <trkpt lat="-23.7368790" lon="133.2094435"></trkpt>
    <trkpt lat="-23.7368603" lon="133.2093025"></trkpt>
    <trkpt lat="-23.7368210" lon="133.2091930"></trkpt>
    <trkpt lat="-23.7368217" lon="133.2090733"></trkpt>
    <trkpt lat="-23.7367352" lon="133.2090611"></trkpt>
    <trkpt lat="-23.7367302" lon="133.2090386"></trkpt>
    <trkpt lat="-23.7367020" lon="133.2090001"></trkpt>
    <trkpt lat="-23.7366764" lon="133.2088926"></trkpt>
    <trkpt lat="-23.7366699" lon="133.2088445"></trkpt>
    <trkpt lat="-23.7366800" lon="133.2087382"></trkpt>
    <trkpt lat="-23.7365823" lon="133.2086295"></trkpt>
    <trkpt lat="-23.7365841" lon="133.2086192"></trkpt>
    <trkpt lat="-23.7365567" lon="133.2084881"></trkpt>
    <trkpt lat="-23.7364644" lon="133.2083747"></trkpt>
    <trkpt lat="-23.7363995" lon="133.2082616"></trkpt>
    <trkpt lat="-23.7363909" lon="133.2082293"></trkpt>
    <trkpt lat="-23.7364089" lon="133.2081136"></trkpt>
    <trkpt lat="-23.7363750" lon="133.2079848"></trkpt>
    <trkpt lat="-23.7364086" lon="133.2079489"></trkpt>
    <trkpt lat="-23.7364180" lon="133.2079274"></trkpt>
    <trkpt lat="-23.7364284" lon="133.2078623"></trkpt>
    <trkpt lat="-23.7364266" lon="133.2078481"></trkpt>
    <trkpt lat="-23.7363877" lon="133.2077788"></trkpt>
    <trkpt lat="-23.7363956" lon="133.2077051"></trkpt>
    <trkpt lat="-23.7363999" lon="133.2076366"></trkpt>
    <trkpt lat="-23.7363581" lon="133.2075553"></trkpt>
    <trkpt lat="-23.7363365" lon="133.2074283"></trkpt>
    <trkpt lat="-23.7362701" lon="133.2073330"></trkpt>
    <trkpt lat="-23.7362481" lon="133.2072668"></trkpt>
    <trkpt lat="-23.7362348" lon="133.2071274"></trkpt>
    <trkpt lat="-23.7362413" lon="133.2070715"></trkpt>
    <trkpt lat="-23.7362078" lon="133.2068537"></trkpt>
    <trkpt lat="-23.7361688" lon="133.2067560"></trkpt>
    <trkpt lat="-23.7361227" lon="133.2067119"></trkpt>
    <trkpt lat="-23.7361101" lon="133.2066324"></trkpt>
    <trkpt lat="-23.7360691" lon="133.2065031"></trkpt>
    <trkpt lat="-23.7360596" lon="133.2064335"></trkpt>
    <trkpt lat="-23.7360340" lon="133.2063720"></trkpt>
    <trkpt lat="-23.7360365" lon="133.2062830"></trkpt>
    <trkpt lat="-23.7360084" lon="133.2062188"></trkpt>
    <trkpt lat="-23.7359972" lon="133.2060101"></trkpt>
    <trkpt lat="-23.7360048" lon="133.2059735"></trkpt>
    <trkpt lat="-23.7360992" lon="133.2058092"></trkpt>
    <trkpt lat="-23.7362085" lon="133.2057423"></trkpt>
    <trkpt lat="-23.7362314" lon="133.2056749"></trkpt>
    <trkpt lat="-23.7362456" lon="133.2056289"></trkpt>
    <trkpt lat="-23.7362550" lon="133.2055332"></trkpt>
    <trkpt lat="-23.7362936" lon="133.2054572"></trkpt>
    <trkpt lat="-23.7363837" lon="133.2053725"></trkpt>
    <trkpt lat="-23.7364057" lon="133.2053386"></trkpt>
    <trkpt lat="-23.7363866" lon="133.2052929"></trkpt>
    <trkpt lat="-23.7363895" lon="133.2052063"></trkpt>
    <trkpt lat="-23.7363977" lon="133.2051941"></trkpt>
    <trkpt lat="-23.7364244" lon="133.2051106"></trkpt>
    <trkpt lat="-23.7364392" lon="133.2050192"></trkpt>
    <trkpt lat="-23.7364457" lon="133.2050098"></trkpt>
    <trkpt lat="-23.7364900" lon="133.2049117"></trkpt>
    <trkpt lat="-23.7365207" lon="133.2049117"></trkpt>
    <trkpt lat="-23.7365870" lon="133.2048574"></trkpt>
    <trkpt lat="-23.7366714" lon="133.2046959"></trkpt>
    <trkpt lat="-23.7366926" lon="133.2046340"></trkpt>
    <trkpt lat="-23.7367319" lon="133.2045773"></trkpt>
    <trkpt lat="-23.7367330" lon="133.2045565"></trkpt>
    <trkpt lat="-23.7367436" lon="133.2045256"></trkpt>
    <trkpt lat="-23.7368239" lon="133.2044107"></trkpt>
    <trkpt lat="-23.7369100" lon="133.2042434"></trkpt>
    <trkpt lat="-23.7369187" lon="133.2041772"></trkpt>
    <trkpt lat="-23.7368837" lon="133.2040543"></trkpt>
    <trkpt lat="-23.7368379" lon="133.2040216"></trkpt>
    <trkpt lat="-23.7368253" lon="133.2040027"></trkpt>
    <trkpt lat="-23.7368001" lon="133.2039964"></trkpt>
    <trkpt lat="-23.7367175" lon="133.2039283"></trkpt>
    <trkpt lat="-23.7366876" lon="133.2038220"></trkpt>
    <trkpt lat="-23.7366699" lon="133.2036605"></trkpt>
    <trkpt lat="-23.7366580" lon="133.2034734"></trkpt>
    <trkpt lat="-23.7366714" lon="133.2032785"></trkpt>
    <trkpt lat="-23.7366429" lon="133.2031131"></trkpt>
    <trkpt lat="-23.7366490" lon="133.2030627"></trkpt>
    <trkpt lat="-23.7366260" lon="133.2029240"></trkpt>
    <trkpt lat="-23.7366249" lon="133.2028626"></trkpt>
    <trkpt lat="-23.7366338" lon="133.2028405"></trkpt>
    <trkpt lat="-23.7366447" lon="133.2027960"></trkpt>
    <trkpt lat="-23.7366177" lon="133.2026885"></trkpt>
    <trkpt lat="-23.7366757" lon="133.2025341"></trkpt>
    <trkpt lat="-23.7366761" lon="133.2024786"></trkpt>
    <trkpt lat="-23.7366173" lon="133.2024522"></trkpt>
    <trkpt lat="-23.7365546" lon="133.2024152"></trkpt>
    <trkpt lat="-23.7365466" lon="133.2023486"></trkpt>
    <trkpt lat="-23.7364233" lon="133.2021064"></trkpt>
    <trkpt lat="-23.7363891" lon="133.2020521"></trkpt>
    <trkpt lat="-23.7363581" lon="133.2018477"></trkpt>
    <trkpt lat="-23.7363152" lon="133.2016468"></trkpt>
    <trkpt lat="-23.7362842" lon="133.2014365"></trkpt>
    <trkpt lat="-23.7362626" lon="133.2012239"></trkpt>
    <trkpt lat="-23.7362312" lon="133.2011864"></trkpt>
    <trkpt lat="-23.7360978" lon="133.2011715"></trkpt>
    <trkpt lat="-23.7360643" lon="133.2011545"></trkpt>
    <trkpt lat="-23.7360430" lon="133.2011549"></trkpt>
    <trkpt lat="-23.7358876" lon="133.2011321"></trkpt>
    <trkpt lat="-23.7357964" lon="133.2010970"></trkpt>
    <trkpt lat="-23.7357694" lon="133.2010242"></trkpt>
    <trkpt lat="-23.7357503" lon="133.2008690"></trkpt>
    <trkpt lat="-23.7357099" lon="133.2008332"></trkpt>
    <trkpt lat="-23.7356818" lon="133.2007209"></trkpt>
    <trkpt lat="-23.7356533" lon="133.2006623"></trkpt>
    <trkpt lat="-23.7356601" lon="133.2005988"></trkpt>
    <trkpt lat="-23.7356558" lon="133.2005799"></trkpt>
    <trkpt lat="-23.7356125" lon="133.2005284"></trkpt>
    <trkpt lat="-23.7356133" lon="133.2004677"></trkpt>
    <trkpt lat="-23.7355711" lon="133.2002921"></trkpt>
    <trkpt lat="-23.7354943" lon="133.2001440"></trkpt>
    <trkpt lat="-23.7354748" lon="133.2001160"></trkpt>
    <trkpt lat="-23.7354085" lon="133.2000211"></trkpt>
    <trkpt lat="-23.7353991" lon="133.2000010"></trkpt>
    <trkpt lat="-23.7353735" lon="133.1998206"></trkpt>
    <trkpt lat="-23.7353126" lon="133.1997056"></trkpt>
    <trkpt lat="-23.7353023" lon="133.1994906"></trkpt>
    <trkpt lat="-23.7352937" lon="133.1994284"></trkpt>
    <trkpt lat="-23.7352846" lon="133.1993953"></trkpt>
    <trkpt lat="-23.7353113" lon="133.1993378"></trkpt>
    <trkpt lat="-23.7353297" lon="133.1992724"></trkpt>
    <trkpt lat="-23.7353322" lon="133.1992480"></trkpt>
    <trkpt lat="-23.7353856" lon="133.1990900"></trkpt>
    <trkpt lat="-23.7354451" lon="133.1989719"></trkpt>
    <trkpt lat="-23.7354685" lon="133.1989357"></trkpt>
    <trkpt lat="-23.7354656" lon="133.1988880"></trkpt>
    <trkpt lat="-23.7355298" lon="133.1988120"></trkpt>
    <trkpt lat="-23.7355388" lon="133.1987813"></trkpt>
    <trkpt lat="-23.7356398" lon="133.1987919"></trkpt>
    <trkpt lat="-23.7356628" lon="133.1987888"></trkpt>
    <trkpt lat="-23.7356996" lon="133.1987285"></trkpt>
    <trkpt lat="-23.7356924" lon="133.1987222"></trkpt>
    <trkpt lat="-23.7356989" lon="133.1986730"></trkpt>
    <trkpt lat="-23.7357512" lon="133.1985702"></trkpt>
    <trkpt lat="-23.7357627" lon="133.1985643"></trkpt>
    <trkpt lat="-23.7357977" lon="133.1985363"></trkpt>
    <trkpt lat="-23.7358078" lon="133.1985280"></trkpt>
    <trkpt lat="-23.7358447" lon="133.1984146"></trkpt>
    <trkpt lat="-23.7358602" lon="133.1981984"></trkpt>
    <trkpt lat="-23.7358700" lon="133.1979617"></trkpt>
    <trkpt lat="-23.7358974" lon="133.1978715"></trkpt>
    <trkpt lat="-23.7359424" lon="133.1978152"></trkpt>
    <trkpt lat="-23.7359522" lon="133.1977470"></trkpt>
    <trkpt lat="-23.7359374" lon="133.1977029"></trkpt>
    <trkpt lat="-23.7359147" lon="133.1975209"></trkpt>
    <trkpt lat="-23.7359197" lon="133.1974697"></trkpt>
    <trkpt lat="-23.7359417" lon="133.1974237"></trkpt>
    <trkpt lat="-23.7359583" lon="133.1974040"></trkpt>
    <trkpt lat="-23.7359698" lon="133.1972728"></trkpt>
    <trkpt lat="-23.7359634" lon="133.1972425"></trkpt>
    <trkpt lat="-23.7360301" lon="133.1971748"></trkpt>
    <trkpt lat="-23.7360373" lon="133.1971039"></trkpt>
    <trkpt lat="-23.7360614" lon="133.1970763"></trkpt>
    <trkpt lat="-23.7360776" lon="133.1970515"></trkpt>
    <trkpt lat="-23.7361570" lon="133.1969845"></trkpt>
    <trkpt lat="-23.7362006" lon="133.1968518"></trkpt>
    <trkpt lat="-23.7362698" lon="133.1967687"></trkpt>
    <trkpt lat="-23.7362709" lon="133.1967053"></trkpt>
    <trkpt lat="-23.7362911" lon="133.1966135"></trkpt>
    <trkpt lat="-23.7363044" lon="133.1964922"></trkpt>
    <trkpt lat="-23.7362968" lon="133.1964737"></trkpt>
    <trkpt lat="-23.7363005" lon="133.1963173"></trkpt>
    <trkpt lat="-23.7362637" lon="133.1962823"></trkpt>
    <trkpt lat="-23.7362756" lon="133.1961984"></trkpt>
    <trkpt lat="-23.7363048" lon="133.1960893"></trkpt>
    <trkpt lat="-23.7362889" lon="133.1960082"></trkpt>
    <trkpt lat="-23.7362402" lon="133.1958959"></trkpt>
    <trkpt lat="-23.7362154" lon="133.1958262"></trkpt>
    <trkpt lat="-23.7362114" lon="133.1957990"></trkpt>
    <trkpt lat="-23.7361934" lon="133.1957191"></trkpt>
    <trkpt lat="-23.7362128" lon="133.1955741"></trkpt>
    <trkpt lat="-23.7362453" lon="133.1955040"></trkpt>
    <trkpt lat="-23.7362983" lon="133.1954087"></trkpt>
    <trkpt lat="-23.7362936" lon="133.1953882"></trkpt>
    <trkpt lat="-23.7362940" lon="133.1952429"></trkpt>
    <trkpt lat="-23.7362987" lon="133.1952248"></trkpt>
    <trkpt lat="-23.7362997" lon="133.1952083"></trkpt>
    <trkpt lat="-23.7362914" lon="133.1951543"></trkpt>
    <trkpt lat="-23.7362911" lon="133.1951126"></trkpt>
    <trkpt lat="-23.7362911" lon="133.1951055"></trkpt>
    <trkpt lat="-23.7362568" lon="133.1950003"></trkpt>
    <trkpt lat="-23.7362622" lon="133.1949645"></trkpt>
    <trkpt lat="-23.7362338" lon="133.1949164"></trkpt>
    <trkpt lat="-23.7362795" lon="133.1947282"></trkpt>
    <trkpt lat="-23.7362936" lon="133.1946970"></trkpt>
    <trkpt lat="-23.7362381" lon="133.1944273"></trkpt>
    <trkpt lat="-23.7362024" lon="133.1943863"></trkpt>
    <trkpt lat="-23.7361725" lon="133.1942630"></trkpt>
    <trkpt lat="-23.7361105" lon="133.1942477"></trkpt>
    <trkpt lat="-23.7361054" lon="133.1942240"></trkpt>
    <trkpt lat="-23.7360820" lon="133.1942028"></trkpt>
    <trkpt lat="-23.7360423" lon="133.1940330"></trkpt>
    <trkpt lat="-23.7360438" lon="133.1939664"></trkpt>
    <trkpt lat="-23.7360791" lon="133.1938924"></trkpt>
    <trkpt lat="-23.7360834" lon="133.1938684"></trkpt>
    <trkpt lat="-23.7360755" lon="133.1937837"></trkpt>
    <trkpt lat="-23.7360881" lon="133.1937664"></trkpt>
    <trkpt lat="-23.7360899" lon="133.1937014"></trkpt>
    <trkpt lat="-23.7360960" lon="133.1935490"></trkpt>
    <trkpt lat="-23.7361094" lon="133.1935230"></trkpt>
    <trkpt lat="-23.7362071" lon="133.1934407"></trkpt>
    <trkpt lat="-23.7362420" lon="133.1934210"></trkpt>
    <trkpt lat="-23.7362792" lon="133.1934363"></trkpt>
    <trkpt lat="-23.7362878" lon="133.1933875"></trkpt>
    <trkpt lat="-23.7363113" lon="133.1933926"></trkpt>
    <trkpt lat="-23.7363599" lon="133.1933961"></trkpt>
    <trkpt lat="-23.7365240" lon="133.1933591"></trkpt>
    <trkpt lat="-23.7365532" lon="133.1932993"></trkpt>
    <trkpt lat="-23.7366138" lon="133.1932709"></trkpt>
    <trkpt lat="-23.7367111" lon="133.1932776"></trkpt>
    <trkpt lat="-23.7367464" lon="133.1932315"></trkpt>
    <trkpt lat="-23.7367554" lon="133.1932032"></trkpt>
    <trkpt lat="-23.7367706" lon="133.1930929"></trkpt>
    <trkpt lat="-23.7368229" lon="133.1930649"></trkpt>
    <trkpt lat="-23.7368632" lon="133.1929133"></trkpt>
    <trkpt lat="-23.7368661" lon="133.1928715"></trkpt>
    <trkpt lat="-23.7369328" lon="133.1926786"></trkpt>
    <trkpt lat="-23.7369372" lon="133.1926277"></trkpt>
    <trkpt lat="-23.7369454" lon="133.1926041"></trkpt>
    <trkpt lat="-23.7370075" lon="133.1925064"></trkpt>
    <trkpt lat="-23.7370255" lon="133.1924210"></trkpt>
    <trkpt lat="-23.7370100" lon="133.1923808"></trkpt>
    <trkpt lat="-23.7371351" lon="133.1921847"></trkpt>
    <trkpt lat="-23.7373164" lon="133.1921886"></trkpt>
    <trkpt lat="-23.7374711" lon="133.1922020"></trkpt>
    <trkpt lat="-23.7374924" lon="133.1921929"></trkpt>
    <trkpt lat="-23.7376741" lon="133.1921784"></trkpt>
    <trkpt lat="-23.7377761" lon="133.1921323"></trkpt>
    <trkpt lat="-23.7378432" lon="133.1920322"></trkpt>
    <trkpt lat="-23.7379005" lon="133.1919870"></trkpt>
    <trkpt lat="-23.7379402" lon="133.1919747"></trkpt>
    <trkpt lat="-23.7380948" lon="133.1919680"></trkpt>
    <trkpt lat="-23.7381255" lon="133.1919925"></trkpt>
    <trkpt lat="-23.7383288" lon="133.1920468"></trkpt>
    <trkpt lat="-23.7383969" lon="133.1920795"></trkpt>
    <trkpt lat="-23.7384204" lon="133.1920724"></trkpt>
    <trkpt lat="-23.7384716" lon="133.1920244"></trkpt>
    <trkpt lat="-23.7385740" lon="133.1920059"></trkpt>
    <trkpt lat="-23.7385743" lon="133.1919870"></trkpt>
    <trkpt lat="-23.7386190" lon="133.1919460"></trkpt>
    <trkpt lat="-23.7386342" lon="133.1919109"></trkpt>
    <trkpt lat="-23.7387459" lon="133.1918629"></trkpt>
    <trkpt lat="-23.7389266" lon="133.1917365"></trkpt>
    <trkpt lat="-23.7390455" lon="133.1916857"></trkpt>
    <trkpt lat="-23.7391155" lon="133.1916408"></trkpt>
    <trkpt lat="-23.7391732" lon="133.1915494"></trkpt>
    <trkpt lat="-23.7391962" lon="133.1915317"></trkpt>
    <trkpt lat="-23.7392784" lon="133.1915813"></trkpt>
    <trkpt lat="-23.7394201" lon="133.1915088"></trkpt>
    <trkpt lat="-23.7394663" lon="133.1914942"></trkpt>
    <trkpt lat="-23.7395221" lon="133.1914836"></trkpt>
    <trkpt lat="-23.7396310" lon="133.1914690"></trkpt>
    <trkpt lat="-23.7397049" lon="133.1915226"></trkpt>
    <trkpt lat="-23.7397738" lon="133.1915321"></trkpt>
    <trkpt lat="-23.7398199" lon="133.1915261"></trkpt>
    <trkpt lat="-23.7399934" lon="133.1915588"></trkpt>
    <trkpt lat="-23.7400734" lon="133.1915313"></trkpt>
    <trkpt lat="-23.7402713" lon="133.1915419"></trkpt>
    <trkpt lat="-23.7404382" lon="133.1915092"></trkpt>
    <trkpt lat="-23.7405399" lon="133.1915061"></trkpt>
    <trkpt lat="-23.7406798" lon="133.1915108"></trkpt>
    <trkpt lat="-23.7407753" lon="133.1914958"></trkpt>
    <trkpt lat="-23.7407919" lon="133.1914797"></trkpt>
    <trkpt lat="-23.7408236" lon="133.1914793"></trkpt>
    <trkpt lat="-23.7408554" lon="133.1914521"></trkpt>
    <trkpt lat="-23.7408554" lon="133.1914324"></trkpt>
    <trkpt lat="-23.7409195" lon="133.1914139"></trkpt>
    <trkpt lat="-23.7410454" lon="133.1913934"></trkpt>
    <trkpt lat="-23.7410753" lon="133.1913765"></trkpt>
    <trkpt lat="-23.7411697" lon="133.1912024"></trkpt>
    <trkpt lat="-23.7413179" lon="133.1910291"></trkpt>
    <trkpt lat="-23.7414250" lon="133.1908653"></trkpt>
    <trkpt lat="-23.7415768" lon="133.1907637"></trkpt>
    <trkpt lat="-23.7416092" lon="133.1906849"></trkpt>
    <trkpt lat="-23.7416233" lon="133.1906325"></trkpt>
    <trkpt lat="-23.7416766" lon="133.1905222"></trkpt>
    <trkpt lat="-23.7416885" lon="133.1904903"></trkpt>
    <trkpt lat="-23.7416669" lon="133.1904084"></trkpt>
    <trkpt lat="-23.7418158" lon="133.1902430"></trkpt>
    <trkpt lat="-23.7419942" lon="133.1900390"></trkpt>
    <trkpt lat="-23.7421446" lon="133.1898854"></trkpt>
    <trkpt lat="-23.7421514" lon="133.1898586"></trkpt>
    <trkpt lat="-23.7421749" lon="133.1898267"></trkpt>
    <trkpt lat="-23.7422307" lon="133.1897794"></trkpt>
    <trkpt lat="-23.7422866" lon="133.1896081"></trkpt>
    <trkpt lat="-23.7422473" lon="133.1894742"></trkpt>
    <trkpt lat="-23.7422812" lon="133.1893489"></trkpt>
    <trkpt lat="-23.7422315" lon="133.1891760"></trkpt>
    <trkpt lat="-23.7422336" lon="133.1891634"></trkpt>
    <trkpt lat="-23.7423061" lon="133.1890244"></trkpt>
    <trkpt lat="-23.7424063" lon="133.1888866"></trkpt>
    <trkpt lat="-23.7424233" lon="133.1888515"></trkpt>
    <trkpt lat="-23.7424928" lon="133.1888090"></trkpt>
    <trkpt lat="-23.7425231" lon="133.1887495"></trkpt>
    <trkpt lat="-23.7425869" lon="133.1886873"></trkpt>
    <trkpt lat="-23.7426096" lon="133.1886447"></trkpt>
    <trkpt lat="-23.7426078" lon="133.1885691"></trkpt>
    <trkpt lat="-23.7426479" lon="133.1884655"></trkpt>
    <trkpt lat="-23.7427088" lon="133.1883600"></trkpt>
    <trkpt lat="-23.7427286" lon="133.1883493"></trkpt>
    <trkpt lat="-23.7427813" lon="133.1882316"></trkpt>
    <trkpt lat="-23.7428335" lon="133.1881445"></trkpt>
    <trkpt lat="-23.7428764" lon="133.1880347"></trkpt>
    <trkpt lat="-23.7428822" lon="133.1879307"></trkpt>
    <trkpt lat="-23.7429067" lon="133.1878318"></trkpt>
    <trkpt lat="-23.7428977" lon="133.1877854"></trkpt>
    <trkpt lat="-23.7428649" lon="133.1877483"></trkpt>
    <trkpt lat="-23.7428613" lon="133.1876058"></trkpt>
    <trkpt lat="-23.7428876" lon="133.1874821"></trkpt>
    <trkpt lat="-23.7429276" lon="133.1874439"></trkpt>
    <trkpt lat="-23.7429940" lon="133.1872989"></trkpt>
    <trkpt lat="-23.7430019" lon="133.1872584"></trkpt>
    <trkpt lat="-23.7430185" lon="133.1872304"></trkpt>
    <trkpt lat="-23.7430801" lon="133.1871843"></trkpt>
    <trkpt lat="-23.7431389" lon="133.1871229"></trkpt>
    <trkpt lat="-23.7431915" lon="133.1871016"></trkpt>
    <trkpt lat="-23.7432503" lon="133.1869642"></trkpt>
    <trkpt lat="-23.7433152" lon="133.1868842"></trkpt>
    <trkpt lat="-23.7433653" lon="133.1868043"></trkpt>
    <trkpt lat="-23.7433339" lon="133.1866645"></trkpt>
    <trkpt lat="-23.7433155" lon="133.1865550"></trkpt>
    <trkpt lat="-23.7433260" lon="133.1864057"></trkpt>
    <trkpt lat="-23.7433757" lon="133.1862769"></trkpt>
    <trkpt lat="-23.7433660" lon="133.1861300"></trkpt>
    <trkpt lat="-23.7433693" lon="133.1859626"></trkpt>
    <trkpt lat="-23.7432943" lon="133.1858161"></trkpt>
    <trkpt lat="-23.7432856" lon="133.1857661"></trkpt>
    <trkpt lat="-23.7433026" lon="133.1857291"></trkpt>
    <trkpt lat="-23.7433101" lon="133.1856802"></trkpt>
    <trkpt lat="-23.7433613" lon="133.1855810"></trkpt>
    <trkpt lat="-23.7433804" lon="133.1855026"></trkpt>
    <trkpt lat="-23.7433887" lon="133.1854553"></trkpt>
    <trkpt lat="-23.7433902" lon="133.1854148"></trkpt>
    <trkpt lat="-23.7434522" lon="133.1853478"></trkpt>
    <trkpt lat="-23.7434680" lon="133.1853230"></trkpt>
    <trkpt lat="-23.7434980" lon="133.1852631"></trkpt>
    <trkpt lat="-23.7435113" lon="133.1851544"></trkpt>
    <trkpt lat="-23.7435452" lon="133.1850934"></trkpt>
    <trkpt lat="-23.7435672" lon="133.1850591"></trkpt>
    <trkpt lat="-23.7435373" lon="133.1849457"></trkpt>
    <trkpt lat="-23.7435077" lon="133.1849035"></trkpt>
    <trkpt lat="-23.7435124" lon="133.1848397"></trkpt>
    <trkpt lat="-23.7435210" lon="133.1847964"></trkpt>
    <trkpt lat="-23.7435236" lon="133.1847492"></trkpt>
    <trkpt lat="-23.7435135" lon="133.1846810"></trkpt>
    <trkpt lat="-23.7435142" lon="133.1846424"></trkpt>
    <trkpt lat="-23.7435347" lon="133.1845802"></trkpt>
    <trkpt lat="-23.7435391" lon="133.1845542"></trkpt>
    <trkpt lat="-23.7435758" lon="133.1844412"></trkpt>
    <trkpt lat="-23.7436681" lon="133.1843770"></trkpt>
    <trkpt lat="-23.7437096" lon="133.1842761"></trkpt>
    <trkpt lat="-23.7437038" lon="133.1841970"></trkpt>
    <trkpt lat="-23.7436797" lon="133.1841158"></trkpt>
    <trkpt lat="-23.7436879" lon="133.1840733"></trkpt>
    <trkpt lat="-23.7437262" lon="133.1840241"></trkpt>
    <trkpt lat="-23.7437406" lon="133.1839567"></trkpt>
    <trkpt lat="-23.7437395" lon="133.1839355"></trkpt>
    <trkpt lat="-23.7437193" lon="133.1838969"></trkpt>
    <trkpt lat="-23.7437193" lon="133.1837945"></trkpt>
    <trkpt lat="-23.7436137" lon="133.1835948"></trkpt>
    <trkpt lat="-23.7435697" lon="133.1834152"></trkpt>
    <trkpt lat="-23.7435690" lon="133.1833723"></trkpt>
    <trkpt lat="-23.7435913" lon="133.1832202"></trkpt>
    <trkpt lat="-23.7435798" lon="133.1831860"></trkpt>
    <trkpt lat="-23.7435564" lon="133.1830698"></trkpt>
    <trkpt lat="-23.7435427" lon="133.1830237"></trkpt>
    <trkpt lat="-23.7435300" lon="133.1829449"></trkpt>
    <trkpt lat="-23.7435441" lon="133.1828583"></trkpt>
    <trkpt lat="-23.7435589" lon="133.1827838"></trkpt>
    <trkpt lat="-23.7434810" lon="133.1826306"></trkpt>
    <trkpt lat="-23.7434781" lon="133.1826239"></trkpt>
    <trkpt lat="-23.7434331" lon="133.1824924"></trkpt>
    <trkpt lat="-23.7434186" lon="133.1824235"></trkpt>
    <trkpt lat="-23.7433927" lon="133.1823857"></trkpt>
    <trkpt lat="-23.7434341" lon="133.1821686"></trkpt>
    <trkpt lat="-23.7434125" lon="133.1821174"></trkpt>
    <trkpt lat="-23.7434067" lon="133.1820737"></trkpt>
    <trkpt lat="-23.7434104" lon="133.1820454"></trkpt>
    <trkpt lat="-23.7434450" lon="133.1820076"></trkpt>
    <trkpt lat="-23.7434529" lon="133.1819839"></trkpt>
    <trkpt lat="-23.7434370" lon="133.1818284"></trkpt>
    <trkpt lat="-23.7434129" lon="133.1817622"></trkpt>
    <trkpt lat="-23.7434244" lon="133.1817299"></trkpt>
    <trkpt lat="-23.7434295" lon="133.1817185"></trkpt>
    <trkpt lat="-23.7434612" lon="133.1817004"></trkpt>
    <trkpt lat="-23.7434673" lon="133.1816582"></trkpt>
    <trkpt lat="-23.7434907" lon="133.1816381"></trkpt>
    <trkpt lat="-23.7435510" lon="133.1816157"></trkpt>
    <trkpt lat="-23.7436508" lon="133.1816232"></trkpt>
    <trkpt lat="-23.7437406" lon="133.1816220"></trkpt>
    <trkpt lat="-23.7438487" lon="133.1815877"></trkpt>
    <trkpt lat="-23.7438967" lon="133.1815905"></trkpt>
    <trkpt lat="-23.7440398" lon="133.1815495"></trkpt>
    <trkpt lat="-23.7440849" lon="133.1815243"></trkpt>
    <trkpt lat="-23.7441350" lon="133.1814258"></trkpt>
    <trkpt lat="-23.7442053" lon="133.1813770"></trkpt>
    <trkpt lat="-23.7443243" lon="133.1812856"></trkpt>
    <trkpt lat="-23.7443654" lon="133.1812718"></trkpt>
    <trkpt lat="-23.7444335" lon="133.1811277"></trkpt>
    <trkpt lat="-23.7445171" lon="133.1810572"></trkpt>
    <trkpt lat="-23.7445474" lon="133.1810544"></trkpt>
    <trkpt lat="-23.7446325" lon="133.1809418"></trkpt>
    <trkpt lat="-23.7447158" lon="133.1808508"></trkpt>
    <trkpt lat="-23.7447230" lon="133.1808508"></trkpt>
    <trkpt lat="-23.7447944" lon="133.1808158"></trkpt>
    <trkpt lat="-23.7448549" lon="133.1807992"></trkpt>
    <trkpt lat="-23.7448910" lon="133.1807327"></trkpt>
    <trkpt lat="-23.7448924" lon="133.1807023"></trkpt>
    <trkpt lat="-23.7449032" lon="133.1806626"></trkpt>
    <trkpt lat="-23.7449007" lon="133.1805574"></trkpt>
    <trkpt lat="-23.7448722" lon="133.1804869"></trkpt>
    <trkpt lat="-23.7448946" lon="133.1803565"></trkpt>
    <trkpt lat="-23.7449418" lon="133.1803002"></trkpt>
    <trkpt lat="-23.7449389" lon="133.1801880"></trkpt>
    <trkpt lat="-23.7448593" lon="133.1800990"></trkpt>
    <trkpt lat="-23.7448405" lon="133.1800903"></trkpt>
    <trkpt lat="-23.7448012" lon="133.1800415"></trkpt>
    <trkpt lat="-23.7447944" lon="133.1798319"></trkpt>
    <trkpt lat="-23.7448063" lon="133.1798079"></trkpt>
    <trkpt lat="-23.7448052" lon="133.1797890"></trkpt>
    <trkpt lat="-23.7448016" lon="133.1797547"></trkpt>
    <trkpt lat="-23.7447713" lon="133.1796641"></trkpt>
    <trkpt lat="-23.7446858" lon="133.1795176"></trkpt>
    <trkpt lat="-23.7446891" lon="133.1794810"></trkpt>
    <trkpt lat="-23.7446689" lon="133.1793274"></trkpt>
    <trkpt lat="-23.7446797" lon="133.1791919"></trkpt>
    <trkpt lat="-23.7447327" lon="133.1790738"></trkpt>
    <trkpt lat="-23.7447432" lon="133.1790556"></trkpt>
    <trkpt lat="-23.7447587" lon="133.1790446"></trkpt>
    <trkpt lat="-23.7447843" lon="133.1790556"></trkpt>
    <trkpt lat="-23.7447987" lon="133.1790537"></trkpt>
    <trkpt lat="-23.7448574" lon="133.1789536"></trkpt>
    <trkpt lat="-23.7450186" lon="133.1789595"></trkpt>
    <trkpt lat="-23.7450842" lon="133.1789477"></trkpt>
    <trkpt lat="-23.7452573" lon="133.1788229"></trkpt>
    <trkpt lat="-23.7454137" lon="133.1787284"></trkpt>
    <trkpt lat="-23.7454833" lon="133.1786988"></trkpt>
    <trkpt lat="-23.7455345" lon="133.1786122"></trkpt>
    <trkpt lat="-23.7455579" lon="133.1785157"></trkpt>
    <trkpt lat="-23.7456138" lon="133.1784531"></trkpt>
    <trkpt lat="-23.7456715" lon="133.1784314"></trkpt>
    <trkpt lat="-23.7457169" lon="133.1784302"></trkpt>
    <trkpt lat="-23.7457998" lon="133.1784389"></trkpt>
    <trkpt lat="-23.7458128" lon="133.1784196"></trkpt>
    <trkpt lat="-23.7459217" lon="133.1784373"></trkpt>
    <trkpt lat="-23.7460021" lon="133.1784617"></trkpt>
    <trkpt lat="-23.7460464" lon="133.1784633"></trkpt>
    <trkpt lat="-23.7462180" lon="133.1784093"></trkpt>
    <trkpt lat="-23.7463453" lon="133.1782699"></trkpt>
    <trkpt lat="-23.7464613" lon="133.1782742"></trkpt>
    <trkpt lat="-23.7466214" lon="133.1782920"></trkpt>
    <trkpt lat="-23.7467530" lon="133.1782097"></trkpt>
    <trkpt lat="-23.7467952" lon="133.1781120"></trkpt>
    <trkpt lat="-23.7468828" lon="133.1780576"></trkpt>
    <trkpt lat="-23.7468950" lon="133.1778914"></trkpt>
    <trkpt lat="-23.7469455" lon="133.1777370"></trkpt>
    <trkpt lat="-23.7469300" lon="133.1777008"></trkpt>
    <trkpt lat="-23.7469715" lon="133.1776079"></trkpt>
    <trkpt lat="-23.7469967" lon="133.1775496"></trkpt>
    <trkpt lat="-23.7470039" lon="133.1775397"></trkpt>
    <trkpt lat="-23.7469949" lon="133.1773960"></trkpt>
    <trkpt lat="-23.7470266" lon="133.1773396"></trkpt>
    <trkpt lat="-23.7470396" lon="133.1773003"></trkpt>
    <trkpt lat="-23.7470501" lon="133.1771841"></trkpt>
    <trkpt lat="-23.7470796" lon="133.1769907"></trkpt>
    <trkpt lat="-23.7470511" lon="133.1769076"></trkpt>
    <trkpt lat="-23.7470252" lon="133.1766020"></trkpt>
    <trkpt lat="-23.7470540" lon="133.1762349"></trkpt>
    <trkpt lat="-23.7470598" lon="133.1760600"></trkpt>
    <trkpt lat="-23.7470875" lon="133.1759623"></trkpt>
    <trkpt lat="-23.7470890" lon="133.1757197"></trkpt>
    <trkpt lat="-23.7470486" lon="133.1756146"></trkpt>
    <trkpt lat="-23.7470565" lon="133.1752062"></trkpt>
    <trkpt lat="-23.7470317" lon="133.1751372"></trkpt>
    <trkpt lat="-23.7469909" lon="133.1749328"></trkpt>
    <trkpt lat="-23.7469152" lon="133.1744811"></trkpt>
    <trkpt lat="-23.7469603" lon="133.1743692"></trkpt>
    <trkpt lat="-23.7470684" lon="133.1742861"></trkpt>
    <trkpt lat="-23.7471185" lon="133.1742294"></trkpt>
    <trkpt lat="-23.7471881" lon="133.1741687"></trkpt>
    <trkpt lat="-23.7472667" lon="133.1741183"></trkpt>
    <trkpt lat="-23.7473186" lon="133.1740876"></trkpt>
    <trkpt lat="-23.7473377" lon="133.1740467"></trkpt>
    <trkpt lat="-23.7474116" lon="133.1740183"></trkpt>
    <trkpt lat="-23.7474740" lon="133.1738564"></trkpt>
    <trkpt lat="-23.7474899" lon="133.1738336"></trkpt>
    <trkpt lat="-23.7475522" lon="133.1738198"></trkpt>
    <trkpt lat="-23.7475923" lon="133.1738265"></trkpt>
    <trkpt lat="-23.7476395" lon="133.1737907"></trkpt>
    <trkpt lat="-23.7477069" lon="133.1738170"></trkpt>
    <trkpt lat="-23.7477253" lon="133.1738005"></trkpt>
    <trkpt lat="-23.7477788" lon="133.1737123"></trkpt>
    <trkpt lat="-23.7477961" lon="133.1736583"></trkpt>
    <trkpt lat="-23.7478149" lon="133.1736414"></trkpt>
    <trkpt lat="-23.7479685" lon="133.1735819"></trkpt>
    <trkpt lat="-23.7480222" lon="133.1735397"></trkpt>
    <trkpt lat="-23.7480788" lon="133.1734385"></trkpt>
    <trkpt lat="-23.7481098" lon="133.1734031"></trkpt>
    <trkpt lat="-23.7481412" lon="133.1733519"></trkpt>
    <trkpt lat="-23.7481884" lon="133.1733184"></trkpt>
    <trkpt lat="-23.7483092" lon="133.1732688"></trkpt>
    <trkpt lat="-23.7483340" lon="133.1732680"></trkpt>
    <trkpt lat="-23.7484595" lon="133.1731644"></trkpt>
    <trkpt lat="-23.7484739" lon="133.1731415"></trkpt>
    <trkpt lat="-23.7485111" lon="133.1731494"></trkpt>
    <trkpt lat="-23.7485641" lon="133.1731707"></trkpt>
    <trkpt lat="-23.7486618" lon="133.1731604"></trkpt>
    <trkpt lat="-23.7487072" lon="133.1730198"></trkpt>
    <trkpt lat="-23.7489408" lon="133.1729666"></trkpt>
    <trkpt lat="-23.7489927" lon="133.1729048"></trkpt>
    <trkpt lat="-23.7490630" lon="133.1728627"></trkpt>
    <trkpt lat="-23.7490876" lon="133.1727705"></trkpt>
    <trkpt lat="-23.7491279" lon="133.1727004"></trkpt>
    <trkpt lat="-23.7491308" lon="133.1726870"></trkpt>
    <trkpt lat="-23.7491420" lon="133.1726374"></trkpt>
    <trkpt lat="-23.7490962" lon="133.1724975"></trkpt>
    <trkpt lat="-23.7493161" lon="133.1722383"></trkpt>
    <trkpt lat="-23.7494369" lon="133.1722253"></trkpt>
    <trkpt lat="-23.7496067" lon="133.1721214"></trkpt>
    <trkpt lat="-23.7498270" lon="133.1721749"></trkpt>
    <trkpt lat="-23.7498887" lon="133.1721722"></trkpt>
    <trkpt lat="-23.7499168" lon="133.1721639"></trkpt>
    <trkpt lat="-23.7499885" lon="133.1722025"></trkpt>
    <trkpt lat="-23.7500671" lon="133.1722234"></trkpt>
    <trkpt lat="-23.7500794" lon="133.1722368"></trkpt>
    <trkpt lat="-23.7500797" lon="133.1723431"></trkpt>
    <trkpt lat="-23.7500761" lon="133.1723746"></trkpt>
    <trkpt lat="-23.7501619" lon="133.1723872"></trkpt>
    <trkpt lat="-23.7502189" lon="133.1723900"></trkpt>
    <trkpt lat="-23.7504222" lon="133.1724475"></trkpt>
    <trkpt lat="-23.7504280" lon="133.1724621"></trkpt>
    <trkpt lat="-23.7504842" lon="133.1725180"></trkpt>
    <trkpt lat="-23.7504803" lon="133.1726177"></trkpt>
    <trkpt lat="-23.7505805" lon="133.1726381"></trkpt>
    <trkpt lat="-23.7506011" lon="133.1726204"></trkpt>
    <trkpt lat="-23.7507788" lon="133.1725255"></trkpt>
    <trkpt lat="-23.7509255" lon="133.1724703"></trkpt>
    <trkpt lat="-23.7509767" lon="133.1724369"></trkpt>
    <trkpt lat="-23.7510048" lon="133.1724581"></trkpt>
    <trkpt lat="-23.7510247" lon="133.1724570"></trkpt>
    <trkpt lat="-23.7510384" lon="133.1724377"></trkpt>
    <trkpt lat="-23.7510687" lon="133.1724180"></trkpt>
    <trkpt lat="-23.7510906" lon="133.1723754"></trkpt>
    <trkpt lat="-23.7510914" lon="133.1722962"></trkpt>
    <trkpt lat="-23.7511584" lon="133.1722183"></trkpt>
    <trkpt lat="-23.7512039" lon="133.1721927"></trkpt>
    <trkpt lat="-23.7512493" lon="133.1721052"></trkpt>
    <trkpt lat="-23.7512749" lon="133.1720386"></trkpt>
    <trkpt lat="-23.7513430" lon="133.1720020"></trkpt>
    <trkpt lat="-23.7514425" lon="133.1719016"></trkpt>
    <trkpt lat="-23.7515121" lon="133.1717783"></trkpt>
    <trkpt lat="-23.7515312" lon="133.1717858"></trkpt>
    <trkpt lat="-23.7515730" lon="133.1717688"></trkpt>
    <trkpt lat="-23.7516534" lon="133.1716696"></trkpt>
    <trkpt lat="-23.7516754" lon="133.1715746"></trkpt>
    <trkpt lat="-23.7516401" lon="133.1714616"></trkpt>
    <trkpt lat="-23.7516322" lon="133.1713840"></trkpt>
    <trkpt lat="-23.7516736" lon="133.1713367"></trkpt>
    <trkpt lat="-23.7517248" lon="133.1713111"></trkpt>
    <trkpt lat="-23.7517540" lon="133.1712997"></trkpt>
    <trkpt lat="-23.7519415" lon="133.1713545"></trkpt>
    <trkpt lat="-23.7521236" lon="133.1714466"></trkpt>
    <trkpt lat="-23.7522400" lon="133.1714581"></trkpt>
    <trkpt lat="-23.7523301" lon="133.1714774"></trkpt>
    <trkpt lat="-23.7523975" lon="133.1715290"></trkpt>
    <trkpt lat="-23.7525940" lon="133.1716337"></trkpt>
    <trkpt lat="-23.7526290" lon="133.1716467"></trkpt>
    <trkpt lat="-23.7527469" lon="133.1716711"></trkpt>
    <trkpt lat="-23.7527844" lon="133.1716574"></trkpt>
    <trkpt lat="-23.7528273" lon="133.1716184"></trkpt>
    <trkpt lat="-23.7529931" lon="133.1715494"></trkpt>
    <trkpt lat="-23.7531536" lon="133.1715672"></trkpt>
    <trkpt lat="-23.7532094" lon="133.1715443"></trkpt>
    <trkpt lat="-23.7532404" lon="133.1715199"></trkpt>
    <trkpt lat="-23.7533165" lon="133.1715037"></trkpt>
    <trkpt lat="-23.7533576" lon="133.1715301"></trkpt>
    <trkpt lat="-23.7534369" lon="133.1715380"></trkpt>
    <trkpt lat="-23.7535988" lon="133.1714159"></trkpt>
    <trkpt lat="-23.7536550" lon="133.1714045"></trkpt>
    <trkpt lat="-23.7537138" lon="133.1714100"></trkpt>
    <trkpt lat="-23.7538317" lon="133.1713911"></trkpt>
    <trkpt lat="-23.7538923" lon="133.1713730"></trkpt>
    <trkpt lat="-23.7539615" lon="133.1714297"></trkpt>
    <trkpt lat="-23.7540195" lon="133.1714269"></trkpt>
    <trkpt lat="-23.7540632" lon="133.1714336"></trkpt>
    <trkpt lat="-23.7541143" lon="133.1713840"></trkpt>
    <trkpt lat="-23.7541353" lon="133.1713312"></trkpt>
    <trkpt lat="-23.7541425" lon="133.1713241"></trkpt>
    <trkpt lat="-23.7542084" lon="133.1711910"></trkpt>
    <trkpt lat="-23.7544237" lon="133.1711299"></trkpt>
    <trkpt lat="-23.7544521" lon="133.1711130"></trkpt>
    <trkpt lat="-23.7545462" lon="133.1711150"></trkpt>
    <trkpt lat="-23.7547305" lon="133.1710472"></trkpt>
    <trkpt lat="-23.7547326" lon="133.1710212"></trkpt>
    <trkpt lat="-23.7548112" lon="133.1708794"></trkpt>
    <trkpt lat="-23.7548422" lon="133.1708467"></trkpt>
    <trkpt lat="-23.7548740" lon="133.1707833"></trkpt>
    <trkpt lat="-23.7549035" lon="133.1706849"></trkpt>
    <trkpt lat="-23.7550481" lon="133.1706447"></trkpt>
    <trkpt lat="-23.7552017" lon="133.1706289"></trkpt>
    <trkpt lat="-23.7552438" lon="133.1706392"></trkpt>
    <trkpt lat="-23.7554609" lon="133.1706077"></trkpt>
    <trkpt lat="-23.7555124" lon="133.1705687"></trkpt>
    <trkpt lat="-23.7555766" lon="133.1705624"></trkpt>
    <trkpt lat="-23.7556263" lon="133.1705324"></trkpt>
    <trkpt lat="-23.7556833" lon="133.1705076"></trkpt>
    <trkpt lat="-23.7557821" lon="133.1705352"></trkpt>
    <trkpt lat="-23.7558275" lon="133.1705265"></trkpt>
    <trkpt lat="-23.7559162" lon="133.1705509"></trkpt>
    <trkpt lat="-23.7561484" lon="133.1705517"></trkpt>
    <trkpt lat="-23.7561606" lon="133.1705466"></trkpt>
    <trkpt lat="-23.7562792" lon="133.1705505"></trkpt>
    <trkpt lat="-23.7563153" lon="133.1704993"></trkpt>
    <trkpt lat="-23.7563632" lon="133.1704485"></trkpt>
    <trkpt lat="-23.7564159" lon="133.1703997"></trkpt>
    <trkpt lat="-23.7564609" lon="133.1703000"></trkpt>
    <trkpt lat="-23.7564245" lon="133.1702658"></trkpt>
    <trkpt lat="-23.7563355" lon="133.1701425"></trkpt>
    <trkpt lat="-23.7563301" lon="133.1701125"></trkpt>
    <trkpt lat="-23.7563074" lon="133.1700806"></trkpt>
    <trkpt lat="-23.7563481" lon="133.1699833"></trkpt>
    <trkpt lat="-23.7563261" lon="133.1699250"></trkpt>
    <trkpt lat="-23.7563293" lon="133.1697100"></trkpt>
    <trkpt lat="-23.7563084" lon="133.1696497"></trkpt>
    <trkpt lat="-23.7563297" lon="133.1695631"></trkpt>
    <trkpt lat="-23.7563221" lon="133.1695225"></trkpt>
    <trkpt lat="-23.7563328" lon="133.1694933"></trkpt>
    <trkpt lat="-23.7563137" lon="133.1693500"></trkpt>
    <trkpt lat="-23.7563165" lon="133.1691447"></trkpt>
    <trkpt lat="-23.7563245" lon="133.1691215"></trkpt>
    <trkpt lat="-23.7563122" lon="133.1690242"></trkpt>
    <trkpt lat="-23.7562978" lon="133.1689694"></trkpt>
    <trkpt lat="-23.7563378" lon="133.1688781"></trkpt>
    <trkpt lat="-23.7563537" lon="133.1688264"></trkpt>
    <trkpt lat="-23.7563962" lon="133.1687674"></trkpt>
    <trkpt lat="-23.7564723" lon="133.1687130"></trkpt>
    <trkpt lat="-23.7565336" lon="133.1686606"></trkpt>
    <trkpt lat="-23.7566172" lon="133.1686283"></trkpt>
    <trkpt lat="-23.7566944" lon="133.1685129"></trkpt>
    <trkpt lat="-23.7567715" lon="133.1684912"></trkpt>
    <trkpt lat="-23.7569302" lon="133.1684042"></trkpt>
    <trkpt lat="-23.7569417" lon="133.1683798"></trkpt>
    <trkpt lat="-23.7569392" lon="133.1683167"></trkpt>
    <trkpt lat="-23.7568916" lon="133.1681757"></trkpt>
    <trkpt lat="-23.7567770" lon="133.1681446"></trkpt>
    <trkpt lat="-23.7567254" lon="133.1681146"></trkpt>
    <trkpt lat="-23.7567308" lon="133.1680595"></trkpt>
    <trkpt lat="-23.7567299" lon="133.1680244"></trkpt>
    <trkpt lat="-23.7567286" lon="133.1679744"></trkpt>
    <trkpt lat="-23.7566592" lon="133.1679304"></trkpt>
    <trkpt lat="-23.7566627" lon="133.1679145"></trkpt>
    <trkpt lat="-23.7566630" lon="133.1678416"></trkpt>
    <trkpt lat="-23.7566587" lon="133.1677861"></trkpt>
    <trkpt lat="-23.7566640" lon="133.1677797"></trkpt>
    <trkpt lat="-23.7566469" lon="133.1677104"></trkpt>
    <trkpt lat="-23.7566576" lon="133.1676443"></trkpt>
    <trkpt lat="-23.7566518" lon="133.1675959"></trkpt>
    <trkpt lat="-23.7566548" lon="133.1675399"></trkpt>
    <trkpt lat="-23.7566421" lon="133.1675173"></trkpt>
    <trkpt lat="-23.7566260" lon="133.1674906"></trkpt>
    <trkpt lat="-23.7566255" lon="133.1674057"></trkpt>
    <trkpt lat="-23.7566115" lon="133.1673738"></trkpt>
    <trkpt lat="-23.7566327" lon="133.1673296"></trkpt>
    <trkpt lat="-23.7566526" lon="133.1673099"></trkpt>
    <trkpt lat="-23.7566637" lon="133.1672418"></trkpt>
    <trkpt lat="-23.7566436" lon="133.1671354"></trkpt>
    <trkpt lat="-23.7566320" lon="133.1670980"></trkpt>
    <trkpt lat="-23.7566151" lon="133.1670748"></trkpt>
    <trkpt lat="-23.7566320" lon="133.1670003"></trkpt>
    <trkpt lat="-23.7566410" lon="133.1669767"></trkpt>
    <trkpt lat="-23.7566695" lon="133.1668294"></trkpt>
    <trkpt lat="-23.7566555" lon="133.1668042"></trkpt>
    <trkpt lat="-23.7566288" lon="133.1667340"></trkpt>
    <trkpt lat="-23.7566508" lon="133.1665757"></trkpt>
    <trkpt lat="-23.7566399" lon="133.1665363"></trkpt>
    <trkpt lat="-23.7566421" lon="133.1663842"></trkpt>
    <trkpt lat="-23.7566234" lon="133.1663559"></trkpt>
    <trkpt lat="-23.7565790" lon="133.1661247"></trkpt>
    <trkpt lat="-23.7565505" lon="133.1660723"></trkpt>
    <trkpt lat="-23.7564867" lon="133.1658572"></trkpt>
    <trkpt lat="-23.7564856" lon="133.1658312"></trkpt>
    <trkpt lat="-23.7564802" lon="133.1658186"></trkpt>
    <trkpt lat="-23.7564745" lon="133.1657843"></trkpt>
    <trkpt lat="-23.7564773" lon="133.1657126"></trkpt>
    <trkpt lat="-23.7564435" lon="133.1655917"></trkpt>
    <trkpt lat="-23.7564568" lon="133.1655661"></trkpt>
    <trkpt lat="-23.7564377" lon="133.1654715"></trkpt>
    <trkpt lat="-23.7564409" lon="133.1654239"></trkpt>
    <trkpt lat="-23.7563627" lon="133.1652435"></trkpt>
    <trkpt lat="-23.7563447" lon="133.1651560"></trkpt>
    <trkpt lat="-23.7562704" lon="133.1650122"></trkpt>
    <trkpt lat="-23.7562668" lon="133.1649953"></trkpt>
    <trkpt lat="-23.7562690" lon="133.1649780"></trkpt>
    <trkpt lat="-23.7563573" lon="133.1648921"></trkpt>
    <trkpt lat="-23.7563807" lon="133.1648507"></trkpt>
    <trkpt lat="-23.7563869" lon="133.1647948"></trkpt>
    <trkpt lat="-23.7565242" lon="133.1646593"></trkpt>
    <trkpt lat="-23.7566252" lon="133.1645057"></trkpt>
    <trkpt lat="-23.7566803" lon="133.1644769"></trkpt>
    <trkpt lat="-23.7566893" lon="133.1644639"></trkpt>
    <trkpt lat="-23.7567456" lon="133.1644123"></trkpt>
    <trkpt lat="-23.7568025" lon="133.1644009"></trkpt>
    <trkpt lat="-23.7569233" lon="133.1643540"></trkpt>
    <trkpt lat="-23.7570300" lon="133.1643591"></trkpt>
    <trkpt lat="-23.7570683" lon="133.1643355"></trkpt>
    <trkpt lat="-23.7571483" lon="133.1642528"></trkpt>
    <trkpt lat="-23.7572456" lon="133.1641866"></trkpt>
    <trkpt lat="-23.7572496" lon="133.1641389"></trkpt>
    <trkpt lat="-23.7572467" lon="133.1640428"></trkpt>
    <trkpt lat="-23.7571418" lon="133.1638258"></trkpt>
    <trkpt lat="-23.7571209" lon="133.1637939"></trkpt>
    <trkpt lat="-23.7570571" lon="133.1637178"></trkpt>
    <trkpt lat="-23.7570538" lon="133.1636745"></trkpt>
    <trkpt lat="-23.7570528" lon="133.1636568"></trkpt>
    <trkpt lat="-23.7570376" lon="133.1636209"></trkpt>
    <trkpt lat="-23.7570726" lon="133.1633531"></trkpt>
    <trkpt lat="-23.7570737" lon="133.1633097"></trkpt>
    <trkpt lat="-23.7570437" lon="133.1632743"></trkpt>
    <trkpt lat="-23.7570005" lon="133.1631868"></trkpt>
    <trkpt lat="-23.7570044" lon="133.1631652"></trkpt>
    <trkpt lat="-23.7569785" lon="133.1631057"></trkpt>
    <trkpt lat="-23.7569976" lon="133.1630962"></trkpt>
    <trkpt lat="-23.7570117" lon="133.1630084"></trkpt>
    <trkpt lat="-23.7570030" lon="133.1629525"></trkpt>
    <trkpt lat="-23.7570084" lon="133.1629269"></trkpt>
    <trkpt lat="-23.7570358" lon="133.1628528"></trkpt>
    <trkpt lat="-23.7571360" lon="133.1627606"></trkpt>
    <trkpt lat="-23.7571443" lon="133.1627429"></trkpt>
    <trkpt lat="-23.7571537" lon="133.1627212"></trkpt>
    <trkpt lat="-23.7572240" lon="133.1626448"></trkpt>
    <trkpt lat="-23.7572507" lon="133.1626346"></trkpt>
    <trkpt lat="-23.7573571" lon="133.1624955"></trkpt>
    <trkpt lat="-23.7573953" lon="133.1624624"></trkpt>
    <trkpt lat="-23.7574328" lon="133.1624037"></trkpt>
    <trkpt lat="-23.7574612" lon="133.1622757"></trkpt>
    <trkpt lat="-23.7574519" lon="133.1622206"></trkpt>
    <trkpt lat="-23.7574782" lon="133.1621698"></trkpt>
    <trkpt lat="-23.7574555" lon="133.1620563"></trkpt>
    <trkpt lat="-23.7574612" lon="133.1620268"></trkpt>
    <trkpt lat="-23.7574998" lon="133.1618676"></trkpt>
    <trkpt lat="-23.7575027" lon="133.1618479"></trkpt>
    <trkpt lat="-23.7575672" lon="133.1617534"></trkpt>
    <trkpt lat="-23.7575723" lon="133.1617227"></trkpt>
    <trkpt lat="-23.7575261" lon="133.1616612"></trkpt>
    <trkpt lat="-23.7575229" lon="133.1616301"></trkpt>
    <trkpt lat="-23.7574584" lon="133.1615430"></trkpt>
    <trkpt lat="-23.7574421" lon="133.1614973"></trkpt>
    <trkpt lat="-23.7574439" lon="133.1614784"></trkpt>
    <trkpt lat="-23.7574638" lon="133.1613886"></trkpt>
    <trkpt lat="-23.7575013" lon="133.1612685"></trkpt>
    <trkpt lat="-23.7574944" lon="133.1612354"></trkpt>
    <trkpt lat="-23.7575009" lon="133.1611550"></trkpt>
    <trkpt lat="-23.7574937" lon="133.1611416"></trkpt>
    <trkpt lat="-23.7574418" lon="133.1610530"></trkpt>
    <trkpt lat="-23.7574385" lon="133.1609817"></trkpt>
    <trkpt lat="-23.7575020" lon="133.1607911"></trkpt>
    <trkpt lat="-23.7575135" lon="133.1607725"></trkpt>
    <trkpt lat="-23.7575193" lon="133.1607261"></trkpt>
    <trkpt lat="-23.7575712" lon="133.1606280"></trkpt>
    <trkpt lat="-23.7576256" lon="133.1605622"></trkpt>
    <trkpt lat="-23.7576729" lon="133.1604570"></trkpt>
    <trkpt lat="-23.7576696" lon="133.1604121"></trkpt>
    <trkpt lat="-23.7576008" lon="133.1603081"></trkpt>
    <trkpt lat="-23.7575831" lon="133.1602790"></trkpt>
    <trkpt lat="-23.7575371" lon="133.1602628"></trkpt>
    <trkpt lat="-23.7575267" lon="133.1602490"></trkpt>
    <trkpt lat="-23.7575177" lon="133.1601620"></trkpt>
    <trkpt lat="-23.7574283" lon="133.1599989"></trkpt>
    <trkpt lat="-23.7573096" lon="133.1598212"></trkpt>
    <trkpt lat="-23.7572476" lon="133.1597247"></trkpt>
    <trkpt lat="-23.7571470" lon="133.1596908"></trkpt>
    <trkpt lat="-23.7571113" lon="133.1596546"></trkpt>
    <trkpt lat="-23.7570111" lon="133.1596176"></trkpt>
    <trkpt lat="-23.7569646" lon="133.1596306"></trkpt>
    <trkpt lat="-23.7567703" lon="133.1596010"></trkpt>
    <trkpt lat="-23.7566376" lon="133.1595234"></trkpt>
    <trkpt lat="-23.7566149" lon="133.1595250"></trkpt>
    <trkpt lat="-23.7565359" lon="133.1594825"></trkpt>
    <trkpt lat="-23.7564090" lon="133.1594309"></trkpt>
    <trkpt lat="-23.7563315" lon="133.1594151"></trkpt>
    <trkpt lat="-23.7562515" lon="133.1593556"></trkpt>
    <trkpt lat="-23.7562533" lon="133.1593174"></trkpt>
    <trkpt lat="-23.7562522" lon="133.1592670"></trkpt>
    <trkpt lat="-23.7561638" lon="133.1591279"></trkpt>
    <trkpt lat="-23.7561343" lon="133.1589314"></trkpt>
    <trkpt lat="-23.7561527" lon="133.1588353"></trkpt>
    <trkpt lat="-23.7561693" lon="133.1587805"></trkpt>
    <trkpt lat="-23.7561703" lon="133.1587549"></trkpt>
    <trkpt lat="-23.7561292" lon="133.1585820"></trkpt>
    <trkpt lat="-23.7561599" lon="133.1584965"></trkpt>
    <trkpt lat="-23.7562388" lon="133.1584559"></trkpt>
    <trkpt lat="-23.7562612" lon="133.1584118"></trkpt>
    <trkpt lat="-23.7562554" lon="133.1583878"></trkpt>
    <trkpt lat="-23.7562194" lon="133.1582519"></trkpt>
    <trkpt lat="-23.7561624" lon="133.1581877"></trkpt>
    <trkpt lat="-23.7561530" lon="133.1581691"></trkpt>
    <trkpt lat="-23.7561487" lon="133.1580466"></trkpt>
    <trkpt lat="-23.7561433" lon="133.1579738"></trkpt>
    <trkpt lat="-23.7561404" lon="133.1579627"></trkpt>
    <trkpt lat="-23.7560452" lon="133.1578142"></trkpt>
    <trkpt lat="-23.7559940" lon="133.1576878"></trkpt>
    <trkpt lat="-23.7560070" lon="133.1575791"></trkpt>
    <trkpt lat="-23.7560214" lon="133.1575629"></trkpt>
    <trkpt lat="-23.7560806" lon="133.1575054"></trkpt>
    <trkpt lat="-23.7561213" lon="133.1574782"></trkpt>
    <trkpt lat="-23.7561559" lon="133.1574128"></trkpt>
    <trkpt lat="-23.7561657" lon="133.1573738"></trkpt>
    <trkpt lat="-23.7562471" lon="133.1572557"></trkpt>
    <trkpt lat="-23.7562994" lon="133.1572312"></trkpt>
    <trkpt lat="-23.7563329" lon="133.1571887"></trkpt>
    <trkpt lat="-23.7563683" lon="133.1571241"></trkpt>
    <trkpt lat="-23.7564097" lon="133.1570685"></trkpt>
    <trkpt lat="-23.7564343" lon="133.1569980"></trkpt>
    <trkpt lat="-23.7564364" lon="133.1569177"></trkpt>
    <trkpt lat="-23.7564382" lon="133.1569019"></trkpt>
    <trkpt lat="-23.7564815" lon="133.1568743"></trkpt>
    <trkpt lat="-23.7565186" lon="133.1568428"></trkpt>
    <trkpt lat="-23.7565413" lon="133.1567826"></trkpt>
    <trkpt lat="-23.7565785" lon="133.1567534"></trkpt>
    <trkpt lat="-23.7566250" lon="133.1565903"></trkpt>
    <trkpt lat="-23.7566232" lon="133.1565758"></trkpt>
    <trkpt lat="-23.7565922" lon="133.1565084"></trkpt>
    <trkpt lat="-23.7565951" lon="133.1564284"></trkpt>
    <trkpt lat="-23.7565774" lon="133.1562850"></trkpt>
    <trkpt lat="-23.7565612" lon="133.1562370"></trkpt>
    <trkpt lat="-23.7564941" lon="133.1559912"></trkpt>
    <trkpt lat="-23.7564901" lon="133.1558895"></trkpt>
    <trkpt lat="-23.7564941" lon="133.1558852"></trkpt>
    <trkpt lat="-23.7565172" lon="133.1558340"></trkpt>
    <trkpt lat="-23.7565190" lon="133.1555602"></trkpt>
    <trkpt lat="-23.7565172" lon="133.1555508"></trkpt>
    <trkpt lat="-23.7564894" lon="133.1555201"></trkpt>
    <trkpt lat="-23.7563795" lon="133.1554653"></trkpt>
    <trkpt lat="-23.7563679" lon="133.1554401"></trkpt>
    <trkpt lat="-23.7563795" lon="133.1553129"></trkpt>
    <trkpt lat="-23.7563070" lon="133.1552069"></trkpt>
    <trkpt lat="-23.7562580" lon="133.1552096"></trkpt>
    <trkpt lat="-23.7562442" lon="133.1552041"></trkpt>
    <trkpt lat="-23.7562107" lon="133.1551628"></trkpt>
    <trkpt lat="-23.7561830" lon="133.1550127"></trkpt>
    <trkpt lat="-23.7562064" lon="133.1549414"></trkpt>
    <trkpt lat="-23.7562208" lon="133.1549154"></trkpt>
    <trkpt lat="-23.7562042" lon="133.1548350"></trkpt>
    <trkpt lat="-23.7562078" lon="133.1547736"></trkpt>
    <trkpt lat="-23.7561988" lon="133.1545754"></trkpt>
    <trkpt lat="-23.7561383" lon="133.1543749"></trkpt>
    <trkpt lat="-23.7560993" lon="133.1542016"></trkpt>
    <trkpt lat="-23.7560809" lon="133.1541465"></trkpt>
    <trkpt lat="-23.7560651" lon="133.1541087"></trkpt>
    <trkpt lat="-23.7560474" lon="133.1540890"></trkpt>
    <trkpt lat="-23.7559382" lon="133.1539854"></trkpt>
    <trkpt lat="-23.7559014" lon="133.1539747"></trkpt>
    <trkpt lat="-23.7558231" lon="133.1539322"></trkpt>
    <trkpt lat="-23.7557802" lon="133.1538881"></trkpt>
    <trkpt lat="-23.7557503" lon="133.1538715"></trkpt>
    <trkpt lat="-23.7557662" lon="133.1537612"></trkpt>
    <trkpt lat="-23.7557712" lon="133.1537518"></trkpt>
    <trkpt lat="-23.7557759" lon="133.1537222"></trkpt>
    <trkpt lat="-23.7557258" lon="133.1536328"></trkpt>
    <trkpt lat="-23.7556663" lon="133.1536340"></trkpt>
    <trkpt lat="-23.7556317" lon="133.1535749"></trkpt>
    <trkpt lat="-23.7556057" lon="133.1534973"></trkpt>
    <trkpt lat="-23.7556169" lon="133.1534461"></trkpt>
    <trkpt lat="-23.7556331" lon="133.1532389"></trkpt>
    <trkpt lat="-23.7556209" lon="133.1531254"></trkpt>
    <trkpt lat="-23.7555989" lon="133.1530608"></trkpt>
    <trkpt lat="-23.7555711" lon="133.1530348"></trkpt>
    <trkpt lat="-23.7554857" lon="133.1528560"></trkpt>
    <trkpt lat="-23.7554615" lon="133.1526634"></trkpt>
    <trkpt lat="-23.7554183" lon="133.1525468"></trkpt>
    <trkpt lat="-23.7554583" lon="133.1523955"></trkpt>
    <trkpt lat="-23.7555488" lon="133.1523262"></trkpt>
    <trkpt lat="-23.7555553" lon="133.1522931"></trkpt>
    <trkpt lat="-23.7556447" lon="133.1522127"></trkpt>
    <trkpt lat="-23.7556421" lon="133.1521938"></trkpt>
    <trkpt lat="-23.7556443" lon="133.1521371"></trkpt>
    <trkpt lat="-23.7556732" lon="133.1520934"></trkpt>
    <trkpt lat="-23.7557125" lon="133.1519984"></trkpt>
    <trkpt lat="-23.7557572" lon="133.1519650"></trkpt>
    <trkpt lat="-23.7557983" lon="133.1519445"></trkpt>
    <trkpt lat="-23.7558459" lon="133.1518385"></trkpt>
    <trkpt lat="-23.7559136" lon="133.1517388"></trkpt>
    <trkpt lat="-23.7559861" lon="133.1516971"></trkpt>
    <trkpt lat="-23.7559976" lon="133.1516668"></trkpt>
    <trkpt lat="-23.7560348" lon="133.1516289"></trkpt>
    <trkpt lat="-23.7560853" lon="133.1516581"></trkpt>
    <trkpt lat="-23.7561065" lon="133.1516932"></trkpt>
    <trkpt lat="-23.7561822" lon="133.1516888"></trkpt>
    <trkpt lat="-23.7562529" lon="133.1517207"></trkpt>
    <trkpt lat="-23.7563492" lon="133.1517010"></trkpt>
    <trkpt lat="-23.7564000" lon="133.1517381"></trkpt>
    <trkpt lat="-23.7564443" lon="133.1517483"></trkpt>
    <trkpt lat="-23.7564627" lon="133.1517404"></trkpt>
    <trkpt lat="-23.7565695" lon="133.1517282"></trkpt>
    <trkpt lat="-23.7566297" lon="133.1517144"></trkpt>
    <trkpt lat="-23.7567212" lon="133.1516609"></trkpt>
    <trkpt lat="-23.7568128" lon="133.1516313"></trkpt>
    <trkpt lat="-23.7568741" lon="133.1515947"></trkpt>
    <trkpt lat="-23.7569138" lon="133.1515328"></trkpt>
    <trkpt lat="-23.7570785" lon="133.1514308"></trkpt>
    <trkpt lat="-23.7571604" lon="133.1513678"></trkpt>
    <trkpt lat="-23.7572790" lon="133.1513099"></trkpt>
    <trkpt lat="-23.7573031" lon="133.1512831"></trkpt>
    <trkpt lat="-23.7574283" lon="133.1512256"></trkpt>
    <trkpt lat="-23.7574268" lon="133.1512173"></trkpt>
    <trkpt lat="-23.7575386" lon="133.1511267"></trkpt>
    <trkpt lat="-23.7576615" lon="133.1510499"></trkpt>
    <trkpt lat="-23.7577178" lon="133.1510215"></trkpt>
    <trkpt lat="-23.7577679" lon="133.1510286"></trkpt>
    <trkpt lat="-23.7579085" lon="133.1509620"></trkpt>
    <trkpt lat="-23.7579251" lon="133.1509518"></trkpt>
    <trkpt lat="-23.7579370" lon="133.1509077"></trkpt>
    <trkpt lat="-23.7579968" lon="133.1508064"></trkpt>
    <trkpt lat="-23.7579366" lon="133.1506493"></trkpt>
    <trkpt lat="-23.7578739" lon="133.1504815"></trkpt>
    <trkpt lat="-23.7577718" lon="133.1503680"></trkpt>
    <trkpt lat="-23.7577560" lon="133.1503534"></trkpt>
    <trkpt lat="-23.7577585" lon="133.1502798"></trkpt>
    <trkpt lat="-23.7578599" lon="133.1501739"></trkpt>
    <trkpt lat="-23.7579478" lon="133.1500820"></trkpt>
    <trkpt lat="-23.7579943" lon="133.1499662"></trkpt>
    <trkpt lat="-23.7579835" lon="133.1499063"></trkpt>
    <trkpt lat="-23.7579655" lon="133.1498949"></trkpt>
    <trkpt lat="-23.7579388" lon="133.1498926"></trkpt>
    <trkpt lat="-23.7577690" lon="133.1497685"></trkpt>
    <trkpt lat="-23.7577408" lon="133.1496991"></trkpt>
    <trkpt lat="-23.7576792" lon="133.1494561"></trkpt>
    <trkpt lat="-23.7576738" lon="133.1493891"></trkpt>
    <trkpt lat="-23.7576294" lon="133.1492989"></trkpt>
    <trkpt lat="-23.7575887" lon="133.1490917"></trkpt>
    <trkpt lat="-23.7575663" lon="133.1490697"></trkpt>
    <trkpt lat="-23.7575736" lon="133.1490185"></trkpt>
    <trkpt lat="-23.7575537" lon="133.1489385"></trkpt>
    <trkpt lat="-23.7575847" lon="133.1488294"></trkpt>
    <trkpt lat="-23.7575916" lon="133.1487853"></trkpt>
    <trkpt lat="-23.7576741" lon="133.1484000"></trkpt>
    <trkpt lat="-23.7576886" lon="133.1483653"></trkpt>
    <trkpt lat="-23.7576572" lon="133.1482432"></trkpt>
    <trkpt lat="-23.7576723" lon="133.1481251"></trkpt>
    <trkpt lat="-23.7576637" lon="133.1479474"></trkpt>
    <trkpt lat="-23.7576615" lon="133.1479080"></trkpt>
    <trkpt lat="-23.7575948" lon="133.1478974"></trkpt>
    <trkpt lat="-23.7575627" lon="133.1478001"></trkpt>
    <trkpt lat="-23.7575653" lon="133.1475677"></trkpt>
    <trkpt lat="-23.7575040" lon="133.1474802"></trkpt>
    <trkpt lat="-23.7574639" lon="133.1473187"></trkpt>
    <trkpt lat="-23.7574225" lon="133.1471391"></trkpt>
    <trkpt lat="-23.7574589" lon="133.1470619"></trkpt>
    <trkpt lat="-23.7574600" lon="133.1470390"></trkpt>
    <trkpt lat="-23.7574265" lon="133.1467223"></trkpt>
    <trkpt lat="-23.7574272" lon="133.1466731"></trkpt>
    <trkpt lat="-23.7573875" lon="133.1466191"></trkpt>
    <trkpt lat="-23.7573839" lon="133.1465293"></trkpt>
    <trkpt lat="-23.7573742" lon="133.1464749"></trkpt>
    <trkpt lat="-23.7573298" lon="133.1464454"></trkpt>
    <trkpt lat="-23.7571503" lon="133.1463812"></trkpt>
    <trkpt lat="-23.7570958" lon="133.1462949"></trkpt>
    <trkpt lat="-23.7569376" lon="133.1461941"></trkpt>
    <trkpt lat="-23.7569293" lon="133.1461811"></trkpt>
    <trkpt lat="-23.7569001" lon="133.1460590"></trkpt>
    <trkpt lat="-23.7568034" lon="133.1459124"></trkpt>
    <trkpt lat="-23.7567937" lon="133.1459065"></trkpt>
    <trkpt lat="-23.7567623" lon="133.1458518"></trkpt>
    <trkpt lat="-23.7567436" lon="133.1456568"></trkpt>
    <trkpt lat="-23.7568002" lon="133.1455284"></trkpt>
    <trkpt lat="-23.7568060" lon="133.1454976"></trkpt>
    <trkpt lat="-23.7568052" lon="133.1453479"></trkpt>
    <trkpt lat="-23.7567605" lon="133.1452699"></trkpt>
    <trkpt lat="-23.7567447" lon="133.1452605"></trkpt>
    <trkpt lat="-23.7566985" lon="133.1452550"></trkpt>
    <trkpt lat="-23.7566560" lon="133.1452183"></trkpt>
    <trkpt lat="-23.7565817" lon="133.1451770"></trkpt>
    <trkpt lat="-23.7565511" lon="133.1451132"></trkpt>
    <trkpt lat="-23.7564721" lon="133.1450450"></trkpt>
    <trkpt lat="-23.7564332" lon="133.1450230"></trkpt>
    <trkpt lat="-23.7564065" lon="133.1449686"></trkpt>
    <trkpt lat="-23.7564220" lon="133.1449012"></trkpt>
    <trkpt lat="-23.7564047" lon="133.1447137"></trkpt>
    <trkpt lat="-23.7564209" lon="133.1446353"></trkpt>
    <trkpt lat="-23.7564501" lon="133.1445739"></trkpt>
    <trkpt lat="-23.7565100" lon="133.1445664"></trkpt>
    <trkpt lat="-23.7565183" lon="133.1445317"></trkpt>
    <trkpt lat="-23.7565327" lon="133.1443494"></trkpt>
    <trkpt lat="-23.7564988" lon="133.1442982"></trkpt>
    <trkpt lat="-23.7564815" lon="133.1443013"></trkpt>
    <trkpt lat="-23.7564498" lon="133.1443064"></trkpt>
    <trkpt lat="-23.7564144" lon="133.1442911"></trkpt>
    <trkpt lat="-23.7563982" lon="133.1442631"></trkpt>
    <trkpt lat="-23.7562915" lon="133.1442194"></trkpt>
    <trkpt lat="-23.7562439" lon="133.1441776"></trkpt>
    <trkpt lat="-23.7561483" lon="133.1441524"></trkpt>
    <trkpt lat="-23.7560236" lon="133.1440949"></trkpt>
    <trkpt lat="-23.7559569" lon="133.1440803"></trkpt>
    <trkpt lat="-23.7558448" lon="133.1440244"></trkpt>
    <trkpt lat="-23.7558163" lon="133.1439586"></trkpt>
    <trkpt lat="-23.7558354" lon="133.1438282"></trkpt>
    <trkpt lat="-23.7558783" lon="133.1436340"></trkpt>
    <trkpt lat="-23.7559146" lon="133.1435252"></trkpt>
    <trkpt lat="-23.7559508" lon="133.1434170"></trkpt>
    <trkpt lat="-23.7559839" lon="133.1432740"></trkpt>
    <trkpt lat="-23.7559775" lon="133.1432397"></trkpt>
    <trkpt lat="-23.7559879" lon="133.1430711"></trkpt>
    <trkpt lat="-23.7560149" lon="133.1430246"></trkpt>
    <trkpt lat="-23.7560272" lon="133.1429998"></trkpt>
    <trkpt lat="-23.7560333" lon="133.1427765"></trkpt>
    <trkpt lat="-23.7560395" lon="133.1427237"></trkpt>
    <trkpt lat="-23.7559865" lon="133.1423526"></trkpt>
    <trkpt lat="-23.7559767" lon="133.1421482"></trkpt>
    <trkpt lat="-23.7559490" lon="133.1420453"></trkpt>
    <trkpt lat="-23.7559540" lon="133.1419729"></trkpt>
    <trkpt lat="-23.7559576" lon="133.1419650"></trkpt>
    <trkpt lat="-23.7559576" lon="133.1419504"></trkpt>
    <trkpt lat="-23.7560204" lon="133.1417617"></trkpt>
    <trkpt lat="-23.7560283" lon="133.1417168"></trkpt>
    <trkpt lat="-23.7560990" lon="133.1416502"></trkpt>
    <trkpt lat="-23.7562572" lon="133.1415695"></trkpt>
    <trkpt lat="-23.7563023" lon="133.1415975"></trkpt>
    <trkpt lat="-23.7564624" lon="133.1417345"></trkpt>
    <trkpt lat="-23.7564876" lon="133.1417672"></trkpt>
    <trkpt lat="-23.7564977" lon="133.1417917"></trkpt>
    <trkpt lat="-23.7565803" lon="133.1418677"></trkpt>
    <trkpt lat="-23.7566881" lon="133.1420067"></trkpt>
    <trkpt lat="-23.7568247" lon="133.1420773"></trkpt>
    <trkpt lat="-23.7568950" lon="133.1420552"></trkpt>
    <trkpt lat="-23.7569700" lon="133.1420895"></trkpt>
    <trkpt lat="-23.7570313" lon="133.1421742"></trkpt>
    <trkpt lat="-23.7570811" lon="133.1421931"></trkpt>
    <trkpt lat="-23.7571308" lon="133.1421580"></trkpt>
    <trkpt lat="-23.7571712" lon="133.1421541"></trkpt>
    <trkpt lat="-23.7572667" lon="133.1420028"></trkpt>
    <trkpt lat="-23.7573295" lon="133.1418724"></trkpt>
    <trkpt lat="-23.7573406" lon="133.1416569"></trkpt>
    <trkpt lat="-23.7573634" lon="133.1415896"></trkpt>
    <trkpt lat="-23.7573561" lon="133.1415683"></trkpt>
    <trkpt lat="-23.7573489" lon="133.1415616"></trkpt>
    <trkpt lat="-23.7572974" lon="133.1414127"></trkpt>
    <trkpt lat="-23.7572729" lon="133.1413690"></trkpt>
    <trkpt lat="-23.7572610" lon="133.1413284"></trkpt>
    <trkpt lat="-23.7573082" lon="133.1412453"></trkpt>
    <trkpt lat="-23.7573140" lon="133.1412370"></trkpt>
    <trkpt lat="-23.7572981" lon="133.1411965"></trkpt>
    <trkpt lat="-23.7573918" lon="133.1410401"></trkpt>
    <trkpt lat="-23.7574210" lon="133.1410109"></trkpt>
    <trkpt lat="-23.7575018" lon="133.1408344"></trkpt>
    <trkpt lat="-23.7577008" lon="133.1406462"></trkpt>
    <trkpt lat="-23.7576925" lon="133.1406355"></trkpt>
    <trkpt lat="-23.7576821" lon="133.1405315"></trkpt>
    <trkpt lat="-23.7576979" lon="133.1404673"></trkpt>
    <trkpt lat="-23.7576482" lon="133.1403606"></trkpt>
    <trkpt lat="-23.7576305" lon="133.1402763"></trkpt>
    <trkpt lat="-23.7576204" lon="133.1402503"></trkpt>
    <trkpt lat="-23.7575811" lon="133.1402369"></trkpt>
    <trkpt lat="-23.7575270" lon="133.1401998"></trkpt>
    <trkpt lat="-23.7573342" lon="133.1399982"></trkpt>
    <trkpt lat="-23.7572653" lon="133.1400088"></trkpt>
    <trkpt lat="-23.7572141" lon="133.1400060"></trkpt>
    <trkpt lat="-23.7570450" lon="133.1399162"></trkpt>
    <trkpt lat="-23.7569635" lon="133.1398843"></trkpt>
    <trkpt lat="-23.7569040" lon="133.1398343"></trkpt>
    <trkpt lat="-23.7568427" lon="133.1397914"></trkpt>
    <trkpt lat="-23.7567003" lon="133.1397531"></trkpt>
    <trkpt lat="-23.7566243" lon="133.1396736"></trkpt>
    <trkpt lat="-23.7565662" lon="133.1396129"></trkpt>
    <trkpt lat="-23.7565190" lon="133.1395105"></trkpt>
    <trkpt lat="-23.7564984" lon="133.1394794"></trkpt>
    <trkpt lat="-23.7564681" lon="133.1394396"></trkpt>
    <trkpt lat="-23.7563690" lon="133.1392391"></trkpt>
    <trkpt lat="-23.7563174" lon="133.1391701"></trkpt>
    <trkpt lat="-23.7563084" lon="133.1391607"></trkpt>
    <trkpt lat="-23.7562944" lon="133.1391264"></trkpt>
    <trkpt lat="-23.7562507" lon="133.1390874"></trkpt>
    <trkpt lat="-23.7562176" lon="133.1389913"></trkpt>
    <trkpt lat="-23.7561509" lon="133.1388326"></trkpt>
    <trkpt lat="-23.7561419" lon="133.1387451"></trkpt>
    <trkpt lat="-23.7561667" lon="133.1385915"></trkpt>
    <trkpt lat="-23.7561628" lon="133.1384071"></trkpt>
    <trkpt lat="-23.7561433" lon="133.1383874"></trkpt>
    <trkpt lat="-23.7561141" lon="133.1381735"></trkpt>
    <trkpt lat="-23.7561224" lon="133.1381464"></trkpt>
    <trkpt lat="-23.7561101" lon="133.1380751"></trkpt>
    <trkpt lat="-23.7561289" lon="133.1380250"></trkpt>
    <trkpt lat="-23.7561559" lon="133.1379317"></trkpt>
    <trkpt lat="-23.7561685" lon="133.1378619"></trkpt>
    <trkpt lat="-23.7561671" lon="133.1378174"></trkpt>
    <trkpt lat="-23.7561498" lon="133.1376823"></trkpt>
    <trkpt lat="-23.7561364" lon="133.1376532"></trkpt>
    <trkpt lat="-23.7560290" lon="133.1376035"></trkpt>
    <trkpt lat="-23.7557355" lon="133.1374507"></trkpt>
    <trkpt lat="-23.7556782" lon="133.1373672"></trkpt>
    <trkpt lat="-23.7556580" lon="133.1373577"></trkpt>
    <trkpt lat="-23.7556075" lon="133.1373369"></trkpt>
    <trkpt lat="-23.7555506" lon="133.1372313"></trkpt>
    <trkpt lat="-23.7554810" lon="133.1370753"></trkpt>
    <trkpt lat="-23.7554539" lon="133.1370678"></trkpt>
    <trkpt lat="-23.7553314" lon="133.1369843"></trkpt>
    <trkpt lat="-23.7552419" lon="133.1369827"></trkpt>
    <trkpt lat="-23.7552210" lon="133.1369772"></trkpt>
    <trkpt lat="-23.7551702" lon="133.1369130"></trkpt>
    <trkpt lat="-23.7551190" lon="133.1367893"></trkpt>
    <trkpt lat="-23.7550761" lon="133.1366388"></trkpt>
    <trkpt lat="-23.7550790" lon="133.1365931"></trkpt>
    <trkpt lat="-23.7550738" lon="133.1365762"></trkpt>
    <trkpt lat="-23.7550427" lon="133.1365380"></trkpt>
    <trkpt lat="-23.7550453" lon="133.1364608"></trkpt>
    <trkpt lat="-23.7549944" lon="133.1362886"></trkpt>
    <trkpt lat="-23.7549220" lon="133.1361141"></trkpt>
    <trkpt lat="-23.7548906" lon="133.1359538"></trkpt>
    <trkpt lat="-23.7548596" lon="133.1358747"></trkpt>
    <trkpt lat="-23.7548650" lon="133.1357841"></trkpt>
    <trkpt lat="-23.7548592" lon="133.1356245"></trkpt>
    <trkpt lat="-23.7548376" lon="133.1356162"></trkpt>
    <trkpt lat="-23.7548088" lon="133.1355205"></trkpt>
    <trkpt lat="-23.7548185" lon="133.1352298"></trkpt>
    <trkpt lat="-23.7548171" lon="133.1351755"></trkpt>
    <trkpt lat="-23.7547940" lon="133.1351321"></trkpt>
    <trkpt lat="-23.7547723" lon="133.1350581"></trkpt>
    <trkpt lat="-23.7547449" lon="133.1350396"></trkpt>
    <trkpt lat="-23.7547240" lon="133.1349470"></trkpt>
    <trkpt lat="-23.7546746" lon="133.1348651"></trkpt>
    <trkpt lat="-23.7546436" lon="133.1347390"></trkpt>
    <trkpt lat="-23.7546397" lon="133.1347118"></trkpt>
    <trkpt lat="-23.7546112" lon="133.1346559"></trkpt>
    <trkpt lat="-23.7545741" lon="133.1346496"></trkpt>
    <trkpt lat="-23.7545142" lon="133.1346078"></trkpt>
    <trkpt lat="-23.7545012" lon="133.1345653"></trkpt>
    <trkpt lat="-23.7543934" lon="133.1343593"></trkpt>
    <trkpt lat="-23.7543902" lon="133.1343514"></trkpt>
    <trkpt lat="-23.7543786" lon="133.1343297"></trkpt>
    <trkpt lat="-23.7543300" lon="133.1342978"></trkpt>
    <trkpt lat="-23.7542964" lon="133.1341745"></trkpt>
    <trkpt lat="-23.7541962" lon="133.1340769"></trkpt>
    <trkpt lat="-23.7541915" lon="133.1340705"></trkpt>
    <trkpt lat="-23.7541793" lon="133.1340142"></trkpt>
    <trkpt lat="-23.7541144" lon="133.1338086"></trkpt>
    <trkpt lat="-23.7540477" lon="133.1336731"></trkpt>
    <trkpt lat="-23.7540008" lon="133.1335277"></trkpt>
    <trkpt lat="-23.7539788" lon="133.1333824"></trkpt>
    <trkpt lat="-23.7539939" lon="133.1332796"></trkpt>
    <trkpt lat="-23.7539633" lon="133.1332745"></trkpt>
    <trkpt lat="-23.7538724" lon="133.1330810"></trkpt>
    <trkpt lat="-23.7536576" lon="133.1328935"></trkpt>
    <trkpt lat="-23.7535970" lon="133.1328762"></trkpt>
    <trkpt lat="-23.7535642" lon="133.1325839"></trkpt>
    <trkpt lat="-23.7535631" lon="133.1325347"></trkpt>
    <trkpt lat="-23.7535137" lon="133.1323992"></trkpt>
    <trkpt lat="-23.7535206" lon="133.1323283"></trkpt>
    <trkpt lat="-23.7535173" lon="133.1322948"></trkpt>
    <trkpt lat="-23.7535000" lon="133.1321892"></trkpt>
    <trkpt lat="-23.7534658" lon="133.1319773"></trkpt>
    <trkpt lat="-23.7534726" lon="133.1319604"></trkpt>
    <trkpt lat="-23.7534755" lon="133.1317906"></trkpt>
    <trkpt lat="-23.7534308" lon="133.1317118"></trkpt>
    <trkpt lat="-23.7533637" lon="133.1315275"></trkpt>
    <trkpt lat="-23.7533248" lon="133.1315074"></trkpt>
    <trkpt lat="-23.7533280" lon="133.1314739"></trkpt>
    <trkpt lat="-23.7533107" lon="133.1312809"></trkpt>
    <trkpt lat="-23.7532491" lon="133.1311493"></trkpt>
    <trkpt lat="-23.7531629" lon="133.1308251"></trkpt>
    <trkpt lat="-23.7531651" lon="133.1307842"></trkpt>
    <trkpt lat="-23.7531488" lon="133.1306112"></trkpt>
    <trkpt lat="-23.7531427" lon="133.1304883"></trkpt>
    <trkpt lat="-23.7531189" lon="133.1303221"></trkpt>
    <trkpt lat="-23.7531052" lon="133.1302532"></trkpt>
    <trkpt lat="-23.7530565" lon="133.1301949"></trkpt>
    <trkpt lat="-23.7530309" lon="133.1301831"></trkpt>
    <trkpt lat="-23.7530364" lon="133.1300531"></trkpt>
    <trkpt lat="-23.7530241" lon="133.1300251"></trkpt>
    <trkpt lat="-23.7530259" lon="133.1299853"></trkpt>
    <trkpt lat="-23.7530180" lon="133.1298530"></trkpt>
    <trkpt lat="-23.7530378" lon="133.1297683"></trkpt>
    <trkpt lat="-23.7530277" lon="133.1297096"></trkpt>
    <trkpt lat="-23.7530270" lon="133.1296588"></trkpt>
    <trkpt lat="-23.7530039" lon="133.1296060"></trkpt>
    <trkpt lat="-23.7529801" lon="133.1294866"></trkpt>
    <trkpt lat="-23.7529794" lon="133.1294551"></trkpt>
    <trkpt lat="-23.7529412" lon="133.1293169"></trkpt>
    <trkpt lat="-23.7529141" lon="133.1293019"></trkpt>
    <trkpt lat="-23.7528543" lon="133.1290876"></trkpt>
    <trkpt lat="-23.7527955" lon="133.1290258"></trkpt>
    <trkpt lat="-23.7527793" lon="133.1289344"></trkpt>
    <trkpt lat="-23.7528294" lon="133.1288367"></trkpt>
    <trkpt lat="-23.7528925" lon="133.1288308"></trkpt>
    <trkpt lat="-23.7529138" lon="133.1288012"></trkpt>
    <trkpt lat="-23.7529030" lon="133.1286842"></trkpt>
    <trkpt lat="-23.7529419" lon="133.1286405"></trkpt>
    <trkpt lat="-23.7529372" lon="133.1286255"></trkpt>
    <trkpt lat="-23.7529693" lon="133.1285405"></trkpt>
    <trkpt lat="-23.7529278" lon="133.1284349"></trkpt>
    <trkpt lat="-23.7529102" lon="133.1284345"></trkpt>
    <trkpt lat="-23.7528406" lon="133.1284506"></trkpt>
    <trkpt lat="-23.7527735" lon="133.1284605"></trkpt>
    <trkpt lat="-23.7526394" lon="133.1283904"></trkpt>
    <trkpt lat="-23.7526333" lon="133.1283656"></trkpt>
    <trkpt lat="-23.7525727" lon="133.1282923"></trkpt>
    <trkpt lat="-23.7525489" lon="133.1282431"></trkpt>
    <trkpt lat="-23.7525009" lon="133.1281812"></trkpt>
    <trkpt lat="-23.7524772" lon="133.1281257"></trkpt>
    <trkpt lat="-23.7525356" lon="133.1279988"></trkpt>
    <trkpt lat="-23.7525626" lon="133.1279854"></trkpt>
    <trkpt lat="-23.7526971" lon="133.1278759"></trkpt>
    <trkpt lat="-23.7527299" lon="133.1278480"></trkpt>
    <trkpt lat="-23.7527220" lon="133.1277952"></trkpt>
    <trkpt lat="-23.7527266" lon="133.1277136"></trkpt>
    <trkpt lat="-23.7527155" lon="133.1276798"></trkpt>
    <trkpt lat="-23.7527288" lon="133.1276494"></trkpt>
    <trkpt lat="-23.7526888" lon="133.1275754"></trkpt>
    <trkpt lat="-23.7526812" lon="133.1274990"></trkpt>
    <trkpt lat="-23.7526762" lon="133.1274781"></trkpt>
    <trkpt lat="-23.7526614" lon="133.1273721"></trkpt>
    <trkpt lat="-23.7527151" lon="133.1271551"></trkpt>
    <trkpt lat="-23.7527010" lon="133.1271192"></trkpt>
    <trkpt lat="-23.7526571" lon="133.1269487"></trkpt>
    <trkpt lat="-23.7526758" lon="133.1269825"></trkpt>
    <trkpt lat="-23.7526636" lon="133.1268226"></trkpt>
    <trkpt lat="-23.7526996" lon="133.1266891"></trkpt>
    <trkpt lat="-23.7527104" lon="133.1265886"></trkpt>
    <trkpt lat="-23.7527007" lon="133.1265508"></trkpt>
    <trkpt lat="-23.7527465" lon="133.1265071"></trkpt>
    <trkpt lat="-23.7527714" lon="133.1262830"></trkpt>
    <trkpt lat="-23.7528355" lon="133.1261333"></trkpt>
    <trkpt lat="-23.7529646" lon="133.1259190"></trkpt>
    <trkpt lat="-23.7530342" lon="133.1259060"></trkpt>
    <trkpt lat="-23.7532282" lon="133.1257803"></trkpt>
    <trkpt lat="-23.7532415" lon="133.1257780"></trkpt>
    <trkpt lat="-23.7532718" lon="133.1257090"></trkpt>
    <trkpt lat="-23.7533616" lon="133.1255586"></trkpt>
    <trkpt lat="-23.7533756" lon="133.1255401"></trkpt>
    <trkpt lat="-23.7534034" lon="133.1254821"></trkpt>
    <trkpt lat="-23.7534225" lon="133.1252891"></trkpt>
    <trkpt lat="-23.7533417" lon="133.1251367"></trkpt>
    <trkpt lat="-23.7533525" lon="133.1249488"></trkpt>
    <trkpt lat="-23.7533298" lon="133.1248862"></trkpt>
    <trkpt lat="-23.7533194" lon="133.1248113"></trkpt>
    <trkpt lat="-23.7532271" lon="133.1245541"></trkpt>
    <trkpt lat="-23.7531957" lon="133.1243780"></trkpt>
    <trkpt lat="-23.7531935" lon="133.1241917"></trkpt>
    <trkpt lat="-23.7531986" lon="133.1241744"></trkpt>
    <trkpt lat="-23.7532094" lon="133.1241523"></trkpt>
    <trkpt lat="-23.7532076" lon="133.1240920"></trkpt>
    <trkpt lat="-23.7532213" lon="133.1240172"></trkpt>
    <trkpt lat="-23.7532264" lon="133.1239475"></trkpt>
    <trkpt lat="-23.7532336" lon="133.1238628"></trkpt>
    <trkpt lat="-23.7532779" lon="133.1236717"></trkpt>
    <trkpt lat="-23.7532920" lon="133.1235603"></trkpt>
    <trkpt lat="-23.7533338" lon="133.1234712"></trkpt>
    <trkpt lat="-23.7533489" lon="133.1234035"></trkpt>
    <trkpt lat="-23.7533536" lon="133.1233003"></trkpt>
    <trkpt lat="-23.7533338" lon="133.1231829"></trkpt>
    <trkpt lat="-23.7533482" lon="133.1231589"></trkpt>
    <trkpt lat="-23.7533587" lon="133.1231404"></trkpt>
    <trkpt lat="-23.7533673" lon="133.1230903"></trkpt>
    <trkpt lat="-23.7533900" lon="133.1228957"></trkpt>
    <trkpt lat="-23.7534452" lon="133.1226736"></trkpt>
    <trkpt lat="-23.7534456" lon="133.1224037"></trkpt>
    <trkpt lat="-23.7534549" lon="133.1222478"></trkpt>
    <trkpt lat="-23.7534791" lon="133.1221717"></trkpt>
    <trkpt lat="-23.7534960" lon="133.1219689"></trkpt>
    <trkpt lat="-23.7535544" lon="133.1218282"></trkpt>
    <trkpt lat="-23.7535703" lon="133.1216108"></trkpt>
    <trkpt lat="-23.7535999" lon="133.1215289"></trkpt>
    <trkpt lat="-23.7536312" lon="133.1213634"></trkpt>
    <trkpt lat="-23.7535429" lon="133.1211637"></trkpt>
    <trkpt lat="-23.7534417" lon="133.1209192"></trkpt>
    <trkpt lat="-23.7533815" lon="133.1207565"></trkpt>
    <trkpt lat="-23.7534162" lon="133.1206640"></trkpt>
    <trkpt lat="-23.7535350" lon="133.1205019"></trkpt>
    <trkpt lat="-23.7536558" lon="133.1203142"></trkpt>
    <trkpt lat="-23.7537017" lon="133.1202212"></trkpt>
    <trkpt lat="-23.7537757" lon="133.1199733"></trkpt>
    <trkpt lat="-23.7538103" lon="133.1199226"></trkpt>
    <trkpt lat="-23.7538282" lon="133.1199064"></trkpt>
    <trkpt lat="-23.7539087" lon="133.1196780"></trkpt>
    <trkpt lat="-23.7539093" lon="133.1194959"></trkpt>
    <trkpt lat="-23.7538980" lon="133.1194619"></trkpt>
    <trkpt lat="-23.7539026" lon="133.1194184"></trkpt>
    <trkpt lat="-23.7538802" lon="133.1192524"></trkpt>
    <trkpt lat="-23.7539342" lon="133.1191466"></trkpt>
    <trkpt lat="-23.7539297" lon="133.1190034"></trkpt>
    <trkpt lat="-23.7539072" lon="133.1189706"></trkpt>
    <trkpt lat="-23.7539551" lon="133.1188040"></trkpt>
    <trkpt lat="-23.7539414" lon="133.1187388"></trkpt>
    <trkpt lat="-23.7539786" lon="133.1186792"></trkpt>
    <trkpt lat="-23.7539995" lon="133.1185756"></trkpt>
    <trkpt lat="-23.7539735" lon="133.1185143"></trkpt>
    <trkpt lat="-23.7539072" lon="133.1184135"></trkpt>
    <trkpt lat="-23.7538521" lon="133.1182319"></trkpt>
    <trkpt lat="-23.7538318" lon="133.1180559"></trkpt>
    <trkpt lat="-23.7538348" lon="133.1180219"></trkpt>
    <trkpt lat="-23.7538873" lon="133.1178514"></trkpt>
    <trkpt lat="-23.7539189" lon="133.1177929"></trkpt>
    <trkpt lat="-23.7539398" lon="133.1177679"></trkpt>
    <trkpt lat="-23.7539781" lon="133.1176771"></trkpt>
    <trkpt lat="-23.7539770" lon="133.1175364"></trkpt>
    <trkpt lat="-23.7539750" lon="133.1172955"></trkpt>
    <trkpt lat="-23.7539506" lon="133.1172364"></trkpt>
    <trkpt lat="-23.7539419" lon="133.1171495"></trkpt>
    <trkpt lat="-23.7538598" lon="133.1170364"></trkpt>
    <trkpt lat="-23.7538374" lon="133.1169334"></trkpt>
    <trkpt lat="-23.7537517" lon="133.1168520"></trkpt>
    <trkpt lat="-23.7537318" lon="133.1167974"></trkpt>
    <trkpt lat="-23.7536854" lon="133.1167195"></trkpt>
    <trkpt lat="-23.7536548" lon="133.1167033"></trkpt>
    <trkpt lat="-23.7535860" lon="133.1165178"></trkpt>
    <trkpt lat="-23.7535789" lon="133.1162454"></trkpt>
    <trkpt lat="-23.7534871" lon="133.1160170"></trkpt>
    <trkpt lat="-23.7533683" lon="133.1158053"></trkpt>
    <trkpt lat="-23.7533560" lon="133.1157591"></trkpt>
    <trkpt lat="-23.7532472" lon="133.1152904"></trkpt>
    <trkpt lat="-23.7532266" lon="133.1151860"></trkpt>
    <trkpt lat="-23.7531527" lon="133.1146184"></trkpt>
    <trkpt lat="-23.7531520" lon="133.1145782"></trkpt>
    <trkpt lat="-23.7531044" lon="133.1144888"></trkpt>
    <trkpt lat="-23.7530608" lon="133.1144510"></trkpt>
    <trkpt lat="-23.7529937" lon="133.1143470"></trkpt>
    <trkpt lat="-23.7528480" lon="133.1139366"></trkpt>
    <trkpt lat="-23.7527626" lon="133.1137640"></trkpt>
    <trkpt lat="-23.7527565" lon="133.1137120"></trkpt>
    <trkpt lat="-23.7527305" lon="133.1136423"></trkpt>
    <trkpt lat="-23.7525715" lon="133.1134166"></trkpt>
    <trkpt lat="-23.7525322" lon="133.1133347"></trkpt>
    <trkpt lat="-23.7525344" lon="133.1132779"></trkpt>
    <trkpt lat="-23.7525214" lon="133.1130755"></trkpt>
    <trkpt lat="-23.7525164" lon="133.1130515"></trkpt>
    <trkpt lat="-23.7525236" lon="133.1129928"></trkpt>
    <trkpt lat="-23.7525542" lon="133.1126237"></trkpt>
    <trkpt lat="-23.7525596" lon="133.1122207"></trkpt>
    <trkpt lat="-23.7525787" lon="133.1121856"></trkpt>
    <trkpt lat="-23.7525823" lon="133.1121376"></trkpt>
    <trkpt lat="-23.7525438" lon="133.1120549"></trkpt>
    <trkpt lat="-23.7524807" lon="133.1119481"></trkpt>
    <trkpt lat="-23.7523642" lon="133.1117724"></trkpt>
    <trkpt lat="-23.7522712" lon="133.1116066"></trkpt>
    <trkpt lat="-23.7522351" lon="133.1114963"></trkpt>
    <trkpt lat="-23.7522452" lon="133.1114022"></trkpt>
    <trkpt lat="-23.7522283" lon="133.1113451"></trkpt>
    <trkpt lat="-23.7521612" lon="133.1112174"></trkpt>
    <trkpt lat="-23.7521569" lon="133.1111741"></trkpt>
    <trkpt lat="-23.7521381" lon="133.1111469"></trkpt>
    <trkpt lat="-23.7521079" lon="133.1110677"></trkpt>
    <trkpt lat="-23.7520884" lon="133.1110402"></trkpt>
    <trkpt lat="-23.7520700" lon="133.1107243"></trkpt>
    <trkpt lat="-23.7520769" lon="133.1106790"></trkpt>
    <trkpt lat="-23.7521407" lon="133.1105179"></trkpt>
    <trkpt lat="-23.7521432" lon="133.1103150"></trkpt>
    <trkpt lat="-23.7522030" lon="133.1100794"></trkpt>
    <trkpt lat="-23.7522085" lon="133.1099723"></trkpt>
    <trkpt lat="-23.7522359" lon="133.1099136"></trkpt>
    <trkpt lat="-23.7523927" lon="133.1095823"></trkpt>
    <trkpt lat="-23.7523945" lon="133.1095240"></trkpt>
    <trkpt lat="-23.7524363" lon="133.1094756"></trkpt>
    <trkpt lat="-23.7524702" lon="133.1094090"></trkpt>
    <trkpt lat="-23.7524659" lon="133.1093933"></trkpt>
    <trkpt lat="-23.7525456" lon="133.1092475"></trkpt>
    <trkpt lat="-23.7525268" lon="133.1090454"></trkpt>
    <trkpt lat="-23.7525730" lon="133.1089860"></trkpt>
    <trkpt lat="-23.7525989" lon="133.1089749"></trkpt>
    <trkpt lat="-23.7525935" lon="133.1089584"></trkpt>
    <trkpt lat="-23.7525661" lon="133.1088599"></trkpt>
    <trkpt lat="-23.7525794" lon="133.1085649"></trkpt>
    <trkpt lat="-23.7526180" lon="133.1082994"></trkpt>
    <trkpt lat="-23.7526808" lon="133.1080040"></trkpt>
    <trkpt lat="-23.7527082" lon="133.1079015"></trkpt>
    <trkpt lat="-23.7527125" lon="133.1077865"></trkpt>
    <trkpt lat="-23.7528232" lon="133.1076967"></trkpt>
    <trkpt lat="-23.7528873" lon="133.1075848"></trkpt>
    <trkpt lat="-23.7529890" lon="133.1073146"></trkpt>
    <trkpt lat="-23.7530517" lon="133.1070810"></trkpt>
    <trkpt lat="-23.7530514" lon="133.1070669"></trkpt>
    <trkpt lat="-23.7531458" lon="133.1069132"></trkpt>
    <trkpt lat="-23.7531495" lon="133.1068620"></trkpt>
    <trkpt lat="-23.7531293" lon="133.1067844"></trkpt>
    <trkpt lat="-23.7531693" lon="133.1065119"></trkpt>
    <trkpt lat="-23.7532046" lon="133.1063827"></trkpt>
    <trkpt lat="-23.7532180" lon="133.1063224"></trkpt>
    <trkpt lat="-23.7532547" lon="133.1062885"></trkpt>
    <trkpt lat="-23.7532699" lon="133.1062452"></trkpt>
    <trkpt lat="-23.7532915" lon="133.1062188"></trkpt>
    <trkpt lat="-23.7533153" lon="133.1061554"></trkpt>
    <trkpt lat="-23.7533265" lon="133.1061042"></trkpt>
    <trkpt lat="-23.7534678" lon="133.1060175"></trkpt>
    <trkpt lat="-23.7534833" lon="133.1060124"></trkpt>
    <trkpt lat="-23.7536120" lon="133.1058698"></trkpt>
    <trkpt lat="-23.7536214" lon="133.1058540"></trkpt>
    <trkpt lat="-23.7536286" lon="133.1057619"></trkpt>
    <trkpt lat="-23.7536740" lon="133.1056110"></trkpt>
    <trkpt lat="-23.7536827" lon="133.1055763"></trkpt>
    <trkpt lat="-23.7537433" lon="133.1055267"></trkpt>
    <trkpt lat="-23.7538017" lon="133.1054318"></trkpt>
    <trkpt lat="-23.7538324" lon="133.1054364"></trkpt>
    <trkpt lat="-23.7539255" lon="133.1054420"></trkpt>
    <trkpt lat="-23.7539580" lon="133.1054798"></trkpt>
    <trkpt lat="-23.7539868" lon="133.1054593"></trkpt>
    <trkpt lat="-23.7540160" lon="133.1054767"></trkpt>
    <trkpt lat="-23.7541732" lon="133.1054755"></trkpt>
    <trkpt lat="-23.7543066" lon="133.1053967"></trkpt>
    <trkpt lat="-23.7543700" lon="133.1053522"></trkpt>
    <trkpt lat="-23.7544104" lon="133.1053341"></trkpt>
    <trkpt lat="-23.7544768" lon="133.1052707"></trkpt>
    <trkpt lat="-23.7545027" lon="133.1052065"></trkpt>
    <trkpt lat="-23.7546610" lon="133.1050973"></trkpt>
    <trkpt lat="-23.7547050" lon="133.1051096"></trkpt>
    <trkpt lat="-23.7548077" lon="133.1051261"></trkpt>
    <trkpt lat="-23.7550017" lon="133.1051162"></trkpt>
    <trkpt lat="-23.7550331" lon="133.1051194"></trkpt>
    <trkpt lat="-23.7551019" lon="133.1051001"></trkpt>
    <trkpt lat="-23.7551409" lon="133.1050710"></trkpt>
    <trkpt lat="-23.7552285" lon="133.1049559"></trkpt>
    <trkpt lat="-23.7553967" lon="133.1048913"></trkpt>
    <trkpt lat="-23.7555167" lon="133.1047192"></trkpt>
    <trkpt lat="-23.7556022" lon="133.1046700"></trkpt>
    <trkpt lat="-23.7556299" lon="133.1046475"></trkpt>
    <trkpt lat="-23.7558131" lon="133.1045904"></trkpt>
    <trkpt lat="-23.7558369" lon="133.1045872"></trkpt>
    <trkpt lat="-23.7558553" lon="133.1045766"></trkpt>
    <trkpt lat="-23.7559137" lon="133.1045731"></trkpt>
    <trkpt lat="-23.7559400" lon="133.1045541"></trkpt>
    <trkpt lat="-23.7559670" lon="133.1045766"></trkpt>
    <trkpt lat="-23.7560716" lon="133.1045526"></trkpt>
    <trkpt lat="-23.7562183" lon="133.1044407"></trkpt>
    <trkpt lat="-23.7563780" lon="133.1043816"></trkpt>
    <trkpt lat="-23.7565763" lon="133.1042552"></trkpt>
    <trkpt lat="-23.7566632" lon="133.1042536"></trkpt>
    <trkpt lat="-23.7567393" lon="133.1042473"></trkpt>
    <trkpt lat="-23.7567433" lon="133.1042260"></trkpt>
    <trkpt lat="-23.7568611" lon="133.1041823"></trkpt>
    <trkpt lat="-23.7568734" lon="133.1041370"></trkpt>
    <trkpt lat="-23.7568918" lon="133.1041311"></trkpt>
    <trkpt lat="-23.7568922" lon="133.1041134"></trkpt>
    <trkpt lat="-23.7570162" lon="133.1039333"></trkpt>
    <trkpt lat="-23.7570822" lon="133.1038242"></trkpt>
    <trkpt lat="-23.7571683" lon="133.1037490"></trkpt>
    <trkpt lat="-23.7572235" lon="133.1036403"></trkpt>
    <trkpt lat="-23.7572891" lon="133.1036029"></trkpt>
    <trkpt lat="-23.7573745" lon="133.1033846"></trkpt>
    <trkpt lat="-23.7574499" lon="133.1033153"></trkpt>
    <trkpt lat="-23.7575054" lon="133.1032755"></trkpt>
    <trkpt lat="-23.7575224" lon="133.1032302"></trkpt>
    <trkpt lat="-23.7575429" lon="133.1031983"></trkpt>
    <trkpt lat="-23.7575454" lon="133.1031581"></trkpt>
    <trkpt lat="-23.7575782" lon="133.1030128"></trkpt>
    <trkpt lat="-23.7575746" lon="133.1029332"></trkpt>
    <trkpt lat="-23.7576082" lon="133.1028737"></trkpt>
    <trkpt lat="-23.7576554" lon="133.1027981"></trkpt>
    <trkpt lat="-23.7577163" lon="133.1026106"></trkpt>
    <trkpt lat="-23.7577434" lon="133.1025491"></trkpt>
    <trkpt lat="-23.7578104" lon="133.1023928"></trkpt>
    <trkpt lat="-23.7578047" lon="133.1023293"></trkpt>
    <trkpt lat="-23.7578097" lon="133.1022632"></trkpt>
    <trkpt lat="-23.7578227" lon="133.1022265"></trkpt>
    <trkpt lat="-23.7578047" lon="133.1020623"></trkpt>
    <trkpt lat="-23.7578389" lon="133.1019902"></trkpt>
    <trkpt lat="-23.7578825" lon="133.1019567"></trkpt>
    <trkpt lat="-23.7578897" lon="133.1019343"></trkpt>
    <trkpt lat="-23.7578937" lon="133.1018515"></trkpt>
    <trkpt lat="-23.7580296" lon="133.1016999"></trkpt>
    <trkpt lat="-23.7580480" lon="133.1016038"></trkpt>
    <trkpt lat="-23.7580130" lon="133.1015585"></trkpt>
    <trkpt lat="-23.7580134" lon="133.1014285"></trkpt>
    <trkpt lat="-23.7580595" lon="133.1012894"></trkpt>
    <trkpt lat="-23.7581623" lon="133.1011642"></trkpt>
    <trkpt lat="-23.7582030" lon="133.1010956"></trkpt>
    <trkpt lat="-23.7583152" lon="133.1009652"></trkpt>
    <trkpt lat="-23.7583204" lon="133.1009424"></trkpt>
    <trkpt lat="-23.7584404" lon="133.1008561"></trkpt>
    <trkpt lat="-23.7584610" lon="133.1007817"></trkpt>
    <trkpt lat="-23.7585605" lon="133.1006107"></trkpt>
    <trkpt lat="-23.7586009" lon="133.1005158"></trkpt>
    <trkpt lat="-23.7586045" lon="133.1004074"></trkpt>
    <trkpt lat="-23.7587285" lon="133.1002842"></trkpt>
    <trkpt lat="-23.7587415" lon="133.1001443"></trkpt>
    <trkpt lat="-23.7587754" lon="133.1000793"></trkpt>
    <trkpt lat="-23.7587830" lon="133.1000671"></trkpt>
    <trkpt lat="-23.7589675" lon="133.0999493"></trkpt>
    <trkpt lat="-23.7590562" lon="133.0998489"></trkpt>
    <trkpt lat="-23.7591064" lon="133.0998308"></trkpt>
    <trkpt lat="-23.7593905" lon="133.0994955"></trkpt>
    <trkpt lat="-23.7594096" lon="133.0993793"></trkpt>
    <trkpt lat="-23.7594153" lon="133.0993644"></trkpt>
    <trkpt lat="-23.7594658" lon="133.0993336"></trkpt>
    <trkpt lat="-23.7595621" lon="133.0991371"></trkpt>
    <trkpt lat="-23.7597387" lon="133.0989373"></trkpt>
    <trkpt lat="-23.7597640" lon="133.0989243"></trkpt>
    <trkpt lat="-23.7598411" lon="133.0988617"></trkpt>
    <trkpt lat="-23.7598876" lon="133.0987506"></trkpt>
    <trkpt lat="-23.7600311" lon="133.0985714"></trkpt>
    <trkpt lat="-23.7600347" lon="133.0984859"></trkpt>
    <trkpt lat="-23.7601721" lon="133.0984276"></trkpt>
    <trkpt lat="-23.7604490" lon="133.0982192"></trkpt>
    <trkpt lat="-23.7605935" lon="133.0980550"></trkpt>
    <trkpt lat="-23.7607861" lon="133.0980049"></trkpt>
    <trkpt lat="-23.7608138" lon="133.0980045"></trkpt>
    <trkpt lat="-23.7608798" lon="133.0979415"></trkpt>
    <trkpt lat="-23.7609483" lon="133.0979128"></trkpt>
    <trkpt lat="-23.7610110" lon="133.0978994"></trkpt>
    <trkpt lat="-23.7611531" lon="133.0978064"></trkpt>
    <trkpt lat="-23.7612450" lon="133.0978013"></trkpt>
    <trkpt lat="-23.7613838" lon="133.0976922"></trkpt>
    <trkpt lat="-23.7614119" lon="133.0976930"></trkpt>
    <trkpt lat="-23.7616077" lon="133.0975752"></trkpt>
    <trkpt lat="-23.7616676" lon="133.0975716"></trkpt>
    <trkpt lat="-23.7617076" lon="133.0976126"></trkpt>
    <trkpt lat="-23.7617793" lon="133.0976796"></trkpt>
    <trkpt lat="-23.7618410" lon="133.0977000"></trkpt>
    <trkpt lat="-23.7619102" lon="133.0977044"></trkpt>
    <trkpt lat="-23.7620692" lon="133.0976256"></trkpt>
    <trkpt lat="-23.7622354" lon="133.0974854"></trkpt>
    <trkpt lat="-23.7622660" lon="133.0974007"></trkpt>
    <trkpt lat="-23.7622729" lon="133.0973904"></trkpt>
    <trkpt lat="-23.7626922" lon="133.0971872"></trkpt>
    <trkpt lat="-23.7627192" lon="133.0971801"></trkpt>
    <trkpt lat="-23.7631886" lon="133.0970284"></trkpt>
    <trkpt lat="-23.7633177" lon="133.0970138"></trkpt>
    <trkpt lat="-23.7633613" lon="133.0969847"></trkpt>
    <trkpt lat="-23.7636814" lon="133.0969000"></trkpt>
    <trkpt lat="-23.7637835" lon="133.0968602"></trkpt>
    <trkpt lat="-23.7638365" lon="133.0968559"></trkpt>
    <trkpt lat="-23.7638621" lon="133.0968397"></trkpt>
    <trkpt lat="-23.7639219" lon="133.0968492"></trkpt>
    <trkpt lat="-23.7641090" lon="133.0968547"></trkpt>
    <trkpt lat="-23.7642608" lon="133.0967850"></trkpt>
    <trkpt lat="-23.7643513" lon="133.0968425"></trkpt>
    <trkpt lat="-23.7645734" lon="133.0968701"></trkpt>
    <trkpt lat="-23.7646635" lon="133.0968200"></trkpt>
    <trkpt lat="-23.7646848" lon="133.0968212"></trkpt>
    <trkpt lat="-23.7648243" lon="133.0968078"></trkpt>
    <trkpt lat="-23.7649065" lon="133.0967578"></trkpt>
    <trkpt lat="-23.7650045" lon="133.0967728"></trkpt>
    <trkpt lat="-23.7650943" lon="133.0968003"></trkpt>
    <trkpt lat="-23.7651855" lon="133.0967783"></trkpt>
    <trkpt lat="-23.7652940" lon="133.0967842"></trkpt>
    <trkpt lat="-23.7653124" lon="133.0967649"></trkpt>
    <trkpt lat="-23.7654700" lon="133.0967405"></trkpt>
    <trkpt lat="-23.7654815" lon="133.0966975"></trkpt>
    <trkpt lat="-23.7655010" lon="133.0966829"></trkpt>
    <trkpt lat="-23.7655399" lon="133.0966562"></trkpt>
    <trkpt lat="-23.7656827" lon="133.0966187"></trkpt>
    <trkpt lat="-23.7657371" lon="133.0965368"></trkpt>
    <trkpt lat="-23.7657688" lon="133.0965128"></trkpt>
    <trkpt lat="-23.7658471" lon="133.0965061"></trkpt>
    <trkpt lat="-23.7659466" lon="133.0965151"></trkpt>
    <trkpt lat="-23.7660183" lon="133.0965403"></trkpt>
    <trkpt lat="-23.7662609" lon="133.0965683"></trkpt>
    <trkpt lat="-23.7663489" lon="133.0966684"></trkpt>
    <trkpt lat="-23.7663662" lon="133.0967149"></trkpt>
    <trkpt lat="-23.7664790" lon="133.0967672"></trkpt>
    <trkpt lat="-23.7664938" lon="133.0967889"></trkpt>
    <trkpt lat="-23.7665955" lon="133.0967669"></trkpt>
    <trkpt lat="-23.7666391" lon="133.0967129"></trkpt>
    <trkpt lat="-23.7666972" lon="133.0966664"></trkpt>
    <trkpt lat="-23.7667606" lon="133.0967152"></trkpt>
    <trkpt lat="-23.7669928" lon="133.0968961"></trkpt>
    <trkpt lat="-23.7670191" lon="133.0969461"></trkpt>
    <trkpt lat="-23.7671164" lon="133.0969591"></trkpt>
    <trkpt lat="-23.7671824" lon="133.0969902"></trkpt>
    <trkpt lat="-23.7673199" lon="133.0970861"></trkpt>
    <trkpt lat="-23.7673999" lon="133.0971419"></trkpt>
    <trkpt lat="-23.7674376" lon="133.0971683"></trkpt>
    <trkpt lat="-23.7674535" lon="133.0972114"></trkpt>
    <trkpt lat="-23.7674955" lon="133.0972921"></trkpt>
    <trkpt lat="-23.7675822" lon="133.0973495"></trkpt>
    <trkpt lat="-23.7676308" lon="133.0973567"></trkpt>
    <trkpt lat="-23.7676756" lon="133.0973314"></trkpt>
    <trkpt lat="-23.7677942" lon="133.0973357"></trkpt>
    <trkpt lat="-23.7680939" lon="133.0973962"></trkpt>
    <trkpt lat="-23.7683807" lon="133.0974585"></trkpt>
    <trkpt lat="-23.7684321" lon="133.0974557"></trkpt>
    <trkpt lat="-23.7684658" lon="133.0974320"></trkpt>
    <trkpt lat="-23.7685197" lon="133.0974248"></trkpt>
    <trkpt lat="-23.7685331" lon="133.0974894"></trkpt>
    <trkpt lat="-23.7685508" lon="133.0975052"></trkpt>
    <trkpt lat="-23.7686316" lon="133.0975197"></trkpt>
    <trkpt lat="-23.7687009" lon="133.0975380"></trkpt>
    <trkpt lat="-23.7687683" lon="133.0975476"></trkpt>
    <trkpt lat="-23.7688002" lon="133.0975068"></trkpt>
    <trkpt lat="-23.7688530" lon="133.0974875"></trkpt>
    <trkpt lat="-23.7689288" lon="133.0975197"></trkpt>
    <trkpt lat="-23.7690035" lon="133.0975170"></trkpt>
    <trkpt lat="-23.7690188" lon="133.0974979"></trkpt>
    <trkpt lat="-23.7690305" lon="133.0974744"></trkpt>
    <trkpt lat="-23.7690748" lon="133.0974435"></trkpt>
    <trkpt lat="-23.7691109" lon="133.0974086"></trkpt>
    <trkpt lat="-23.7691634" lon="133.0973694"></trkpt>
    <trkpt lat="-23.7692679" lon="133.0973624"></trkpt>
    <trkpt lat="-23.7693077" lon="133.0973130"></trkpt>
    <trkpt lat="-23.7693554" lon="133.0972911"></trkpt>
    <trkpt lat="-23.7694125" lon="133.0972701"></trkpt>
    <trkpt lat="-23.7694723" lon="133.0972799"></trkpt>
    <trkpt lat="-23.7695480" lon="133.0972764"></trkpt>
    <trkpt lat="-23.7696359" lon="133.0972960"></trkpt>
    <trkpt lat="-23.7697392" lon="133.0973872"></trkpt>
    <trkpt lat="-23.7697816" lon="133.0973439"></trkpt>
    <trkpt lat="-23.7698221" lon="133.0973177"></trkpt>
    <trkpt lat="-23.7699092" lon="133.0973028"></trkpt>
    <trkpt lat="-23.7699959" lon="133.0972947"></trkpt>
    <trkpt lat="-23.7700888" lon="133.0972577"></trkpt>
    <trkpt lat="-23.7701384" lon="133.0972468"></trkpt>
    <trkpt lat="-23.7702094" lon="133.0972928"></trkpt>
    <trkpt lat="-23.7702767" lon="133.0972947"></trkpt>
    <trkpt lat="-23.7703525" lon="133.0973153"></trkpt>
    <trkpt lat="-23.7704204" lon="133.0973543"></trkpt>
    <trkpt lat="-23.7704660" lon="133.0973498"></trkpt>
    <trkpt lat="-23.7705019" lon="133.0973573"></trkpt>
    <trkpt lat="-23.7705230" lon="133.0973574"></trkpt>
    <trkpt lat="-23.7705549" lon="133.0973630"></trkpt>
    <trkpt lat="-23.7705925" lon="133.0974002"></trkpt>
    <trkpt lat="-23.7707290" lon="133.0974029"></trkpt>
    <trkpt lat="-23.7707937" lon="133.0974134"></trkpt>
    <trkpt lat="-23.7708703" lon="133.0974077"></trkpt>
    <trkpt lat="-23.7709677" lon="133.0974165"></trkpt>
    <trkpt lat="-23.7710644" lon="133.0973983"></trkpt>
    <trkpt lat="-23.7710824" lon="133.0973579"></trkpt>
    <trkpt lat="-23.7711280" lon="133.0973291"></trkpt>
    <trkpt lat="-23.7711923" lon="133.0972686"></trkpt>
    <trkpt lat="-23.7713067" lon="133.0972805"></trkpt>
    <trkpt lat="-23.7713861" lon="133.0972501"></trkpt>
    <trkpt lat="-23.7714673" lon="133.0972890"></trkpt>
    <trkpt lat="-23.7716416" lon="133.0972464"></trkpt>
    <trkpt lat="-23.7717154" lon="133.0972100"></trkpt>
    <trkpt lat="-23.7717342" lon="133.0972053"></trkpt>
    <trkpt lat="-23.7717735" lon="133.0971733"></trkpt>
    <trkpt lat="-23.7718712" lon="133.0971282"></trkpt>
    <trkpt lat="-23.7719720" lon="133.0971430"></trkpt>
    <trkpt lat="-23.7720595" lon="133.0971960"></trkpt>
    <trkpt lat="-23.7721504" lon="133.0972136"></trkpt>
    <trkpt lat="-23.7722130" lon="133.0971721"></trkpt>
    <trkpt lat="-23.7723302" lon="133.0971765"></trkpt>
    <trkpt lat="-23.7724717" lon="133.0971884"></trkpt>
    <trkpt lat="-23.7724968" lon="133.0972377"></trkpt>
    <trkpt lat="-23.7725337" lon="133.0972532"></trkpt>
    <trkpt lat="-23.7726217" lon="133.0972452"></trkpt>
    <trkpt lat="-23.7726581" lon="133.0973052"></trkpt>
    <trkpt lat="-23.7726899" lon="133.0973202"></trkpt>
    <trkpt lat="-23.7727224" lon="133.0973377"></trkpt>
    <trkpt lat="-23.7728913" lon="133.0973854"></trkpt>
    <trkpt lat="-23.7728910" lon="133.0974175"></trkpt>
    <trkpt lat="-23.7729040" lon="133.0974471"></trkpt>
    <trkpt lat="-23.7729242" lon="133.0974605"></trkpt>
    <trkpt lat="-23.7729535" lon="133.0974542"></trkpt>
    <trkpt lat="-23.7730071" lon="133.0974788"></trkpt>
    <trkpt lat="-23.7730234" lon="133.0975010"></trkpt>
    <trkpt lat="-23.7730765" lon="133.0975428"></trkpt>
    <trkpt lat="-23.7731212" lon="133.0975471"></trkpt>
    <trkpt lat="-23.7731392" lon="133.0975893"></trkpt>
    <trkpt lat="-23.7731518" lon="133.0976051"></trkpt>
    <trkpt lat="-23.7732039" lon="133.0976046"></trkpt>
    <trkpt lat="-23.7732356" lon="133.0976246"></trkpt>
    <trkpt lat="-23.7733012" lon="133.0976557"></trkpt>
    <trkpt lat="-23.7733320" lon="133.0976839"></trkpt>
    <trkpt lat="-23.7733726" lon="133.0977828"></trkpt>
    <trkpt lat="-23.7733977" lon="133.0978104"></trkpt>
    <trkpt lat="-23.7734375" lon="133.0978141"></trkpt>
    <trkpt lat="-23.7734553" lon="133.0978177"></trkpt>
    <trkpt lat="-23.7734775" lon="133.0978383"></trkpt>
    <trkpt lat="-23.7734941" lon="133.0978379"></trkpt>
    <trkpt lat="-23.7735105" lon="133.0978176"></trkpt>
    <trkpt lat="-23.7735441" lon="133.0978254"></trkpt>
    <trkpt lat="-23.7735631" lon="133.0978738"></trkpt>
    <trkpt lat="-23.7735774" lon="133.0978806"></trkpt>
    <trkpt lat="-23.7735774" lon="133.0978952"></trkpt>
    <trkpt lat="-23.7735834" lon="133.0979035"></trkpt>
    <trkpt lat="-23.7736137" lon="133.0978539"></trkpt>
    <trkpt lat="-23.7736884" lon="133.0978344"></trkpt>
    <trkpt lat="-23.7736971" lon="133.0978707"></trkpt>
    <trkpt lat="-23.7737144" lon="133.0979138"></trkpt>
    <trkpt lat="-23.7737166" lon="133.0979733"></trkpt>
    <trkpt lat="-23.7737358" lon="133.0980601"></trkpt>
    <trkpt lat="-23.7737305" lon="133.0980995"></trkpt>
    <trkpt lat="-23.7737419" lon="133.0981141"></trkpt>
    <trkpt lat="-23.7737537" lon="133.0981202"></trkpt>
    <trkpt lat="-23.7737619" lon="133.0981116"></trkpt>
    <trkpt lat="-23.7737481" lon="133.0980930"></trkpt>
    <trkpt lat="-23.7737449" lon="133.0980778"></trkpt>
    <trkpt lat="-23.7737551" lon="133.0980694"></trkpt>
    <trkpt lat="-23.7737688" lon="133.0980747"></trkpt>
    <trkpt lat="-23.7737940" lon="133.0981396"></trkpt>
    <trkpt lat="-23.7738179" lon="133.0981658"></trkpt>
    <trkpt lat="-23.7738694" lon="133.0982028"></trkpt>
    <trkpt lat="-23.7738932" lon="133.0982522"></trkpt>
    <trkpt lat="-23.7739065" lon="133.0982511"></trkpt>
    <trkpt lat="-23.7738997" lon="133.0982060"></trkpt>
    <trkpt lat="-23.7739119" lon="133.0982010"></trkpt>
    <trkpt lat="-23.7739466" lon="133.0982272"></trkpt>
    <trkpt lat="-23.7739692" lon="133.0982577"></trkpt>
    <trkpt lat="-23.7739938" lon="133.0982697"></trkpt>
    <trkpt lat="-23.7740192" lon="133.0982576"></trkpt>
    <trkpt lat="-23.7740585" lon="133.0982782"></trkpt>
    <trkpt lat="-23.7740777" lon="133.0982764"></trkpt>
    <trkpt lat="-23.7740773" lon="133.0982622"></trkpt>
    <trkpt lat="-23.7741996" lon="133.0983030"></trkpt>
    <trkpt lat="-23.7742650" lon="133.0983548"></trkpt>
    <trkpt lat="-23.7743058" lon="133.0984159"></trkpt>
    <trkpt lat="-23.7743578" lon="133.0984536"></trkpt>
    <trkpt lat="-23.7745158" lon="133.0984903"></trkpt>
    <trkpt lat="-23.7746030" lon="133.0985189"></trkpt>
    <trkpt lat="-23.7747093" lon="133.0985282"></trkpt>
    <trkpt lat="-23.7747541" lon="133.0985757"></trkpt>
    <trkpt lat="-23.7748744" lon="133.0986723"></trkpt>
    <trkpt lat="-23.7749006" lon="133.0987096"></trkpt>
    <trkpt lat="-23.7749542" lon="133.0987263"></trkpt>
    <trkpt lat="-23.7749818" lon="133.0987894"></trkpt>
    <trkpt lat="-23.7750588" lon="133.0988370"></trkpt>
    <trkpt lat="-23.7752031" lon="133.0988463"></trkpt>
    <trkpt lat="-23.7752518" lon="133.0988903"></trkpt>
    <trkpt lat="-23.7752469" lon="133.0988711"></trkpt>
    <trkpt lat="-23.7752668" lon="133.0988681"></trkpt>
    <trkpt lat="-23.7753405" lon="133.0989015"></trkpt>
    <trkpt lat="-23.7753785" lon="133.0989004"></trkpt>
    <trkpt lat="-23.7754224" lon="133.0989418"></trkpt>
    <trkpt lat="-23.7754473" lon="133.0989817"></trkpt>
    <trkpt lat="-23.7754939" lon="133.0989899"></trkpt>
    <trkpt lat="-23.7755612" lon="133.0990328"></trkpt>
    <trkpt lat="-23.7756551" lon="133.0990801"></trkpt>
    <trkpt lat="-23.7757036" lon="133.0990545"></trkpt>
    <trkpt lat="-23.7757789" lon="133.0990395"></trkpt>
    <trkpt lat="-23.7758024" lon="133.0990301"></trkpt>
    <trkpt lat="-23.7758963" lon="133.0989926"></trkpt>
    <trkpt lat="-23.7759885" lon="133.0989525"></trkpt>
    <trkpt lat="-23.7760609" lon="133.0989601"></trkpt>
    <trkpt lat="-23.7761597" lon="133.0989885"></trkpt>
    <trkpt lat="-23.7763318" lon="133.0990334"></trkpt>
    <trkpt lat="-23.7763688" lon="133.0989911"></trkpt>
    <trkpt lat="-23.7764361" lon="133.0989788"></trkpt>
    <trkpt lat="-23.7764814" lon="133.0989678"></trkpt>
    <trkpt lat="-23.7764925" lon="133.0989394"></trkpt>
    <trkpt lat="-23.7765078" lon="133.0989018"></trkpt>
    <trkpt lat="-23.7765691" lon="133.0988757"></trkpt>
    <trkpt lat="-23.7766146" lon="133.0988984"></trkpt>
    <trkpt lat="-23.7766843" lon="133.0988812"></trkpt>
    <trkpt lat="-23.7767124" lon="133.0988941"></trkpt>
    <trkpt lat="-23.7767521" lon="133.0988458"></trkpt>
    <trkpt lat="-23.7767710" lon="133.0987840"></trkpt>
    <trkpt lat="-23.7768396" lon="133.0987556"></trkpt>
    <trkpt lat="-23.7768999" lon="133.0987160"></trkpt>
    <trkpt lat="-23.7770264" lon="133.0986877"></trkpt>
    <trkpt lat="-23.7771085" lon="133.0986857"></trkpt>
    <trkpt lat="-23.7772894" lon="133.0986005"></trkpt>
    <trkpt lat="-23.7773297" lon="133.0985665"></trkpt>
    <trkpt lat="-23.7773779" lon="133.0985754"></trkpt>
    <trkpt lat="-23.7775167" lon="133.0985195"></trkpt>
    <trkpt lat="-23.7775571" lon="133.0984884"></trkpt>
    <trkpt lat="-23.7776497" lon="133.0984150"></trkpt>
    <trkpt lat="-23.7777726" lon="133.0981669"></trkpt>
    <trkpt lat="-23.7777710" lon="133.0981482"></trkpt>
    <trkpt lat="-23.7778136" lon="133.0980934"></trkpt>
    <trkpt lat="-23.7778500" lon="133.0980065"></trkpt>
    <trkpt lat="-23.7780677" lon="133.0977369"></trkpt>
    <trkpt lat="-23.7780814" lon="133.0976593"></trkpt>
    <trkpt lat="-23.7781193" lon="133.0976133"></trkpt>
    <trkpt lat="-23.7781639" lon="133.0975956"></trkpt>
    <trkpt lat="-23.7782035" lon="133.0975664"></trkpt>
    <trkpt lat="-23.7782962" lon="133.0975428"></trkpt>
    <trkpt lat="-23.7783815" lon="133.0975067"></trkpt>
    <trkpt lat="-23.7784141" lon="133.0974495"></trkpt>
    <trkpt lat="-23.7786218" lon="133.0973281"></trkpt>
    <trkpt lat="-23.7787430" lon="133.0973717"></trkpt>
    <trkpt lat="-23.7788421" lon="133.0974112"></trkpt>
    <trkpt lat="-23.7789199" lon="133.0975412"></trkpt>
    <trkpt lat="-23.7790144" lon="133.0976531"></trkpt>
    <trkpt lat="-23.7790201" lon="133.0977171"></trkpt>
    <trkpt lat="-23.7790518" lon="133.0977776"></trkpt>
    <trkpt lat="-23.7790806" lon="133.0978155"></trkpt>
    <trkpt lat="-23.7791472" lon="133.0978799"></trkpt>
    <trkpt lat="-23.7791647" lon="133.0979214"></trkpt>
    <trkpt lat="-23.7792461" lon="133.0979664"></trkpt>
    <trkpt lat="-23.7792832" lon="133.0979692"></trkpt>
    <trkpt lat="-23.7793574" lon="133.0980405"></trkpt>
    <trkpt lat="-23.7794432" lon="133.0981021"></trkpt>
    <trkpt lat="-23.7795327" lon="133.0981720"></trkpt>
    <trkpt lat="-23.7796389" lon="133.0982502"></trkpt>
    <trkpt lat="-23.7797694" lon="133.0983174"></trkpt>
    <trkpt lat="-23.7798660" lon="133.0983810"></trkpt>
    <trkpt lat="-23.7799336" lon="133.0983769"></trkpt>
    <trkpt lat="-23.7799971" lon="133.0984488"></trkpt>
    <trkpt lat="-23.7800278" lon="133.0984851"></trkpt>
    <trkpt lat="-23.7801033" lon="133.0985564"></trkpt>
    <trkpt lat="-23.7801964" lon="133.0986287"></trkpt>
    <trkpt lat="-23.7802188" lon="133.0986188"></trkpt>
    <trkpt lat="-23.7802926" lon="133.0985921"></trkpt>
    <trkpt lat="-23.7802987" lon="133.0985368"></trkpt>
    <trkpt lat="-23.7803406" lon="133.0984956"></trkpt>
    <trkpt lat="-23.7803884" lon="133.0985100"></trkpt>
    <trkpt lat="-23.7804443" lon="133.0984837"></trkpt>
    <trkpt lat="-23.7805945" lon="133.0983875"></trkpt>
    <trkpt lat="-23.7806107" lon="133.0983946"></trkpt>
    <trkpt lat="-23.7806241" lon="133.0984130"></trkpt>
    <trkpt lat="-23.7806623" lon="133.0984463"></trkpt>
    <trkpt lat="-23.7806907" lon="133.0984159"></trkpt>
    <trkpt lat="-23.7807161" lon="133.0983201"></trkpt>
    <trkpt lat="-23.7808080" lon="133.0982667"></trkpt>
    <trkpt lat="-23.7807942" lon="133.0981887"></trkpt>
    <trkpt lat="-23.7808514" lon="133.0981428"></trkpt>
    <trkpt lat="-23.7808530" lon="133.0980559"></trkpt>
    <trkpt lat="-23.7808735" lon="133.0980028"></trkpt>
    <trkpt lat="-23.7808905" lon="133.0979510"></trkpt>
    <trkpt lat="-23.7808888" lon="133.0979287"></trkpt>
    <trkpt lat="-23.7809010" lon="133.0978593"></trkpt>
    <trkpt lat="-23.7809391" lon="133.0978182"></trkpt>
    <trkpt lat="-23.7810062" lon="133.0977065"></trkpt>
    <trkpt lat="-23.7810730" lon="133.0976490"></trkpt>
    <trkpt lat="-23.7811098" lon="133.0975330"></trkpt>
    <trkpt lat="-23.7811153" lon="133.0974558"></trkpt>
    <trkpt lat="-23.7810917" lon="133.0973336"></trkpt>
    <trkpt lat="-23.7811137" lon="133.0970865"></trkpt>
    <trkpt lat="-23.7811314" lon="133.0969714"></trkpt>
    <trkpt lat="-23.7811717" lon="133.0969005"></trkpt>
    <trkpt lat="-23.7811466" lon="133.0968167"></trkpt>
    <trkpt lat="-23.7811406" lon="133.0966687"></trkpt>
    <trkpt lat="-23.7811667" lon="133.0966331"></trkpt>
    <trkpt lat="-23.7810801" lon="133.0964634"></trkpt>
    <trkpt lat="-23.7810948" lon="133.0963172"></trkpt>
    <trkpt lat="-23.7810574" lon="133.0961151"></trkpt>
    <trkpt lat="-23.7809935" lon="133.0960025"></trkpt>
    <trkpt lat="-23.7810138" lon="133.0959448"></trkpt>
    <trkpt lat="-23.7809840" lon="133.0957536"></trkpt>
    <trkpt lat="-23.7809744" lon="133.0954315"></trkpt>
    <trkpt lat="-23.7809375" lon="133.0953358"></trkpt>
    <trkpt lat="-23.7808880" lon="133.0951940"></trkpt>
    <trkpt lat="-23.7808614" lon="133.0949664"></trkpt>
    <trkpt lat="-23.7808945" lon="133.0948943"></trkpt>
    <trkpt lat="-23.7808952" lon="133.0947638"></trkpt>
    <trkpt lat="-23.7809743" lon="133.0945980"></trkpt>
    <trkpt lat="-23.7809485" lon="133.0945132"></trkpt>
    <trkpt lat="-23.7809891" lon="133.0943463"></trkpt>
    <trkpt lat="-23.7809139" lon="133.0941920"></trkpt>
    <trkpt lat="-23.7808956" lon="133.0940613"></trkpt>
    <trkpt lat="-23.7809594" lon="133.0938399"></trkpt>
    <trkpt lat="-23.7809720" lon="133.0937572"></trkpt>
    <trkpt lat="-23.7809668" lon="133.0936622"></trkpt>
    <trkpt lat="-23.7810619" lon="133.0932952"></trkpt>
    <trkpt lat="-23.7809889" lon="133.0930192"></trkpt>
    <trkpt lat="-23.7809741" lon="133.0927793"></trkpt>
    <trkpt lat="-23.7809576" lon="133.0927301"></trkpt>
    <trkpt lat="-23.7808458" lon="133.0924022"></trkpt>
    <trkpt lat="-23.7806543" lon="133.0921447"></trkpt>
    <trkpt lat="-23.7806425" lon="133.0920126"></trkpt>
    <trkpt lat="-23.7806286" lon="133.0919107"></trkpt>
    <trkpt lat="-23.7805758" lon="133.0918229"></trkpt>
    <trkpt lat="-23.7805370" lon="133.0916770"></trkpt>
    <trkpt lat="-23.7804771" lon="133.0916195"></trkpt>
    <trkpt lat="-23.7804334" lon="133.0915117"></trkpt>
    <trkpt lat="-23.7804377" lon="133.0914099"></trkpt>
    <trkpt lat="-23.7804255" lon="133.0913622"></trkpt>
    <trkpt lat="-23.7804117" lon="133.0913315"></trkpt>
    <trkpt lat="-23.7804043" lon="133.0913116"></trkpt>
    <trkpt lat="-23.7804286" lon="133.0912517"></trkpt>
    <trkpt lat="-23.7805064" lon="133.0911511"></trkpt>
    <trkpt lat="-23.7805415" lon="133.0911392"></trkpt>
    <trkpt lat="-23.7805595" lon="133.0910969"></trkpt>
    <trkpt lat="-23.7806089" lon="133.0909625"></trkpt>
    <trkpt lat="-23.7806111" lon="133.0909460"></trkpt>
    <trkpt lat="-23.7806075" lon="133.0909117"></trkpt>
    <trkpt lat="-23.7805393" lon="133.0906192"></trkpt>
    <trkpt lat="-23.7805134" lon="133.0905134"></trkpt>
    <trkpt lat="-23.7804728" lon="133.0904519"></trkpt>
    <trkpt lat="-23.7805862" lon="133.0902042"></trkpt>
    <trkpt lat="-23.7806080" lon="133.0900891"></trkpt>
    <trkpt lat="-23.7805906" lon="133.0900480"></trkpt>
    <trkpt lat="-23.7805684" lon="133.0897402"></trkpt>
    <trkpt lat="-23.7805739" lon="133.0897006"></trkpt>
    <trkpt lat="-23.7805463" lon="133.0896035"></trkpt>
    <trkpt lat="-23.7805697" lon="133.0893177"></trkpt>
    <trkpt lat="-23.7806084" lon="133.0892633"></trkpt>
    <trkpt lat="-23.7806342" lon="133.0891752"></trkpt>
    <trkpt lat="-23.7806680" lon="133.0890592"></trkpt>
    <trkpt lat="-23.7806785" lon="133.0889287"></trkpt>
    <trkpt lat="-23.7806987" lon="133.0887850"></trkpt>
    <trkpt lat="-23.7806702" lon="133.0885681"></trkpt>
    <trkpt lat="-23.7807280" lon="133.0881536"></trkpt>
    <trkpt lat="-23.7808038" lon="133.0879773"></trkpt>
    <trkpt lat="-23.7808321" lon="133.0879458"></trkpt>
    <trkpt lat="-23.7808573" lon="133.0877684"></trkpt>
    <trkpt lat="-23.7809903" lon="133.0875990"></trkpt>
    <trkpt lat="-23.7810326" lon="133.0873138"></trkpt>
    <trkpt lat="-23.7810697" lon="133.0870833"></trkpt>
    <trkpt lat="-23.7811153" lon="133.0868567"></trkpt>
    <trkpt lat="-23.7811148" lon="133.0866366"></trkpt>
    <trkpt lat="-23.7811180" lon="133.0865125"></trkpt>
    <trkpt lat="-23.7811495" lon="133.0864435"></trkpt>
    <trkpt lat="-23.7811519" lon="133.0863567"></trkpt>
    <trkpt lat="-23.7811730" lon="133.0862911"></trkpt>
    <trkpt lat="-23.7812153" lon="133.0862795"></trkpt>
    <trkpt lat="-23.7813599" lon="133.0864031"></trkpt>
    <trkpt lat="-23.7814567" lon="133.0863737"></trkpt>
    <trkpt lat="-23.7814720" lon="133.0863163"></trkpt>
    <trkpt lat="-23.7814790" lon="133.0862814"></trkpt>
    <trkpt lat="-23.7814000" lon="133.0857761"></trkpt>
    <trkpt lat="-23.7813419" lon="133.0856449"></trkpt>
    <trkpt lat="-23.7812669" lon="133.0854548"></trkpt>
    <trkpt lat="-23.7811261" lon="133.0847558"></trkpt>
    <trkpt lat="-23.7810597" lon="133.0845400"></trkpt>
    <trkpt lat="-23.7810683" lon="133.0843556"></trkpt>
    <trkpt lat="-23.7810916" lon="133.0842526"></trkpt>
    <trkpt lat="-23.7810619" lon="133.0841405"></trkpt>
    <trkpt lat="-23.7810073" lon="133.0839356"></trkpt>
    <trkpt lat="-23.7809924" lon="133.0837768"></trkpt>
    <trkpt lat="-23.7809414" lon="133.0837104"></trkpt>
    <trkpt lat="-23.7808509" lon="133.0834342"></trkpt>
    <trkpt lat="-23.7808081" lon="133.0833115"></trkpt>
    <trkpt lat="-23.7807917" lon="133.0832628"></trkpt>
    <trkpt lat="-23.7808028" lon="133.0831999"></trkpt>
    <trkpt lat="-23.7807649" lon="133.0826938"></trkpt>
    <trkpt lat="-23.7807741" lon="133.0822776"></trkpt>
    <trkpt lat="-23.7807673" lon="133.0821024"></trkpt>
    <trkpt lat="-23.7807252" lon="133.0819597"></trkpt>
    <trkpt lat="-23.7806856" lon="133.0818802"></trkpt>
    <trkpt lat="-23.7806882" lon="133.0817423"></trkpt>
    <trkpt lat="-23.7806725" lon="133.0815594"></trkpt>
    <trkpt lat="-23.7806839" lon="133.0813192"></trkpt>
    <trkpt lat="-23.7807451" lon="133.0810389"></trkpt>
    <trkpt lat="-23.7807474" lon="133.0807578"></trkpt>
    <trkpt lat="-23.7807536" lon="133.0806068"></trkpt>
    <trkpt lat="-23.7807962" lon="133.0802614"></trkpt>
    <trkpt lat="-23.7807675" lon="133.0801674"></trkpt>
    <trkpt lat="-23.7807082" lon="133.0798538"></trkpt>
    <trkpt lat="-23.7807330" lon="133.0797111"></trkpt>
    <trkpt lat="-23.7807416" lon="133.0795685"></trkpt>
    <trkpt lat="-23.7807086" lon="133.0793306"></trkpt>
    <trkpt lat="-23.7806359" lon="133.0790120"></trkpt>
    <trkpt lat="-23.7806347" lon="133.0789690"></trkpt>
    <trkpt lat="-23.7805319" lon="133.0786788"></trkpt>
    <trkpt lat="-23.7804766" lon="133.0784859"></trkpt>
    <trkpt lat="-23.7803839" lon="133.0781277"></trkpt>
    <trkpt lat="-23.7803018" lon="133.0777846"></trkpt>
    <trkpt lat="-23.7802295" lon="133.0777316"></trkpt>
    <trkpt lat="-23.7802416" lon="133.0776735"></trkpt>
    <trkpt lat="-23.7802628" lon="133.0775718"></trkpt>
    <trkpt lat="-23.7802484" lon="133.0774401"></trkpt>
    <trkpt lat="-23.7801989" lon="133.0773182"></trkpt>
    <trkpt lat="-23.7801218" lon="133.0772060"></trkpt>
    <trkpt lat="-23.7801328" lon="133.0771072"></trkpt>
    <trkpt lat="-23.7800561" lon="133.0770459"></trkpt>
    <trkpt lat="-23.7800128" lon="133.0768862"></trkpt>
    <trkpt lat="-23.7800058" lon="133.0768070"></trkpt>
    <trkpt lat="-23.7799968" lon="133.0767283"></trkpt>
    <trkpt lat="-23.7799457" lon="133.0766992"></trkpt>
    <trkpt lat="-23.7798661" lon="133.0765348"></trkpt>
    <trkpt lat="-23.7798833" lon="133.0764660"></trkpt>
    <trkpt lat="-23.7798999" lon="133.0763291"></trkpt>
    <trkpt lat="-23.7798855" lon="133.0761443"></trkpt>
    <trkpt lat="-23.7798892" lon="133.0760310"></trkpt>
    <trkpt lat="-23.7798480" lon="133.0758383"></trkpt>
    <trkpt lat="-23.7798533" lon="133.0757051"></trkpt>
    <trkpt lat="-23.7798878" lon="133.0756131"></trkpt>
    <trkpt lat="-23.7798581" lon="133.0755281"></trkpt>
    <trkpt lat="-23.7798159" lon="133.0754702"></trkpt>
    <trkpt lat="-23.7798185" lon="133.0754135"></trkpt>
    <trkpt lat="-23.7798271" lon="133.0752866"></trkpt>
    <trkpt lat="-23.7798172" lon="133.0751230"></trkpt>
    <trkpt lat="-23.7797881" lon="133.0750177"></trkpt>
    <trkpt lat="-23.7798107" lon="133.0749044"></trkpt>
    <trkpt lat="-23.7797928" lon="133.0748542"></trkpt>
    <trkpt lat="-23.7797943" lon="133.0748249"></trkpt>
    <trkpt lat="-23.7797846" lon="133.0747645"></trkpt>
    <trkpt lat="-23.7798033" lon="133.0746247"></trkpt>
    <trkpt lat="-23.7797911" lon="133.0745302"></trkpt>
    <trkpt lat="-23.7798072" lon="133.0744340"></trkpt>
    <trkpt lat="-23.7798155" lon="133.0742957"></trkpt>
    <trkpt lat="-23.7797789" lon="133.0741270"></trkpt>
    <trkpt lat="-23.7797994" lon="133.0740948"></trkpt>
    <trkpt lat="-23.7798135" lon="133.0739492"></trkpt>
    <trkpt lat="-23.7798120" lon="133.0738891"></trkpt>
    <trkpt lat="-23.7798147" lon="133.0738807"></trkpt>
    <trkpt lat="-23.7798096" lon="133.0738026"></trkpt>
    <trkpt lat="-23.7797425" lon="133.0737666"></trkpt>
    <trkpt lat="-23.7797522" lon="133.0736992"></trkpt>
    <trkpt lat="-23.7798048" lon="133.0736350"></trkpt>
    <trkpt lat="-23.7798180" lon="133.0735182"></trkpt>
    <trkpt lat="-23.7798246" lon="133.0734513"></trkpt>
    <trkpt lat="-23.7798808" lon="133.0733375"></trkpt>
    <trkpt lat="-23.7798756" lon="133.0733050"></trkpt>
    <trkpt lat="-23.7798814" lon="133.0732797"></trkpt>
    <trkpt lat="-23.7799089" lon="133.0732446"></trkpt>
    <trkpt lat="-23.7799527" lon="133.0730526"></trkpt>
    <trkpt lat="-23.7799258" lon="133.0729609"></trkpt>
    <trkpt lat="-23.7798988" lon="133.0728692"></trkpt>
    <trkpt lat="-23.7798718" lon="133.0727776"></trkpt>
    <trkpt lat="-23.7798449" lon="133.0726859"></trkpt>
    <trkpt lat="-23.7796872" lon="133.0725260"></trkpt>
    <trkpt lat="-23.7796197" lon="133.0723401"></trkpt>
    <trkpt lat="-23.7794067" lon="133.0721323"></trkpt>
    <trkpt lat="-23.7793285" lon="133.0720087"></trkpt>
    <trkpt lat="-23.7792867" lon="133.0719401"></trkpt>
    <trkpt lat="-23.7792681" lon="133.0718575"></trkpt>
    <trkpt lat="-23.7791912" lon="133.0716468"></trkpt>
    <trkpt lat="-23.7791308" lon="133.0715358"></trkpt>
    <trkpt lat="-23.7790775" lon="133.0714204"></trkpt>
    <trkpt lat="-23.7790788" lon="133.0714059"></trkpt>
    <trkpt lat="-23.7790987" lon="133.0713987"></trkpt>
    <trkpt lat="-23.7790964" lon="133.0713754"></trkpt>
    <trkpt lat="-23.7790769" lon="133.0713748"></trkpt>
    <trkpt lat="-23.7790721" lon="133.0713608"></trkpt>
    <trkpt lat="-23.7791104" lon="133.0713384"></trkpt>
    <trkpt lat="-23.7791339" lon="133.0713154"></trkpt>
    <trkpt lat="-23.7791854" lon="133.0712797"></trkpt>
    <trkpt lat="-23.7791989" lon="133.0712209"></trkpt>
    <trkpt lat="-23.7791717" lon="133.0710624"></trkpt>
    <trkpt lat="-23.7791840" lon="133.0710007"></trkpt>
    <trkpt lat="-23.7791045" lon="133.0709296"></trkpt>
    <trkpt lat="-23.7789097" lon="133.0709351"></trkpt>
    <trkpt lat="-23.7788456" lon="133.0708769"></trkpt>
    <trkpt lat="-23.7788071" lon="133.0708512"></trkpt>
    <trkpt lat="-23.7787593" lon="133.0708182"></trkpt>
    <trkpt lat="-23.7787379" lon="133.0706966"></trkpt>
    <trkpt lat="-23.7787960" lon="133.0706033"></trkpt>
    <trkpt lat="-23.7787990" lon="133.0705196"></trkpt>
    <trkpt lat="-23.7788412" lon="133.0704823"></trkpt>
    <trkpt lat="-23.7788503" lon="133.0703013"></trkpt>
    <trkpt lat="-23.7788945" lon="133.0702366"></trkpt>
    <trkpt lat="-23.7788685" lon="133.0700918"></trkpt>
    <trkpt lat="-23.7788557" lon="133.0699964"></trkpt>
    <trkpt lat="-23.7788186" lon="133.0699605"></trkpt>
    <trkpt lat="-23.7788047" lon="133.0699101"></trkpt>
    <trkpt lat="-23.7788062" lon="133.0696800"></trkpt>
    <trkpt lat="-23.7788110" lon="133.0695284"></trkpt>
    <trkpt lat="-23.7788507" lon="133.0693296"></trkpt>
    <trkpt lat="-23.7788889" lon="133.0692185"></trkpt>
    <trkpt lat="-23.7789280" lon="133.0691324"></trkpt>
    <trkpt lat="-23.7789522" lon="133.0690066"></trkpt>
    <trkpt lat="-23.7790168" lon="133.0688901"></trkpt>
    <trkpt lat="-23.7790080" lon="133.0687033"></trkpt>
    <trkpt lat="-23.7790185" lon="133.0685700"></trkpt>
    <trkpt lat="-23.7789254" lon="133.0684259"></trkpt>
    <trkpt lat="-23.7789279" lon="133.0683263"></trkpt>
    <trkpt lat="-23.7790415" lon="133.0681893"></trkpt>
    <trkpt lat="-23.7790205" lon="133.0681017"></trkpt>
    <trkpt lat="-23.7790017" lon="133.0680396"></trkpt>
    <trkpt lat="-23.7790185" lon="133.0679821"></trkpt>
    <trkpt lat="-23.7790119" lon="133.0679455"></trkpt>
    <trkpt lat="-23.7790305" lon="133.0678796"></trkpt>
    <trkpt lat="-23.7790193" lon="133.0678203"></trkpt>
    <trkpt lat="-23.7789910" lon="133.0677882"></trkpt>
    <trkpt lat="-23.7789665" lon="133.0677175"></trkpt>
    <trkpt lat="-23.7789775" lon="133.0676545"></trkpt>
    <trkpt lat="-23.7789448" lon="133.0675481"></trkpt>
    <trkpt lat="-23.7789067" lon="133.0674802"></trkpt>
    <trkpt lat="-23.7789074" lon="133.0674301"></trkpt>
    <trkpt lat="-23.7788827" lon="133.0673560"></trkpt>
    <trkpt lat="-23.7789075" lon="133.0673555"></trkpt>
    <trkpt lat="-23.7789486" lon="133.0673965"></trkpt>
    <trkpt lat="-23.7789963" lon="133.0673852"></trkpt>
    <trkpt lat="-23.7790046" lon="133.0672868"></trkpt>
    <trkpt lat="-23.7790380" lon="133.0671813"></trkpt>
    <trkpt lat="-23.7790230" lon="133.0671072"></trkpt>
    <trkpt lat="-23.7790355" lon="133.0670145"></trkpt>
    <trkpt lat="-23.7790832" lon="133.0669492"></trkpt>
    <trkpt lat="-23.7790605" lon="133.0668804"></trkpt>
    <trkpt lat="-23.7791002" lon="133.0668374"></trkpt>
    <trkpt lat="-23.7791152" lon="133.0668111"></trkpt>
    <trkpt lat="-23.7790703" lon="133.0667700"></trkpt>
    <trkpt lat="-23.7790703" lon="133.0667321"></trkpt>
    <trkpt lat="-23.7790729" lon="133.0666336"></trkpt>
    <trkpt lat="-23.7790432" lon="133.0665532"></trkpt>
    <trkpt lat="-23.7789487" lon="133.0664391"></trkpt>
    <trkpt lat="-23.7789106" lon="133.0662512"></trkpt>
    <trkpt lat="-23.7789285" lon="133.0661585"></trkpt>
    <trkpt lat="-23.7788056" lon="133.0660146"></trkpt>
    <trkpt lat="-23.7787969" lon="133.0659053"></trkpt>
    <trkpt lat="-23.7787939" lon="133.0658153"></trkpt>
    <trkpt lat="-23.7788256" lon="133.0657887"></trkpt>
    <trkpt lat="-23.7788820" lon="133.0657932"></trkpt>
    <trkpt lat="-23.7789259" lon="133.0658026"></trkpt>
    <trkpt lat="-23.7790023" lon="133.0658160"></trkpt>
    <trkpt lat="-23.7789926" lon="133.0658863"></trkpt>
    <trkpt lat="-23.7790234" lon="133.0658802"></trkpt>
    <trkpt lat="-23.7790639" lon="133.0658899"></trkpt>
    <trkpt lat="-23.7791376" lon="133.0658838"></trkpt>
    <trkpt lat="-23.7791621" lon="133.0658665"></trkpt>
    <trkpt lat="-23.7791720" lon="133.0658741"></trkpt>
    <trkpt lat="-23.7792008" lon="133.0658741"></trkpt>
    <trkpt lat="-23.7792352" lon="133.0659501"></trkpt>
    <trkpt lat="-23.7792826" lon="133.0659398"></trkpt>
    <trkpt lat="-23.7793049" lon="133.0658959"></trkpt>
    <trkpt lat="-23.7793539" lon="133.0658926"></trkpt>
    <trkpt lat="-23.7793747" lon="133.0658265"></trkpt>
    <trkpt lat="-23.7793898" lon="133.0657315"></trkpt>
    <trkpt lat="-23.7793947" lon="133.0656583"></trkpt>
    <trkpt lat="-23.7794340" lon="133.0656014"></trkpt>
    <trkpt lat="-23.7794544" lon="133.0655757"></trkpt>
    <trkpt lat="-23.7794670" lon="133.0655285"></trkpt>
    <trkpt lat="-23.7794386" lon="133.0653311"></trkpt>
    <trkpt lat="-23.7794624" lon="133.0652306"></trkpt>
    <trkpt lat="-23.7794834" lon="133.0651706"></trkpt>
    <trkpt lat="-23.7794766" lon="133.0651032"></trkpt>
    <trkpt lat="-23.7794705" lon="133.0650851"></trkpt>
    <trkpt lat="-23.7794442" lon="133.0650366"></trkpt>
    <trkpt lat="-23.7794201" lon="133.0649922"></trkpt>
    <trkpt lat="-23.7794366" lon="133.0649377"></trkpt>
    <trkpt lat="-23.7794364" lon="133.0648968"></trkpt>
    <trkpt lat="-23.7793768" lon="133.0647791"></trkpt>
    <trkpt lat="-23.7794140" lon="133.0645902"></trkpt>
    <trkpt lat="-23.7794006" lon="133.0643997"></trkpt>
    <trkpt lat="-23.7793584" lon="133.0643636"></trkpt>
    <trkpt lat="-23.7793648" lon="133.0643232"></trkpt>
    <trkpt lat="-23.7794011" lon="133.0642877"></trkpt>
    <trkpt lat="-23.7794443" lon="133.0642443"></trkpt>
    <trkpt lat="-23.7794789" lon="133.0642054"></trkpt>
    <trkpt lat="-23.7794588" lon="133.0641765"></trkpt>
    <trkpt lat="-23.7794215" lon="133.0641291"></trkpt>
    <trkpt lat="-23.7794427" lon="133.0640823"></trkpt>
    <trkpt lat="-23.7794702" lon="133.0640105"></trkpt>
    <trkpt lat="-23.7795177" lon="133.0639712"></trkpt>
    <trkpt lat="-23.7795182" lon="133.0639217"></trkpt>
    <trkpt lat="-23.7795494" lon="133.0639038"></trkpt>
    <trkpt lat="-23.7795130" lon="133.0638677"></trkpt>
    <trkpt lat="-23.7795677" lon="133.0637807"></trkpt>
    <trkpt lat="-23.7796290" lon="133.0637270"></trkpt>
    <trkpt lat="-23.7796118" lon="133.0636604"></trkpt>
    <trkpt lat="-23.7795799" lon="133.0636275"></trkpt>
    <trkpt lat="-23.7795726" lon="133.0635762"></trkpt>
    <trkpt lat="-23.7796612" lon="133.0634002"></trkpt>
    <trkpt lat="-23.7796867" lon="133.0632783"></trkpt>
    <trkpt lat="-23.7797418" lon="133.0631702"></trkpt>
    <trkpt lat="-23.7797719" lon="133.0631266"></trkpt>
    <trkpt lat="-23.7798837" lon="133.0628893"></trkpt>
    <trkpt lat="-23.7798965" lon="133.0628572"></trkpt>
    <trkpt lat="-23.7799871" lon="133.0627637"></trkpt>
    <trkpt lat="-23.7800127" lon="133.0626849"></trkpt>
    <trkpt lat="-23.7800877" lon="133.0626383"></trkpt>
    <trkpt lat="-23.7801588" lon="133.0625585"></trkpt>
    <trkpt lat="-23.7801594" lon="133.0625396"></trkpt>
    <trkpt lat="-23.7801808" lon="133.0625073"></trkpt>
    <trkpt lat="-23.7801943" lon="133.0624756"></trkpt>
    <trkpt lat="-23.7801665" lon="133.0624134"></trkpt>
    <trkpt lat="-23.7801308" lon="133.0623577"></trkpt>
    <trkpt lat="-23.7800866" lon="133.0622221"></trkpt>
    <trkpt lat="-23.7800796" lon="133.0621006"></trkpt>
    <trkpt lat="-23.7800974" lon="133.0619135"></trkpt>
    <trkpt lat="-23.7799985" lon="133.0617730"></trkpt>
    <trkpt lat="-23.7799878" lon="133.0617181"></trkpt>
    <trkpt lat="-23.7800158" lon="133.0616156"></trkpt>
    <trkpt lat="-23.7800407" lon="133.0614672"></trkpt>
    <trkpt lat="-23.7800439" lon="133.0612796"></trkpt>
    <trkpt lat="-23.7800176" lon="133.0611382"></trkpt>
    <trkpt lat="-23.7800313" lon="133.0610020"></trkpt>
    <trkpt lat="-23.7800492" lon="133.0608934"></trkpt>
    <trkpt lat="-23.7800351" lon="133.0607691"></trkpt>
    <trkpt lat="-23.7800210" lon="133.0606771"></trkpt>
    <trkpt lat="-23.7800848" lon="133.0606273"></trkpt>
    <trkpt lat="-23.7801165" lon="133.0605329"></trkpt>
    <trkpt lat="-23.7801263" lon="133.0603934"></trkpt>
    <trkpt lat="-23.7801869" lon="133.0602985"></trkpt>
    <trkpt lat="-23.7801522" lon="133.0601500"></trkpt>
    <trkpt lat="-23.7802303" lon="133.0600615"></trkpt>
    <trkpt lat="-23.7802622" lon="133.0600562"></trkpt>
    <trkpt lat="-23.7804366" lon="133.0599605"></trkpt>
    <trkpt lat="-23.7804234" lon="133.0598905"></trkpt>
    <trkpt lat="-23.7804288" lon="133.0598281"></trkpt>
    <trkpt lat="-23.7803668" lon="133.0594596"></trkpt>
    <trkpt lat="-23.7802680" lon="133.0593726"></trkpt>
    <trkpt lat="-23.7801641" lon="133.0589539"></trkpt>
    <trkpt lat="-23.7801788" lon="133.0587910"></trkpt>
    <trkpt lat="-23.7801231" lon="133.0585702"></trkpt>
    <trkpt lat="-23.7800563" lon="133.0585235"></trkpt>
    <trkpt lat="-23.7800124" lon="133.0584618"></trkpt>
    <trkpt lat="-23.7799716" lon="133.0583357"></trkpt>
    <trkpt lat="-23.7799180" lon="133.0582343"></trkpt>
    <trkpt lat="-23.7798419" lon="133.0582224"></trkpt>
    <trkpt lat="-23.7797926" lon="133.0581334"></trkpt>
    <trkpt lat="-23.7797255" lon="133.0580683"></trkpt>
    <trkpt lat="-23.7796853" lon="133.0579627"></trkpt>
    <trkpt lat="-23.7796588" lon="133.0579265"></trkpt>
    <trkpt lat="-23.7796147" lon="133.0578133"></trkpt>
    <trkpt lat="-23.7796071" lon="133.0577881"></trkpt>
    <trkpt lat="-23.7796096" lon="133.0577609"></trkpt>
    <trkpt lat="-23.7795542" lon="133.0576347"></trkpt>
    <trkpt lat="-23.7795267" lon="133.0574489"></trkpt>
    <trkpt lat="-23.7795040" lon="133.0573255"></trkpt>
    <trkpt lat="-23.7794464" lon="133.0570692"></trkpt>
    <trkpt lat="-23.7793238" lon="133.0568753"></trkpt>
    <trkpt lat="-23.7793284" lon="133.0567496"></trkpt>
    <trkpt lat="-23.7792158" lon="133.0565425"></trkpt>
    <trkpt lat="-23.7791902" lon="133.0564419"></trkpt>
    <trkpt lat="-23.7792452" lon="133.0563511"></trkpt>
    <trkpt lat="-23.7791881" lon="133.0561926"></trkpt>
    <trkpt lat="-23.7791994" lon="133.0560779"></trkpt>
    <trkpt lat="-23.7791399" lon="133.0559025"></trkpt>
    <trkpt lat="-23.7790556" lon="133.0557010"></trkpt>
    <trkpt lat="-23.7790022" lon="133.0555466"></trkpt>
    <trkpt lat="-23.7789321" lon="133.0553666"></trkpt>
    <trkpt lat="-23.7788820" lon="133.0551950"></trkpt>
    <trkpt lat="-23.7787829" lon="133.0550719"></trkpt>
    <trkpt lat="-23.7787285" lon="133.0549666"></trkpt>
    <trkpt lat="-23.7787324" lon="133.0548377"></trkpt>
    <trkpt lat="-23.7787461" lon="133.0548114"></trkpt>
    <trkpt lat="-23.7788156" lon="133.0547871"></trkpt>
    <trkpt lat="-23.7788880" lon="133.0545097"></trkpt>
    <trkpt lat="-23.7789167" lon="133.0542770"></trkpt>
    <trkpt lat="-23.7789744" lon="133.0540634"></trkpt>
    <trkpt lat="-23.7790759" lon="133.0538600"></trkpt>
    <trkpt lat="-23.7790890" lon="133.0537730"></trkpt>
    <trkpt lat="-23.7791240" lon="133.0537316"></trkpt>
    <trkpt lat="-23.7791550" lon="133.0537025"></trkpt>
    <trkpt lat="-23.7792541" lon="133.0537427"></trkpt>
    <trkpt lat="-23.7793410" lon="133.0537443"></trkpt>
    <trkpt lat="-23.7794752" lon="133.0537103"></trkpt>
    <trkpt lat="-23.7795615" lon="133.0537454"></trkpt>
    <trkpt lat="-23.7795977" lon="133.0537906"></trkpt>
    <trkpt lat="-23.7797015" lon="133.0538315"></trkpt>
    <trkpt lat="-23.7797595" lon="133.0538385"></trkpt>
    <trkpt lat="-23.7800014" lon="133.0539780"></trkpt>
    <trkpt lat="-23.7801832" lon="133.0540178"></trkpt>
    <trkpt lat="-23.7803436" lon="133.0538271"></trkpt>
    <trkpt lat="-23.7803532" lon="133.0535474"></trkpt>
    <trkpt lat="-23.7803649" lon="133.0533335"></trkpt>
    <trkpt lat="-23.7803796" lon="133.0532385"></trkpt>
    <trkpt lat="-23.7803604" lon="133.0531528"></trkpt>
    <trkpt lat="-23.7803278" lon="133.0531014"></trkpt>
    <trkpt lat="-23.7803042" lon="133.0529938"></trkpt>
    <trkpt lat="-23.7802945" lon="133.0528521"></trkpt>
    <trkpt lat="-23.7802514" lon="133.0527948"></trkpt>
    <trkpt lat="-23.7801586" lon="133.0526412"></trkpt>
    <trkpt lat="-23.7800674" lon="133.0524580"></trkpt>
    <trkpt lat="-23.7800141" lon="133.0524178"></trkpt>
    <trkpt lat="-23.7799968" lon="133.0523485"></trkpt>
    <trkpt lat="-23.7799567" lon="133.0522990"></trkpt>
    <trkpt lat="-23.7799391" lon="133.0522341"></trkpt>
    <trkpt lat="-23.7799459" lon="133.0522114"></trkpt>
    <trkpt lat="-23.7799407" lon="133.0519894"></trkpt>
    <trkpt lat="-23.7799465" lon="133.0517764"></trkpt>
    <trkpt lat="-23.7799234" lon="133.0515704"></trkpt>
    <trkpt lat="-23.7799458" lon="133.0513901"></trkpt>
    <trkpt lat="-23.7799808" lon="133.0512236"></trkpt>
    <trkpt lat="-23.7799831" lon="133.0509329"></trkpt>
    <trkpt lat="-23.7800176" lon="133.0506599"></trkpt>
    <trkpt lat="-23.7800505" lon="133.0505321"></trkpt>
    <trkpt lat="-23.7800197" lon="133.0504556"></trkpt>
    <trkpt lat="-23.7799180" lon="133.0503457"></trkpt>
    <trkpt lat="-23.7798130" lon="133.0502609"></trkpt>
    <trkpt lat="-23.7797901" lon="133.0501719"></trkpt>
    <trkpt lat="-23.7797947" lon="133.0500820"></trkpt>
    <trkpt lat="-23.7798504" lon="133.0499839"></trkpt>
    <trkpt lat="-23.7798028" lon="133.0497692"></trkpt>
    <trkpt lat="-23.7797993" lon="133.0496545"></trkpt>
    <trkpt lat="-23.7798093" lon="133.0495354"></trkpt>
    <trkpt lat="-23.7797508" lon="133.0494003"></trkpt>
    <trkpt lat="-23.7796346" lon="133.0493325"></trkpt>
    <trkpt lat="-23.7796533" lon="133.0492781"></trkpt>
    <trkpt lat="-23.7796886" lon="133.0492157"></trkpt>
    <trkpt lat="-23.7797109" lon="133.0490970"></trkpt>
    <trkpt lat="-23.7796632" lon="133.0490820"></trkpt>
    <trkpt lat="-23.7796374" lon="133.0489334"></trkpt>
    <trkpt lat="-23.7797125" lon="133.0488569"></trkpt>
    <trkpt lat="-23.7797358" lon="133.0488055"></trkpt>
    <trkpt lat="-23.7797236" lon="133.0487377"></trkpt>
    <trkpt lat="-23.7796870" lon="133.0486767"></trkpt>
    <trkpt lat="-23.7796802" lon="133.0485533"></trkpt>
    <trkpt lat="-23.7796313" lon="133.0482747"></trkpt>
    <trkpt lat="-23.7796067" lon="133.0480996"></trkpt>
    <trkpt lat="-23.7795173" lon="133.0479918"></trkpt>
    <trkpt lat="-23.7794550" lon="133.0479859"></trkpt>
    <trkpt lat="-23.7794215" lon="133.0479809"></trkpt>
    <trkpt lat="-23.7794123" lon="133.0479351"></trkpt>
    <trkpt lat="-23.7793553" lon="133.0477639"></trkpt>
    <trkpt lat="-23.7793590" lon="133.0477342"></trkpt>
    <trkpt lat="-23.7793828" lon="133.0477054"></trkpt>
    <trkpt lat="-23.7794431" lon="133.0475571"></trkpt>
    <trkpt lat="-23.7794139" lon="133.0474471"></trkpt>
    <trkpt lat="-23.7794361" lon="133.0474003"></trkpt>
    <trkpt lat="-23.7793984" lon="133.0473411"></trkpt>
    <trkpt lat="-23.7794259" lon="133.0472682"></trkpt>
    <trkpt lat="-23.7793854" lon="133.0472183"></trkpt>
    <trkpt lat="-23.7793984" lon="133.0471790"></trkpt>
    <trkpt lat="-23.7793797" lon="133.0471503"></trkpt>
    <trkpt lat="-23.7793674" lon="133.0470792"></trkpt>
    <trkpt lat="-23.7793980" lon="133.0470038"></trkpt>
    <trkpt lat="-23.7793889" lon="133.0469647"></trkpt>
    <trkpt lat="-23.7794253" lon="133.0468910"></trkpt>
    <trkpt lat="-23.7794415" lon="133.0468158"></trkpt>
    <trkpt lat="-23.7794455" lon="133.0467563"></trkpt>
    <trkpt lat="-23.7794429" lon="133.0466827"></trkpt>
    <trkpt lat="-23.7793714" lon="133.0466039"></trkpt>
    <trkpt lat="-23.7793719" lon="133.0465605"></trkpt>
    <trkpt lat="-23.7794083" lon="133.0463726"></trkpt>
    <trkpt lat="-23.7793589" lon="133.0462838"></trkpt>
    <trkpt lat="-23.7793250" lon="133.0461217"></trkpt>
    <trkpt lat="-23.7792548" lon="133.0459679"></trkpt>
    <trkpt lat="-23.7792423" lon="133.0456591"></trkpt>
    <trkpt lat="-23.7792472" lon="133.0456449"></trkpt>
    <trkpt lat="-23.7792830" lon="133.0456044"></trkpt>
    <trkpt lat="-23.7793664" lon="133.0456476"></trkpt>
    <trkpt lat="-23.7794222" lon="133.0455264"></trkpt>
    <trkpt lat="-23.7794557" lon="133.0455276"></trkpt>
    <trkpt lat="-23.7795529" lon="133.0456161"></trkpt>
    <trkpt lat="-23.7795838" lon="133.0456194"></trkpt>
    <trkpt lat="-23.7795915" lon="133.0455604"></trkpt>
    <trkpt lat="-23.7796615" lon="133.0455432"></trkpt>
    <trkpt lat="-23.7796698" lon="133.0454798"></trkpt>
    <trkpt lat="-23.7796466" lon="133.0454193"></trkpt>
    <trkpt lat="-23.7796623" lon="133.0453658"></trkpt>
    <trkpt lat="-23.7798183" lon="133.0451886"></trkpt>
    <trkpt lat="-23.7799737" lon="133.0450977"></trkpt>
    <trkpt lat="-23.7800209" lon="133.0448936"></trkpt>
    <trkpt lat="-23.7801265" lon="133.0446863"></trkpt>
    <trkpt lat="-23.7800966" lon="133.0445555"></trkpt>
    <trkpt lat="-23.7801053" lon="133.0444535"></trkpt>
    <trkpt lat="-23.7801170" lon="133.0443300"></trkpt>
    <trkpt lat="-23.7800964" lon="133.0442348"></trkpt>
    <trkpt lat="-23.7800968" lon="133.0440197"></trkpt>
    <trkpt lat="-23.7801185" lon="133.0437853"></trkpt>
    <trkpt lat="-23.7801165" lon="133.0435576"></trkpt>
    <trkpt lat="-23.7800836" lon="133.0434130"></trkpt>
    <trkpt lat="-23.7800884" lon="133.0433155"></trkpt>
    <trkpt lat="-23.7800498" lon="133.0431715"></trkpt>
    <trkpt lat="-23.7800209" lon="133.0431246"></trkpt>
    <trkpt lat="-23.7799950" lon="133.0429823"></trkpt>
    <trkpt lat="-23.7800429" lon="133.0428307"></trkpt>
    <trkpt lat="-23.7800303" lon="133.0427238"></trkpt>
    <trkpt lat="-23.7800357" lon="133.0427073"></trkpt>
    <trkpt lat="-23.7800245" lon="133.0424174"></trkpt>
    <trkpt lat="-23.7799816" lon="133.0422590"></trkpt>
    <trkpt lat="-23.7799650" lon="133.0421014"></trkpt>
    <trkpt lat="-23.7799728" lon="133.0419186"></trkpt>
    <trkpt lat="-23.7799293" lon="133.0417626"></trkpt>
    <trkpt lat="-23.7799157" lon="133.0415969"></trkpt>
    <trkpt lat="-23.7798565" lon="133.0414356"></trkpt>
    <trkpt lat="-23.7798865" lon="133.0413677"></trkpt>
    <trkpt lat="-23.7798215" lon="133.0412528"></trkpt>
    <trkpt lat="-23.7797987" lon="133.0411262"></trkpt>
    <trkpt lat="-23.7797977" lon="133.0410412"></trkpt>
    <trkpt lat="-23.7797566" lon="133.0409121"></trkpt>
    <trkpt lat="-23.7797428" lon="133.0406618"></trkpt>
    <trkpt lat="-23.7796768" lon="133.0404493"></trkpt>
    <trkpt lat="-23.7796474" lon="133.0404056"></trkpt>
    <trkpt lat="-23.7796083" lon="133.0403725"></trkpt>
    <trkpt lat="-23.7795837" lon="133.0402645"></trkpt>
    <trkpt lat="-23.7795603" lon="133.0402159"></trkpt>
    <trkpt lat="-23.7795919" lon="133.0401011"></trkpt>
    <trkpt lat="-23.7796023" lon="133.0399640"></trkpt>
    <trkpt lat="-23.7796654" lon="133.0398902"></trkpt>
    <trkpt lat="-23.7796364" lon="133.0398226"></trkpt>
    <trkpt lat="-23.7796041" lon="133.0397831"></trkpt>
    <trkpt lat="-23.7795976" lon="133.0397533"></trkpt>
    <trkpt lat="-23.7796394" lon="133.0397227"></trkpt>
    <trkpt lat="-23.7796708" lon="133.0396765"></trkpt>
    <trkpt lat="-23.7796730" lon="133.0395860"></trkpt>
    <trkpt lat="-23.7796748" lon="133.0395133"></trkpt>
    <trkpt lat="-23.7796125" lon="133.0393672"></trkpt>
    <trkpt lat="-23.7796023" lon="133.0392970"></trkpt>
    <trkpt lat="-23.7796487" lon="133.0392219"></trkpt>
    <trkpt lat="-23.7796176" lon="133.0391756"></trkpt>
    <trkpt lat="-23.7795726" lon="133.0391228"></trkpt>
    <trkpt lat="-23.7796262" lon="133.0391021"></trkpt>
    <trkpt lat="-23.7796644" lon="133.0390599"></trkpt>
    <trkpt lat="-23.7796589" lon="133.0389889"></trkpt>
    <trkpt lat="-23.7796334" lon="133.0388320"></trkpt>
    <trkpt lat="-23.7795984" lon="133.0386663"></trkpt>
    <trkpt lat="-23.7795948" lon="133.0386119"></trkpt>
    <trkpt lat="-23.7795549" lon="133.0385483"></trkpt>
    <trkpt lat="-23.7795316" lon="133.0385135"></trkpt>
    <trkpt lat="-23.7795298" lon="133.0384389"></trkpt>
    <trkpt lat="-23.7795461" lon="133.0383463"></trkpt>
    <trkpt lat="-23.7794950" lon="133.0382252"></trkpt>
    <trkpt lat="-23.7794743" lon="133.0381962"></trkpt>
    <trkpt lat="-23.7795079" lon="133.0381462"></trkpt>
    <trkpt lat="-23.7794985" lon="133.0381021"></trkpt>
    <trkpt lat="-23.7794680" lon="133.0380496"></trkpt>
    <trkpt lat="-23.7794759" lon="133.0379983"></trkpt>
    <trkpt lat="-23.7795122" lon="133.0379722"></trkpt>
    <trkpt lat="-23.7795148" lon="133.0379331"></trkpt>
    <trkpt lat="-23.7794920" lon="133.0379105"></trkpt>
    <trkpt lat="-23.7794999" lon="133.0378802"></trkpt>
    <trkpt lat="-23.7795118" lon="133.0377869"></trkpt>
    <trkpt lat="-23.7795318" lon="133.0376849"></trkpt>
    <trkpt lat="-23.7794909" lon="133.0376356"></trkpt>
    <trkpt lat="-23.7794623" lon="133.0373568"></trkpt>
    <trkpt lat="-23.7794787" lon="133.0372553"></trkpt>
    <trkpt lat="-23.7794694" lon="133.0370316"></trkpt>
    <trkpt lat="-23.7794455" lon="133.0369317"></trkpt>
    <trkpt lat="-23.7794516" lon="133.0368953"></trkpt>
    <trkpt lat="-23.7794383" lon="133.0368527"></trkpt>
    <trkpt lat="-23.7794383" lon="133.0367940"></trkpt>
    <trkpt lat="-23.7794156" lon="133.0367125"></trkpt>
    <trkpt lat="-23.7794167" lon="133.0366487"></trkpt>
    <trkpt lat="-23.7794152" lon="133.0366157"></trkpt>
    <trkpt lat="-23.7794441" lon="133.0365977"></trkpt>
    <trkpt lat="-23.7795043" lon="133.0365533"></trkpt>
    <trkpt lat="-23.7794920" lon="133.0364422"></trkpt>
    <trkpt lat="-23.7794870" lon="133.0364024"></trkpt>
    <trkpt lat="-23.7794354" lon="133.0362893"></trkpt>
    <trkpt lat="-23.7794192" lon="133.0361942"></trkpt>
    <trkpt lat="-23.7793825" lon="133.0361192"></trkpt>
    <trkpt lat="-23.7793676" lon="133.0360742"></trkpt>
    <trkpt lat="-23.7793354" lon="133.0359187"></trkpt>
    <trkpt lat="-23.7792966" lon="133.0358434"></trkpt>
    <trkpt lat="-23.7793135" lon="133.0358244"></trkpt>
    <trkpt lat="-23.7792710" lon="133.0356972"></trkpt>
    <trkpt lat="-23.7792804" lon="133.0355262"></trkpt>
    <trkpt lat="-23.7792916" lon="133.0354768"></trkpt>
    <trkpt lat="-23.7792997" lon="133.0354393"></trkpt>
    <trkpt lat="-23.7793189" lon="133.0353796"></trkpt>
    <trkpt lat="-23.7793204" lon="133.0353438"></trkpt>
    <trkpt lat="-23.7793034" lon="133.0352871"></trkpt>
    <trkpt lat="-23.7792955" lon="133.0352461"></trkpt>
    <trkpt lat="-23.7793121" lon="133.0352063"></trkpt>
    <trkpt lat="-23.7793447" lon="133.0351933"></trkpt>
    <trkpt lat="-23.7793827" lon="133.0352083"></trkpt>
    <trkpt lat="-23.7794117" lon="133.0351536"></trkpt>
    <trkpt lat="-23.7794193" lon="133.0350553"></trkpt>
    <trkpt lat="-23.7794298" lon="133.0349913"></trkpt>
    <trkpt lat="-23.7794558" lon="133.0348877"></trkpt>
    <trkpt lat="-23.7795270" lon="133.0348781"></trkpt>
    <trkpt lat="-23.7796187" lon="133.0348915"></trkpt>
    <trkpt lat="-23.7796733" lon="133.0348806"></trkpt>
    <trkpt lat="-23.7797098" lon="133.0348250"></trkpt>
    <trkpt lat="-23.7798505" lon="133.0347655"></trkpt>
    <trkpt lat="-23.7798763" lon="133.0346676"></trkpt>
    <trkpt lat="-23.7798670" lon="133.0345517"></trkpt>
    <trkpt lat="-23.7799199" lon="133.0344403"></trkpt>
    <trkpt lat="-23.7798848" lon="133.0343731"></trkpt>
    <trkpt lat="-23.7798813" lon="133.0342761"></trkpt>
    <trkpt lat="-23.7798686" lon="133.0342141"></trkpt>
    <trkpt lat="-23.7798426" lon="133.0341659"></trkpt>
    <trkpt lat="-23.7797945" lon="133.0341797"></trkpt>
    <trkpt lat="-23.7797634" lon="133.0341747"></trkpt>
    <trkpt lat="-23.7796907" lon="133.0341382"></trkpt>
    <trkpt lat="-23.7796589" lon="133.0340935"></trkpt>
    <trkpt lat="-23.7795939" lon="133.0340700"></trkpt>
    <trkpt lat="-23.7795559" lon="133.0340550"></trkpt>
    <trkpt lat="-23.7795374" lon="133.0339355"></trkpt>
    <trkpt lat="-23.7794688" lon="133.0338699"></trkpt>
    <trkpt lat="-23.7793085" lon="133.0337496"></trkpt>
    <trkpt lat="-23.7792536" lon="133.0336933"></trkpt>
    <trkpt lat="-23.7791919" lon="133.0336498"></trkpt>
    <trkpt lat="-23.7791336" lon="133.0336406"></trkpt>
    <trkpt lat="-23.7790947" lon="133.0336260"></trkpt>
    <trkpt lat="-23.7789835" lon="133.0335256"></trkpt>
    <trkpt lat="-23.7789614" lon="133.0334589"></trkpt>
    <trkpt lat="-23.7789353" lon="133.0334480"></trkpt>
    <trkpt lat="-23.7788786" lon="133.0333844"></trkpt>
    <trkpt lat="-23.7788461" lon="133.0332850"></trkpt>
    <trkpt lat="-23.7788221" lon="133.0332155"></trkpt>
    <trkpt lat="-23.7787970" lon="133.0331947"></trkpt>
    <trkpt lat="-23.7786550" lon="133.0329459"></trkpt>
    <trkpt lat="-23.7786319" lon="133.0327994"></trkpt>
    <trkpt lat="-23.7787060" lon="133.0327208"></trkpt>
    <trkpt lat="-23.7787299" lon="133.0326140"></trkpt>
    <trkpt lat="-23.7787057" lon="133.0325466"></trkpt>
    <trkpt lat="-23.7786676" lon="133.0325084"></trkpt>
    <trkpt lat="-23.7786707" lon="133.0324002"></trkpt>
    <trkpt lat="-23.7786804" lon="133.0323498"></trkpt>
    <trkpt lat="-23.7786272" lon="133.0323355"></trkpt>
    <trkpt lat="-23.7786007" lon="133.0323367"></trkpt>
    <trkpt lat="-23.7786587" lon="133.0321586"></trkpt>
    <trkpt lat="-23.7786682" lon="133.0320310"></trkpt>
    <trkpt lat="-23.7786614" lon="133.0319242"></trkpt>
    <trkpt lat="-23.7786910" lon="133.0318597"></trkpt>
    <trkpt lat="-23.7786722" lon="133.0318271"></trkpt>
    <trkpt lat="-23.7786876" lon="133.0317826"></trkpt>
    <trkpt lat="-23.7787463" lon="133.0315729"></trkpt>
    <trkpt lat="-23.7786894" lon="133.0315198"></trkpt>
    <trkpt lat="-23.7786916" lon="133.0314696"></trkpt>
    <trkpt lat="-23.7787098" lon="133.0313038"></trkpt>
    <trkpt lat="-23.7787098" lon="133.0312539"></trkpt>
    <trkpt lat="-23.7787249" lon="133.0311558"></trkpt>
    <trkpt lat="-23.7787131" lon="133.0310466"></trkpt>
    <trkpt lat="-23.7786626" lon="133.0308852"></trkpt>
    <trkpt lat="-23.7786496" lon="133.0307811"></trkpt>
    <trkpt lat="-23.7786141" lon="133.0307566"></trkpt>
    <trkpt lat="-23.7785045" lon="133.0306838"></trkpt>
    <trkpt lat="-23.7784734" lon="133.0306501"></trkpt>
    <trkpt lat="-23.7784200" lon="133.0306181"></trkpt>
    <trkpt lat="-23.7784220" lon="133.0305935"></trkpt>
    <trkpt lat="-23.7784629" lon="133.0305553"></trkpt>
    <trkpt lat="-23.7784665" lon="133.0304909"></trkpt>
    <trkpt lat="-23.7784424" lon="133.0304335"></trkpt>
    <trkpt lat="-23.7784330" lon="133.0303478"></trkpt>
    <trkpt lat="-23.7783884" lon="133.0303033"></trkpt>
    <trkpt lat="-23.7782912" lon="133.0302229"></trkpt>
    <trkpt lat="-23.7782832" lon="133.0301851"></trkpt>
    <trkpt lat="-23.7782256" lon="133.0301179"></trkpt>
    <trkpt lat="-23.7782118" lon="133.0300482"></trkpt>
    <trkpt lat="-23.7781544" lon="133.0298183"></trkpt>
    <trkpt lat="-23.7781772" lon="133.0297810"></trkpt>
    <trkpt lat="-23.7781802" lon="133.0297595"></trkpt>
    <trkpt lat="-23.7782016" lon="133.0297598"></trkpt>
    <trkpt lat="-23.7782145" lon="133.0297648"></trkpt>
    <trkpt lat="-23.7782185" lon="133.0297481"></trkpt>
    <trkpt lat="-23.7782123" lon="133.0297214"></trkpt>
    <trkpt lat="-23.7782265" lon="133.0296848"></trkpt>
    <trkpt lat="-23.7782850" lon="133.0296246"></trkpt>
    <trkpt lat="-23.7783657" lon="133.0295613"></trkpt>
    <trkpt lat="-23.7784032" lon="133.0295356"></trkpt>
    <trkpt lat="-23.7784310" lon="133.0294958"></trkpt>
    <trkpt lat="-23.7784218" lon="133.0294188"></trkpt>
    <trkpt lat="-23.7784502" lon="133.0293411"></trkpt>
    <trkpt lat="-23.7784358" lon="133.0292981"></trkpt>
    <trkpt lat="-23.7784025" lon="133.0292301"></trkpt>
    <trkpt lat="-23.7784130" lon="133.0291736"></trkpt>
    <trkpt lat="-23.7783927" lon="133.0290931"></trkpt>
    <trkpt lat="-23.7784029" lon="133.0289122"></trkpt>
    <trkpt lat="-23.7783873" lon="133.0288744"></trkpt>
    <trkpt lat="-23.7784035" lon="133.0288606"></trkpt>
    <trkpt lat="-23.7784396" lon="133.0288474"></trkpt>
    <trkpt lat="-23.7785028" lon="133.0287915"></trkpt>
    <trkpt lat="-23.7784797" lon="133.0287292"></trkpt>
    <trkpt lat="-23.7784782" lon="133.0287070"></trkpt>
    <trkpt lat="-23.7784796" lon="133.0286910"></trkpt>
    <trkpt lat="-23.7785067" lon="133.0286461"></trkpt>
    <trkpt lat="-23.7785352" lon="133.0286250"></trkpt>
    <trkpt lat="-23.7785958" lon="133.0285853"></trkpt>
    <trkpt lat="-23.7786325" lon="133.0285587"></trkpt>
    <trkpt lat="-23.7786213" lon="133.0285001"></trkpt>
    <trkpt lat="-23.7786012" lon="133.0284473"></trkpt>
    <trkpt lat="-23.7785721" lon="133.0283923"></trkpt>
    <trkpt lat="-23.7786050" lon="133.0283474"></trkpt>
    <trkpt lat="-23.7786091" lon="133.0283028"></trkpt>
    <trkpt lat="-23.7786008" lon="133.0282643"></trkpt>
    <trkpt lat="-23.7785756" lon="133.0281484"></trkpt>
    <trkpt lat="-23.7785233" lon="133.0280493"></trkpt>
    <trkpt lat="-23.7784813" lon="133.0278653"></trkpt>
    <trkpt lat="-23.7784790" lon="133.0277244"></trkpt>
    <trkpt lat="-23.7784586" lon="133.0276776"></trkpt>
    <trkpt lat="-23.7784448" lon="133.0275825"></trkpt>
    <trkpt lat="-23.7784375" lon="133.0274518"></trkpt>
    <trkpt lat="-23.7783662" lon="133.0273119"></trkpt>
    <trkpt lat="-23.7783319" lon="133.0272188"></trkpt>
    <trkpt lat="-23.7783252" lon="133.0271327"></trkpt>
    <trkpt lat="-23.7782895" lon="133.0269646"></trkpt>
    <trkpt lat="-23.7783008" lon="133.0268514"></trkpt>
    <trkpt lat="-23.7782877" lon="133.0267339"></trkpt>
    <trkpt lat="-23.7782333" lon="133.0266234"></trkpt>
    <trkpt lat="-23.7782385" lon="133.0264989"></trkpt>
    <trkpt lat="-23.7782109" lon="133.0263692"></trkpt>
    <trkpt lat="-23.7781849" lon="133.0262395"></trkpt>
    <trkpt lat="-23.7781420" lon="133.0260623"></trkpt>
    <trkpt lat="-23.7781275" lon="133.0259462"></trkpt>
    <trkpt lat="-23.7780831" lon="133.0259151"></trkpt>
    <trkpt lat="-23.7780774" lon="133.0258860"></trkpt>
    <trkpt lat="-23.7780759" lon="133.0258531"></trkpt>
    <trkpt lat="-23.7780278" lon="133.0257902"></trkpt>
    <trkpt lat="-23.7780158" lon="133.0257505"></trkpt>
    <trkpt lat="-23.7780046" lon="133.0256938"></trkpt>
    <trkpt lat="-23.7780283" lon="133.0256349"></trkpt>
    <trkpt lat="-23.7780378" lon="133.0255484"></trkpt>
    <trkpt lat="-23.7779912" lon="133.0255035"></trkpt>
    <trkpt lat="-23.7779485" lon="133.0254173"></trkpt>
    <trkpt lat="-23.7779225" lon="133.0252750"></trkpt>
    <trkpt lat="-23.7779006" lon="133.0252195"></trkpt>
    <trkpt lat="-23.7778769" lon="133.0251152"></trkpt>
    <trkpt lat="-23.7779036" lon="133.0250579"></trkpt>
    <trkpt lat="-23.7778856" lon="133.0250271"></trkpt>
    <trkpt lat="-23.7778398" lon="133.0249641"></trkpt>
    <trkpt lat="-23.7778437" lon="133.0248640"></trkpt>
    <trkpt lat="-23.7778266" lon="133.0248009"></trkpt>
    <trkpt lat="-23.7778096" lon="133.0247012"></trkpt>
    <trkpt lat="-23.7777985" lon="133.0246056"></trkpt>
    <trkpt lat="-23.7777672" lon="133.0245533"></trkpt>
    <trkpt lat="-23.7777693" lon="133.0243816"></trkpt>
    <trkpt lat="-23.7777708" lon="133.0242528"></trkpt>
    <trkpt lat="-23.7777563" lon="133.0241951"></trkpt>
    <trkpt lat="-23.7777602" lon="133.0241613"></trkpt>
    <trkpt lat="-23.7777604" lon="133.0241367"></trkpt>
    <trkpt lat="-23.7777550" lon="133.0241175"></trkpt>
    <trkpt lat="-23.7777512" lon="133.0240939"></trkpt>
    <trkpt lat="-23.7777352" lon="133.0240657"></trkpt>
    <trkpt lat="-23.7777193" lon="133.0240313"></trkpt>
    <trkpt lat="-23.7777052" lon="133.0239931"></trkpt>
    <trkpt lat="-23.7777171" lon="133.0239619"></trkpt>
    <trkpt lat="-23.7777454" lon="133.0239524"></trkpt>
    <trkpt lat="-23.7777055" lon="133.0239036"></trkpt>
    <trkpt lat="-23.7776823" lon="133.0238369"></trkpt>
    <trkpt lat="-23.7776141" lon="133.0237112"></trkpt>
    <trkpt lat="-23.7776215" lon="133.0236469"></trkpt>
    <trkpt lat="-23.7775209" lon="133.0234077"></trkpt>
    <trkpt lat="-23.7775043" lon="133.0232909"></trkpt>
    <trkpt lat="-23.7774438" lon="133.0232149"></trkpt>
    <trkpt lat="-23.7774123" lon="133.0231123"></trkpt>
    <trkpt lat="-23.7773025" lon="133.0228248"></trkpt>
    <trkpt lat="-23.7772600" lon="133.0226763"></trkpt>
    <trkpt lat="-23.7772526" lon="133.0225426"></trkpt>
    <trkpt lat="-23.7772388" lon="133.0225118"></trkpt>
    <trkpt lat="-23.7772057" lon="133.0224453"></trkpt>
    <trkpt lat="-23.7772136" lon="133.0223795"></trkpt>
    <trkpt lat="-23.7771644" lon="133.0223286"></trkpt>
    <trkpt lat="-23.7771436" lon="133.0222796"></trkpt>
    <trkpt lat="-23.7771128" lon="133.0222327"></trkpt>
    <trkpt lat="-23.7771007" lon="133.0221986"></trkpt>
    <trkpt lat="-23.7771019" lon="133.0221477"></trkpt>
    <trkpt lat="-23.7770813" lon="133.0221027"></trkpt>
    <trkpt lat="-23.7770706" lon="133.0220535"></trkpt>
    <trkpt lat="-23.7770203" lon="133.0220208"></trkpt>
    <trkpt lat="-23.7770080" lon="133.0219817"></trkpt>
    <trkpt lat="-23.7769966" lon="133.0219380"></trkpt>
    <trkpt lat="-23.7769718" lon="133.0218990"></trkpt>
    <trkpt lat="-23.7769255" lon="133.0218843"></trkpt>
    <trkpt lat="-23.7769072" lon="133.0218403"></trkpt>
    <trkpt lat="-23.7769093" lon="133.0218265"></trkpt>
    <trkpt lat="-23.7769145" lon="133.0218303"></trkpt>
    <trkpt lat="-23.7769158" lon="133.0218214"></trkpt>
    <trkpt lat="-23.7769140" lon="133.0218126"></trkpt>
    <trkpt lat="-23.7769079" lon="133.0218003"></trkpt>
    <trkpt lat="-23.7768849" lon="133.0217745"></trkpt>
    <trkpt lat="-23.7768892" lon="133.0217573"></trkpt>
    <trkpt lat="-23.7768697" lon="133.0217307"></trkpt>
    <trkpt lat="-23.7768563" lon="133.0216419"></trkpt>
    <trkpt lat="-23.7768350" lon="133.0215957"></trkpt>
    <trkpt lat="-23.7768139" lon="133.0216042"></trkpt>
    <trkpt lat="-23.7767806" lon="133.0215777"></trkpt>
    <trkpt lat="-23.7767607" lon="133.0215431"></trkpt>
    <trkpt lat="-23.7767213" lon="133.0214877"></trkpt>
    <trkpt lat="-23.7766663" lon="133.0214526"></trkpt>
    <trkpt lat="-23.7766474" lon="133.0213972"></trkpt>
    <trkpt lat="-23.7766183" lon="133.0213482"></trkpt>
    <trkpt lat="-23.7766126" lon="133.0212304"></trkpt>
    <trkpt lat="-23.7766059" lon="133.0211927"></trkpt>
    <trkpt lat="-23.7766290" lon="133.0210520"></trkpt>
    <trkpt lat="-23.7766426" lon="133.0209007"></trkpt>
    <trkpt lat="-23.7766470" lon="133.0207936"></trkpt>
    <trkpt lat="-23.7766095" lon="133.0207372"></trkpt>
    <trkpt lat="-23.7766174" lon="133.0206901"></trkpt>
    <trkpt lat="-23.7766159" lon="133.0205986"></trkpt>
    <trkpt lat="-23.7766494" lon="133.0204735"></trkpt>
    <trkpt lat="-23.7766838" lon="133.0204344"></trkpt>
    <trkpt lat="-23.7766961" lon="133.0203679"></trkpt>
    <trkpt lat="-23.7766615" lon="133.0202087"></trkpt>
    <trkpt lat="-23.7766170" lon="133.0201828"></trkpt>
    <trkpt lat="-23.7766014" lon="133.0201197"></trkpt>
    <trkpt lat="-23.7766116" lon="133.0200820"></trkpt>
    <trkpt lat="-23.7765967" lon="133.0200333"></trkpt>
    <trkpt lat="-23.7765802" lon="133.0199638"></trkpt>
    <trkpt lat="-23.7765889" lon="133.0199151"></trkpt>
    <trkpt lat="-23.7765515" lon="133.0198393"></trkpt>
    <trkpt lat="-23.7765560" lon="133.0197792"></trkpt>
    <trkpt lat="-23.7765749" lon="133.0197576"></trkpt>
    <trkpt lat="-23.7766073" lon="133.0197714"></trkpt>
    <trkpt lat="-23.7766011" lon="133.0196968"></trkpt>
    <trkpt lat="-23.7765766" lon="133.0195741"></trkpt>
    <trkpt lat="-23.7765568" lon="133.0195614"></trkpt>
    <trkpt lat="-23.7765485" lon="133.0195320"></trkpt>
    <trkpt lat="-23.7765619" lon="133.0195252"></trkpt>
    <trkpt lat="-23.7765838" lon="133.0195300"></trkpt>
    <trkpt lat="-23.7766107" lon="133.0195225"></trkpt>
    <trkpt lat="-23.7766394" lon="133.0194939"></trkpt>
    <trkpt lat="-23.7766509" lon="133.0195024"></trkpt>
    <trkpt lat="-23.7766550" lon="133.0194625"></trkpt>
    <trkpt lat="-23.7766967" lon="133.0194474"></trkpt>
    <trkpt lat="-23.7767263" lon="133.0193766"></trkpt>
    <trkpt lat="-23.7768491" lon="133.0193701"></trkpt>
    <trkpt lat="-23.7768926" lon="133.0193247"></trkpt>
    <trkpt lat="-23.7770101" lon="133.0191504"></trkpt>
    <trkpt lat="-23.7770450" lon="133.0191127"></trkpt>
    <trkpt lat="-23.7770852" lon="133.0190553"></trkpt>
    <trkpt lat="-23.7771227" lon="133.0190389"></trkpt>
    <trkpt lat="-23.7770998" lon="133.0190017"></trkpt>
    <trkpt lat="-23.7771778" lon="133.0189263"></trkpt>
    <trkpt lat="-23.7772117" lon="133.0189058"></trkpt>
    <trkpt lat="-23.7772528" lon="133.0188329"></trkpt>
    <trkpt lat="-23.7772845" lon="133.0187971"></trkpt>
    <trkpt lat="-23.7773359" lon="133.0187426"></trkpt>
    <trkpt lat="-23.7773597" lon="133.0186391"></trkpt>
    <trkpt lat="-23.7774095" lon="133.0184998"></trkpt>
    <trkpt lat="-23.7775070" lon="133.0183855"></trkpt>
    <trkpt lat="-23.7775990" lon="133.0183423"></trkpt>
    <trkpt lat="-23.7776106" lon="133.0182569"></trkpt>
    <trkpt lat="-23.7776581" lon="133.0181584"></trkpt>
    <trkpt lat="-23.7776593" lon="133.0180895"></trkpt>
    <trkpt lat="-23.7775777" lon="133.0178301"></trkpt>
    <trkpt lat="-23.7775645" lon="133.0175753"></trkpt>
    <trkpt lat="-23.7775475" lon="133.0173519"></trkpt>
    <trkpt lat="-23.7775098" lon="133.0172699"></trkpt>
    <trkpt lat="-23.7774868" lon="133.0171571"></trkpt>
    <trkpt lat="-23.7775140" lon="133.0170679"></trkpt>
    <trkpt lat="-23.7775578" lon="133.0169512"></trkpt>
    <trkpt lat="-23.7775428" lon="133.0168868"></trkpt>
    <trkpt lat="-23.7775728" lon="133.0167458"></trkpt>
    <trkpt lat="-23.7774752" lon="133.0164860"></trkpt>
    <trkpt lat="-23.7774916" lon="133.0163975"></trkpt>
    <trkpt lat="-23.7775350" lon="133.0163303"></trkpt>
    <trkpt lat="-23.7775458" lon="133.0162551"></trkpt>
    <trkpt lat="-23.7775047" lon="133.0161333"></trkpt>
    <trkpt lat="-23.7773334" lon="133.0157902"></trkpt>
    <trkpt lat="-23.7772833" lon="133.0156735"></trkpt>
    <trkpt lat="-23.7772479" lon="133.0155448"></trkpt>
    <trkpt lat="-23.7772084" lon="133.0154868"></trkpt>
    <trkpt lat="-23.7772179" lon="133.0154115"></trkpt>
    <trkpt lat="-23.7772210" lon="133.0152889"></trkpt>
    <trkpt lat="-23.7772492" lon="133.0149821"></trkpt>
    <trkpt lat="-23.7772161" lon="133.0148051"></trkpt>
    <trkpt lat="-23.7771726" lon="133.0147414"></trkpt>
    <trkpt lat="-23.7771090" lon="133.0146739"></trkpt>
    <trkpt lat="-23.7770637" lon="133.0145661"></trkpt>
    <trkpt lat="-23.7770796" lon="133.0144914"></trkpt>
    <trkpt lat="-23.7771606" lon="133.0143250"></trkpt>
    <trkpt lat="-23.7771928" lon="133.0142709"></trkpt>
    <trkpt lat="-23.7772605" lon="133.0140961"></trkpt>
    <trkpt lat="-23.7772497" lon="133.0140717"></trkpt>
    <trkpt lat="-23.7772335" lon="133.0140606"></trkpt>
    <trkpt lat="-23.7772104" lon="133.0139992"></trkpt>
    <trkpt lat="-23.7770763" lon="133.0138416"></trkpt>
    <trkpt lat="-23.7768960" lon="133.0135095"></trkpt>
    <trkpt lat="-23.7766008" lon="133.0131758"></trkpt>
    <trkpt lat="-23.7764598" lon="133.0130162"></trkpt>
    <trkpt lat="-23.7764158" lon="133.0129157"></trkpt>
    <trkpt lat="-23.7764111" lon="133.0127924"></trkpt>
    <trkpt lat="-23.7763953" lon="133.0127086"></trkpt>
    <trkpt lat="-23.7764028" lon="133.0125403"></trkpt>
    <trkpt lat="-23.7763213" lon="133.0123256"></trkpt>
    <trkpt lat="-23.7762542" lon="133.0122262"></trkpt>
    <trkpt lat="-23.7762644" lon="133.0121120"></trkpt>
    <trkpt lat="-23.7762353" lon="133.0120099"></trkpt>
    <trkpt lat="-23.7762107" lon="133.0119232"></trkpt>
    <trkpt lat="-23.7762594" lon="133.0117696"></trkpt>
    <trkpt lat="-23.7762395" lon="133.0116144"></trkpt>
    <trkpt lat="-23.7761714" lon="133.0114651"></trkpt>
    <trkpt lat="-23.7759705" lon="133.0113186"></trkpt>
    <trkpt lat="-23.7759459" lon="133.0112072"></trkpt>
    <trkpt lat="-23.7759655" lon="133.0110877"></trkpt>
    <trkpt lat="-23.7759370" lon="133.0108895"></trkpt>
    <trkpt lat="-23.7759082" lon="133.0108095"></trkpt>
    <trkpt lat="-23.7758245" lon="133.0107323"></trkpt>
    <trkpt lat="-23.7757801" lon="133.0105454"></trkpt>
    <trkpt lat="-23.7757932" lon="133.0104746"></trkpt>
    <trkpt lat="-23.7757940" lon="133.0103890"></trkpt>
    <trkpt lat="-23.7757140" lon="133.0103148"></trkpt>
    <trkpt lat="-23.7756727" lon="133.0102225"></trkpt>
    <trkpt lat="-23.7756165" lon="133.0100602"></trkpt>
    <trkpt lat="-23.7754928" lon="133.0098813"></trkpt>
    <trkpt lat="-23.7754319" lon="133.0097163"></trkpt>
    <trkpt lat="-23.7753546" lon="133.0096631"></trkpt>
    <trkpt lat="-23.7753071" lon="133.0096020"></trkpt>
    <trkpt lat="-23.7752795" lon="133.0094030"></trkpt>
    <trkpt lat="-23.7753007" lon="133.0092652"></trkpt>
    <trkpt lat="-23.7752945" lon="133.0092506"></trkpt>
    <trkpt lat="-23.7751701" lon="133.0090855"></trkpt>
    <trkpt lat="-23.7751280" lon="133.0088129"></trkpt>
    <trkpt lat="-23.7750378" lon="133.0085974"></trkpt>
    <trkpt lat="-23.7750320" lon="133.0084622"></trkpt>
    <trkpt lat="-23.7750331" lon="133.0083283"></trkpt>
    <trkpt lat="-23.7749711" lon="133.0081143"></trkpt>
    <trkpt lat="-23.7749105" lon="133.0079745"></trkpt>
    <trkpt lat="-23.7748978" lon="133.0079867"></trkpt>
    <trkpt lat="-23.7748737" lon="133.0079452"></trkpt>
    <trkpt lat="-23.7748896" lon="133.0078540"></trkpt>
    <trkpt lat="-23.7749170" lon="133.0077988"></trkpt>
    <trkpt lat="-23.7749037" lon="133.0077720"></trkpt>
    <trkpt lat="-23.7748763" lon="133.0077495"></trkpt>
    <trkpt lat="-23.7747948" lon="133.0076821"></trkpt>
    <trkpt lat="-23.7747424" lon="133.0076116"></trkpt>
    <trkpt lat="-23.7747047" lon="133.0076121"></trkpt>
    <trkpt lat="-23.7746509" lon="133.0075807"></trkpt>
    <trkpt lat="-23.7746787" lon="133.0075363"></trkpt>
    <trkpt lat="-23.7746636" lon="133.0074919"></trkpt>
    <trkpt lat="-23.7746373" lon="133.0074204"></trkpt>
    <trkpt lat="-23.7745349" lon="133.0073355"></trkpt>
    <trkpt lat="-23.7743571" lon="133.0072291"></trkpt>
    <trkpt lat="-23.7742089" lon="133.0071010"></trkpt>
    <trkpt lat="-23.7740936" lon="133.0067350"></trkpt>
    <trkpt lat="-23.7740463" lon="133.0066097"></trkpt>
    <trkpt lat="-23.7739919" lon="133.0065688"></trkpt>
    <trkpt lat="-23.7739386" lon="133.0065576"></trkpt>
    <trkpt lat="-23.7738866" lon="133.0065692"></trkpt>
    <trkpt lat="-23.7737869" lon="133.0064607"></trkpt>
    <trkpt lat="-23.7736695" lon="133.0063797"></trkpt>
    <trkpt lat="-23.7736363" lon="133.0063574"></trkpt>
    <trkpt lat="-23.7734479" lon="133.0063262"></trkpt>
    <trkpt lat="-23.7733271" lon="133.0063279"></trkpt>
    <trkpt lat="-23.7731778" lon="133.0062761"></trkpt>
    <trkpt lat="-23.7731630" lon="133.0062599"></trkpt>
    <trkpt lat="-23.7731395" lon="133.0062567"></trkpt>
    <trkpt lat="-23.7731017" lon="133.0062363"></trkpt>
    <trkpt lat="-23.7730692" lon="133.0062032"></trkpt>
    <trkpt lat="-23.7729286" lon="133.0060869"></trkpt>
    <trkpt lat="-23.7729070" lon="133.0060850"></trkpt>
    <trkpt lat="-23.7728683" lon="133.0060293"></trkpt>
    <trkpt lat="-23.7728277" lon="133.0060097"></trkpt>
    <trkpt lat="-23.7727807" lon="133.0059797"></trkpt>
    <trkpt lat="-23.7726937" lon="133.0059945"></trkpt>
    <trkpt lat="-23.7726137" lon="133.0059426"></trkpt>
    <trkpt lat="-23.7725203" lon="133.0058093"></trkpt>
    <trkpt lat="-23.7725176" lon="133.0057312"></trkpt>
    <trkpt lat="-23.7724919" lon="133.0056212"></trkpt>
    <trkpt lat="-23.7724712" lon="133.0055006"></trkpt>
    <trkpt lat="-23.7723382" lon="133.0053789"></trkpt>
    <trkpt lat="-23.7723133" lon="133.0053703"></trkpt>
    <trkpt lat="-23.7722976" lon="133.0053271"></trkpt>
    <trkpt lat="-23.7722711" lon="133.0053008"></trkpt>
    <trkpt lat="-23.7722470" lon="133.0053445"></trkpt>
    <trkpt lat="-23.7720792" lon="133.0051690"></trkpt>
    <trkpt lat="-23.7719570" lon="133.0050415"></trkpt>
    <trkpt lat="-23.7718507" lon="133.0049040"></trkpt>
    <trkpt lat="-23.7718241" lon="133.0047960"></trkpt>
    <trkpt lat="-23.7717361" lon="133.0046859"></trkpt>
    <trkpt lat="-23.7716653" lon="133.0045074"></trkpt>
    <trkpt lat="-23.7715909" lon="133.0044688"></trkpt>
    <trkpt lat="-23.7715416" lon="133.0043704"></trkpt>
    <trkpt lat="-23.7713809" lon="133.0042321"></trkpt>
    <trkpt lat="-23.7712529" lon="133.0040357"></trkpt>
    <trkpt lat="-23.7710288" lon="133.0038536"></trkpt>
    <trkpt lat="-23.7708454" lon="133.0037480"></trkpt>
    <trkpt lat="-23.7707466" lon="133.0036183"></trkpt>
    <trkpt lat="-23.7706772" lon="133.0036300"></trkpt>
    <trkpt lat="-23.7705250" lon="133.0036414"></trkpt>
    <trkpt lat="-23.7704697" lon="133.0036463"></trkpt>
    <trkpt lat="-23.7704372" lon="133.0036138"></trkpt>
    <trkpt lat="-23.7703975" lon="133.0035059"></trkpt>
    <trkpt lat="-23.7703085" lon="133.0032913"></trkpt>
    <trkpt lat="-23.7702717" lon="133.0031336"></trkpt>
    <trkpt lat="-23.7702179" lon="133.0030988"></trkpt>
    <trkpt lat="-23.7701519" lon="133.0029676"></trkpt>
    <trkpt lat="-23.7701111" lon="133.0029630"></trkpt>
    <trkpt lat="-23.7700458" lon="133.0028874"></trkpt>
    <trkpt lat="-23.7699419" lon="133.0027928"></trkpt>
    <trkpt lat="-23.7699227" lon="133.0026995"></trkpt>
    <trkpt lat="-23.7699083" lon="133.0026806"></trkpt>
    <trkpt lat="-23.7698437" lon="133.0026446"></trkpt>
    <trkpt lat="-23.7697058" lon="133.0025768"></trkpt>
    <trkpt lat="-23.7696758" lon="133.0025151"></trkpt>
    <trkpt lat="-23.7696262" lon="133.0025016"></trkpt>
    <trkpt lat="-23.7696007" lon="133.0025297"></trkpt>
    <trkpt lat="-23.7696023" lon="133.0025698"></trkpt>
    <trkpt lat="-23.7695925" lon="133.0026320"></trkpt>
    <trkpt lat="-23.7695940" lon="133.0026601"></trkpt>
    <trkpt lat="-23.7695834" lon="133.0027332"></trkpt>
    <trkpt lat="-23.7695261" lon="133.0027929"></trkpt>
    <trkpt lat="-23.7694928" lon="133.0027990"></trkpt>
    <trkpt lat="-23.7694011" lon="133.0027594"></trkpt>
    <trkpt lat="-23.7693176" lon="133.0027544"></trkpt>
    <trkpt lat="-23.7692305" lon="133.0027777"></trkpt>
    <trkpt lat="-23.7691851" lon="133.0028157"></trkpt>
    <trkpt lat="-23.7690494" lon="133.0028611"></trkpt>
    <trkpt lat="-23.7688794" lon="133.0028496"></trkpt>
    <trkpt lat="-23.7686369" lon="133.0028559"></trkpt>
    <trkpt lat="-23.7685038" lon="133.0028397"></trkpt>
    <trkpt lat="-23.7684135" lon="133.0027826"></trkpt>
    <trkpt lat="-23.7682975" lon="133.0027791"></trkpt>
    <trkpt lat="-23.7682311" lon="133.0027488"></trkpt>
    <trkpt lat="-23.7681647" lon="133.0026949"></trkpt>
    <trkpt lat="-23.7680348" lon="133.0027057"></trkpt>
    <trkpt lat="-23.7679866" lon="133.0026024"></trkpt>
    <trkpt lat="-23.7679239" lon="133.0025279"></trkpt>
    <trkpt lat="-23.7678575" lon="133.0024080"></trkpt>
    <trkpt lat="-23.7677748" lon="133.0023996"></trkpt>
    <trkpt lat="-23.7677472" lon="133.0023443"></trkpt>
    <trkpt lat="-23.7677381" lon="133.0022567"></trkpt>
    <trkpt lat="-23.7676732" lon="133.0021206"></trkpt>
    <trkpt lat="-23.7675356" lon="133.0019945"></trkpt>
    <trkpt lat="-23.7675283" lon="133.0018591"></trkpt>
    <trkpt lat="-23.7675283" lon="133.0017203"></trkpt>
    <trkpt lat="-23.7675427" lon="133.0015003"></trkpt>
    <trkpt lat="-23.7674908" lon="133.0013509"></trkpt>
    <trkpt lat="-23.7674388" lon="133.0011935"></trkpt>
    <trkpt lat="-23.7674043" lon="133.0011523"></trkpt>
    <trkpt lat="-23.7673919" lon="133.0010923"></trkpt>
    <trkpt lat="-23.7673462" lon="133.0010528"></trkpt>
    <trkpt lat="-23.7671737" lon="133.0010256"></trkpt>
    <trkpt lat="-23.7669620" lon="133.0009731"></trkpt>
    <trkpt lat="-23.7668502" lon="133.0009556"></trkpt>
    <trkpt lat="-23.7667627" lon="133.0007929"></trkpt>
    <trkpt lat="-23.7667198" lon="133.0007113"></trkpt>
    <trkpt lat="-23.7666980" lon="133.0006560"></trkpt>
    <trkpt lat="-23.7665006" lon="133.0006288"></trkpt>
    <trkpt lat="-23.7664664" lon="133.0006051"></trkpt>
    <trkpt lat="-23.7664267" lon="133.0005425"></trkpt>
    <trkpt lat="-23.7664088" lon="133.0004293"></trkpt>
    <trkpt lat="-23.7664078" lon="133.0003229"></trkpt>
    <trkpt lat="-23.7663567" lon="133.0002844"></trkpt>
    <trkpt lat="-23.7663280" lon="133.0002439"></trkpt>
    <trkpt lat="-23.7662577" lon="133.0001999"></trkpt>
    <trkpt lat="-23.7661985" lon="133.0001411"></trkpt>
    <trkpt lat="-23.7661433" lon="133.0001213"></trkpt>
    <trkpt lat="-23.7661197" lon="133.0001127"></trkpt>
    <trkpt lat="-23.7660381" lon="133.0000678"></trkpt>
    <trkpt lat="-23.7659521" lon="133.0000634"></trkpt>
    <trkpt lat="-23.7658593" lon="132.9999618"></trkpt>
    <trkpt lat="-23.7658227" lon="132.9999656"></trkpt>
    <trkpt lat="-23.7657608" lon="133.0000329"></trkpt>
    <trkpt lat="-23.7655709" lon="133.0001696"></trkpt>
    <trkpt lat="-23.7654511" lon="133.0003470"></trkpt>
    <trkpt lat="-23.7653966" lon="133.0003920"></trkpt>
    <trkpt lat="-23.7653493" lon="133.0003953"></trkpt>
    <trkpt lat="-23.7653186" lon="133.0003866"></trkpt>
    <trkpt lat="-23.7652183" lon="133.0003405"></trkpt>
    <trkpt lat="-23.7651526" lon="133.0003192"></trkpt>
    <trkpt lat="-23.7650794" lon="133.0003261"></trkpt>
    <trkpt lat="-23.7649883" lon="133.0003833"></trkpt>
    <trkpt lat="-23.7649091" lon="133.0004566"></trkpt>
    <trkpt lat="-23.7648556" lon="133.0005358"></trkpt>
    <trkpt lat="-23.7646745" lon="133.0006319"></trkpt>
    <trkpt lat="-23.7646163" lon="133.0006284"></trkpt>
    <trkpt lat="-23.7645631" lon="133.0006527"></trkpt>
    <trkpt lat="-23.7644903" lon="133.0006756"></trkpt>
    <trkpt lat="-23.7643361" lon="133.0006777"></trkpt>
    <trkpt lat="-23.7643111" lon="133.0007353"></trkpt>
    <trkpt lat="-23.7643099" lon="133.0009095"></trkpt>
    <trkpt lat="-23.7642198" lon="133.0009792"></trkpt>
    <trkpt lat="-23.7640977" lon="133.0010220"></trkpt>
    <trkpt lat="-23.7640192" lon="133.0010274"></trkpt>
    <trkpt lat="-23.7639468" lon="133.0010797"></trkpt>
    <trkpt lat="-23.7638386" lon="133.0011063"></trkpt>
    <trkpt lat="-23.7637193" lon="133.0011583"></trkpt>
    <trkpt lat="-23.7636673" lon="133.0012061"></trkpt>
    <trkpt lat="-23.7636095" lon="133.0012304"></trkpt>
    <trkpt lat="-23.7635179" lon="133.0012238"></trkpt>
    <trkpt lat="-23.7634251" lon="133.0012433"></trkpt>
    <trkpt lat="-23.7633932" lon="133.0012352"></trkpt>
    <trkpt lat="-23.7633266" lon="133.0012020"></trkpt>
    <trkpt lat="-23.7632477" lon="133.0012291"></trkpt>
    <trkpt lat="-23.7631625" lon="133.0012120"></trkpt>
    <trkpt lat="-23.7630851" lon="133.0012204"></trkpt>
    <trkpt lat="-23.7630279" lon="133.0011542"></trkpt>
    <trkpt lat="-23.7629450" lon="133.0010384"></trkpt>
    <trkpt lat="-23.7628082" lon="133.0006953"></trkpt>
    <trkpt lat="-23.7627401" lon="133.0006044"></trkpt>
    <trkpt lat="-23.7626420" lon="133.0004560"></trkpt>
    <trkpt lat="-23.7625328" lon="133.0003354"></trkpt>
    <trkpt lat="-23.7623892" lon="133.0002147"></trkpt>
    <trkpt lat="-23.7622775" lon="133.0000577"></trkpt>
    <trkpt lat="-23.7621400" lon="132.9998552"></trkpt>
    <trkpt lat="-23.7620713" lon="132.9997372"></trkpt>
    <trkpt lat="-23.7619841" lon="132.9996568"></trkpt>
    <trkpt lat="-23.7618614" lon="132.9994408"></trkpt>
    <trkpt lat="-23.7617865" lon="132.9993046"></trkpt>
    <trkpt lat="-23.7617515" lon="132.9993017"></trkpt>
    <trkpt lat="-23.7616841" lon="132.9991979"></trkpt>
    <trkpt lat="-23.7616885" lon="132.9991260"></trkpt>
    <trkpt lat="-23.7616322" lon="132.9990546"></trkpt>
    <trkpt lat="-23.7615953" lon="132.9989439"></trkpt>
    <trkpt lat="-23.7616066" lon="132.9988850"></trkpt>
    <trkpt lat="-23.7616109" lon="132.9987448"></trkpt>
    <trkpt lat="-23.7616307" lon="132.9986771"></trkpt>
    <trkpt lat="-23.7616275" lon="132.9986195"></trkpt>
    <trkpt lat="-23.7616368" lon="132.9985639"></trkpt>
    <trkpt lat="-23.7616263" lon="132.9985017"></trkpt>
    <trkpt lat="-23.7617012" lon="132.9983081"></trkpt>
    <trkpt lat="-23.7618090" lon="132.9982034"></trkpt>
    <trkpt lat="-23.7619932" lon="132.9981343"></trkpt>
    <trkpt lat="-23.7620284" lon="132.9980688"></trkpt>
    <trkpt lat="-23.7620606" lon="132.9979094"></trkpt>
    <trkpt lat="-23.7620913" lon="132.9978739"></trkpt>
    <trkpt lat="-23.7620933" lon="132.9978481"></trkpt>
    <trkpt lat="-23.7620578" lon="132.9977832"></trkpt>
    <trkpt lat="-23.7620161" lon="132.9976907"></trkpt>
    <trkpt lat="-23.7619424" lon="132.9975204"></trkpt>
    <trkpt lat="-23.7619215" lon="132.9974426"></trkpt>
    <trkpt lat="-23.7619038" lon="132.9973810"></trkpt>
    <trkpt lat="-23.7618160" lon="132.9972535"></trkpt>
    <trkpt lat="-23.7617755" lon="132.9971972"></trkpt>
    <trkpt lat="-23.7617117" lon="132.9971408"></trkpt>
    <trkpt lat="-23.7616221" lon="132.9971301"></trkpt>
    <trkpt lat="-23.7615349" lon="132.9970926"></trkpt>
    <trkpt lat="-23.7614564" lon="132.9969799"></trkpt>
    <trkpt lat="-23.7614269" lon="132.9968699"></trkpt>
    <trkpt lat="-23.7613778" lon="132.9968217"></trkpt>
    <trkpt lat="-23.7613042" lon="132.9967238"></trkpt>
    <trkpt lat="-23.7612105" lon="132.9966113"></trkpt>
    <trkpt lat="-23.7610771" lon="132.9965474"></trkpt>
    <trkpt lat="-23.7610820" lon="132.9965078"></trkpt>
    <trkpt lat="-23.7610785" lon="132.9963051"></trkpt>
    <trkpt lat="-23.7611488" lon="132.9961247"></trkpt>
    <trkpt lat="-23.7611428" lon="132.9960315"></trkpt>
    <trkpt lat="-23.7611674" lon="132.9958941"></trkpt>
    <trkpt lat="-23.7611569" lon="132.9957890"></trkpt>
    <trkpt lat="-23.7611299" lon="132.9957421"></trkpt>
    <trkpt lat="-23.7611250" lon="132.9956871"></trkpt>
    <trkpt lat="-23.7610397" lon="132.9955603"></trkpt>
    <trkpt lat="-23.7610333" lon="132.9954491"></trkpt>
    <trkpt lat="-23.7609593" lon="132.9953008"></trkpt>
    <trkpt lat="-23.7608598" lon="132.9949642"></trkpt>
    <trkpt lat="-23.7608316" lon="132.9947953"></trkpt>
    <trkpt lat="-23.7607874" lon="132.9947577"></trkpt>
    <trkpt lat="-23.7607040" lon="132.9945994"></trkpt>
    <trkpt lat="-23.7606696" lon="132.9946115"></trkpt>
    <trkpt lat="-23.7606172" lon="132.9946406"></trkpt>
    <trkpt lat="-23.7605024" lon="132.9946399"></trkpt>
    <trkpt lat="-23.7604586" lon="132.9946187"></trkpt>
    <trkpt lat="-23.7603731" lon="132.9945801"></trkpt>
    <trkpt lat="-23.7602270" lon="132.9945808"></trkpt>
    <trkpt lat="-23.7602048" lon="132.9946022"></trkpt>
    <trkpt lat="-23.7601331" lon="132.9946105"></trkpt>
    <trkpt lat="-23.7601305" lon="132.9946010"></trkpt>
    <trkpt lat="-23.7600033" lon="132.9946018"></trkpt>
    <trkpt lat="-23.7599582" lon="132.9945730"></trkpt>
    <trkpt lat="-23.7599005" lon="132.9944320"></trkpt>
    <trkpt lat="-23.7599067" lon="132.9942993"></trkpt>
    <trkpt lat="-23.7599397" lon="132.9942314"></trkpt>
    <trkpt lat="-23.7599712" lon="132.9941764"></trkpt>
    <trkpt lat="-23.7599697" lon="132.9941220"></trkpt>
    <trkpt lat="-23.7599389" lon="132.9940772"></trkpt>
    <trkpt lat="-23.7598470" lon="132.9938501"></trkpt>
    <trkpt lat="-23.7597945" lon="132.9938116"></trkpt>
    <trkpt lat="-23.7597221" lon="132.9936970"></trkpt>
    <trkpt lat="-23.7597015" lon="132.9936840"></trkpt>
    <trkpt lat="-23.7596340" lon="132.9935802"></trkpt>
    <trkpt lat="-23.7595078" lon="132.9935434"></trkpt>
    <trkpt lat="-23.7594920" lon="132.9935449"></trkpt>
    <trkpt lat="-23.7594163" lon="132.9934420"></trkpt>
    <trkpt lat="-23.7592777" lon="132.9931471"></trkpt>
    <trkpt lat="-23.7592862" lon="132.9931197"></trkpt>
    <trkpt lat="-23.7592966" lon="132.9929788"></trkpt>
    <trkpt lat="-23.7592908" lon="132.9928213"></trkpt>
    <trkpt lat="-23.7592771" lon="132.9928151"></trkpt>
    <trkpt lat="-23.7592238" lon="132.9927259"></trkpt>
    <trkpt lat="-23.7591949" lon="132.9925904"></trkpt>
    <trkpt lat="-23.7591351" lon="132.9924856"></trkpt>
    <trkpt lat="-23.7591116" lon="132.9923599"></trkpt>
    <trkpt lat="-23.7591088" lon="132.9922363"></trkpt>
    <trkpt lat="-23.7590698" lon="132.9921599"></trkpt>
    <trkpt lat="-23.7590633" lon="132.9920312"></trkpt>
    <trkpt lat="-23.7590142" lon="132.9919575"></trkpt>
    <trkpt lat="-23.7589595" lon="132.9917998"></trkpt>
    <trkpt lat="-23.7590118" lon="132.9914363"></trkpt>
    <trkpt lat="-23.7590097" lon="132.9912134"></trkpt>
    <trkpt lat="-23.7590796" lon="132.9909496"></trkpt>
    <trkpt lat="-23.7591064" lon="132.9907908"></trkpt>
    <trkpt lat="-23.7590667" lon="132.9907065"></trkpt>
    <trkpt lat="-23.7590130" lon="132.9903131"></trkpt>
    <trkpt lat="-23.7590237" lon="132.9901894"></trkpt>
    <trkpt lat="-23.7590107" lon="132.9901386"></trkpt>
    <trkpt lat="-23.7587702" lon="132.9899298"></trkpt>
    <trkpt lat="-23.7586938" lon="132.9898176"></trkpt>
    <trkpt lat="-23.7586051" lon="132.9897892"></trkpt>
    <trkpt lat="-23.7585305" lon="132.9896660"></trkpt>
    <trkpt lat="-23.7584998" lon="132.9896431"></trkpt>
    <trkpt lat="-23.7584263" lon="132.9895020"></trkpt>
    <trkpt lat="-23.7582768" lon="132.9893960"></trkpt>
    <trkpt lat="-23.7581912" lon="132.9892936"></trkpt>
    <trkpt lat="-23.7581350" lon="132.9892846"></trkpt>
    <trkpt lat="-23.7580610" lon="132.9891767"></trkpt>
    <trkpt lat="-23.7579258" lon="132.9891010"></trkpt>
    <trkpt lat="-23.7577975" lon="132.9889910"></trkpt>
    <trkpt lat="-23.7577219" lon="132.9887988"></trkpt>
    <trkpt lat="-23.7576913" lon="132.9886164"></trkpt>
    <trkpt lat="-23.7576344" lon="132.9884756"></trkpt>
    <trkpt lat="-23.7574667" lon="132.9881977"></trkpt>
    <trkpt lat="-23.7573703" lon="132.9880146"></trkpt>
    <trkpt lat="-23.7573668" lon="132.9879775"></trkpt>
    <trkpt lat="-23.7571599" lon="132.9877853"></trkpt>
    <trkpt lat="-23.7570481" lon="132.9877233"></trkpt>
    <trkpt lat="-23.7569659" lon="132.9876267"></trkpt>
    <trkpt lat="-23.7569904" lon="132.9874685"></trkpt>
    <trkpt lat="-23.7569889" lon="132.9873773"></trkpt>
    <trkpt lat="-23.7569627" lon="132.9873362"></trkpt>
    <trkpt lat="-23.7569266" lon="132.9873259"></trkpt>
    <trkpt lat="-23.7568019" lon="132.9874213"></trkpt>
    <trkpt lat="-23.7567698" lon="132.9874325"></trkpt>
    <trkpt lat="-23.7567222" lon="132.9874173"></trkpt>
    <trkpt lat="-23.7565819" lon="132.9872881"></trkpt>
    <trkpt lat="-23.7565173" lon="132.9871656"></trkpt>
    <trkpt lat="-23.7565731" lon="132.9869472"></trkpt>
    <trkpt lat="-23.7565621" lon="132.9869064"></trkpt>
    <trkpt lat="-23.7563343" lon="132.9866943"></trkpt>
    <trkpt lat="-23.7562690" lon="132.9865196"></trkpt>
    <trkpt lat="-23.7562661" lon="132.9864672"></trkpt>
    <trkpt lat="-23.7562387" lon="132.9864046"></trkpt>
    <trkpt lat="-23.7562041" lon="132.9863561"></trkpt>
    <trkpt lat="-23.7561170" lon="132.9859732"></trkpt>
    <trkpt lat="-23.7561185" lon="132.9858591"></trkpt>
    <trkpt lat="-23.7560366" lon="132.9857531"></trkpt>
    <trkpt lat="-23.7557773" lon="132.9855667"></trkpt>
    <trkpt lat="-23.7557321" lon="132.9855112"></trkpt>
    <trkpt lat="-23.7557253" lon="132.9854710"></trkpt>
    <trkpt lat="-23.7557317" lon="132.9854127"></trkpt>
    <trkpt lat="-23.7557073" lon="132.9852409"></trkpt>
    <trkpt lat="-23.7556536" lon="132.9851441"></trkpt>
    <trkpt lat="-23.7555763" lon="132.9850767"></trkpt>
    <trkpt lat="-23.7555432" lon="132.9849971"></trkpt>
    <trkpt lat="-23.7555088" lon="132.9849572"></trkpt>
    <trkpt lat="-23.7554707" lon="132.9848565"></trkpt>
    <trkpt lat="-23.7553388" lon="132.9847139"></trkpt>
    <trkpt lat="-23.7553661" lon="132.9846125"></trkpt>
    <trkpt lat="-23.7553655" lon="132.9845622"></trkpt>
    <trkpt lat="-23.7552354" lon="132.9844425"></trkpt>
    <trkpt lat="-23.7551367" lon="132.9842580"></trkpt>
    <trkpt lat="-23.7550459" lon="132.9839191"></trkpt>
    <trkpt lat="-23.7549750" lon="132.9836159"></trkpt>
    <trkpt lat="-23.7549562" lon="132.9835431"></trkpt>
    <trkpt lat="-23.7549548" lon="132.9835124"></trkpt>
    <trkpt lat="-23.7549139" lon="132.9834701"></trkpt>
    <trkpt lat="-23.7547420" lon="132.9829907"></trkpt>
    <trkpt lat="-23.7548254" lon="132.9827987"></trkpt>
    <trkpt lat="-23.7549371" lon="132.9826091"></trkpt>
    <trkpt lat="-23.7549758" lon="132.9823630"></trkpt>
    <trkpt lat="-23.7549189" lon="132.9822344"></trkpt>
    <trkpt lat="-23.7549029" lon="132.9821135"></trkpt>
    <trkpt lat="-23.7548212" lon="132.9819321"></trkpt>
    <trkpt lat="-23.7548365" lon="132.9818481"></trkpt>
    <trkpt lat="-23.7548286" lon="132.9818403"></trkpt>
    <trkpt lat="-23.7548527" lon="132.9816848"></trkpt>
    <trkpt lat="-23.7548956" lon="132.9816018"></trkpt>
    <trkpt lat="-23.7548451" lon="132.9813496"></trkpt>
    <trkpt lat="-23.7549113" lon="132.9812041"></trkpt>
    <trkpt lat="-23.7548312" lon="132.9809399"></trkpt>
    <trkpt lat="-23.7548293" lon="132.9809080"></trkpt>
    <trkpt lat="-23.7547208" lon="132.9807977"></trkpt>
    <trkpt lat="-23.7546993" lon="132.9808023"></trkpt>
    <trkpt lat="-23.7546631" lon="132.9807566"></trkpt>
    <trkpt lat="-23.7545879" lon="132.9807196"></trkpt>
    <trkpt lat="-23.7545489" lon="132.9806711"></trkpt>
    <trkpt lat="-23.7545049" lon="132.9806453"></trkpt>
    <trkpt lat="-23.7543591" lon="132.9803957"></trkpt>
    <trkpt lat="-23.7542130" lon="132.9799923"></trkpt>
    <trkpt lat="-23.7542367" lon="132.9799269"></trkpt>
    <trkpt lat="-23.7542447" lon="132.9798534"></trkpt>
    <trkpt lat="-23.7542359" lon="132.9797358"></trkpt>
    <trkpt lat="-23.7542376" lon="132.9796040"></trkpt>
    <trkpt lat="-23.7542553" lon="132.9795076"></trkpt>
    <trkpt lat="-23.7543417" lon="132.9792999"></trkpt>
    <trkpt lat="-23.7544353" lon="132.9790153"></trkpt>
    <trkpt lat="-23.7545142" lon="132.9788483"></trkpt>
    <trkpt lat="-23.7545510" lon="132.9787294"></trkpt>
    <trkpt lat="-23.7545806" lon="132.9786294"></trkpt>
    <trkpt lat="-23.7550190" lon="132.9789909"></trkpt>
    <trkpt lat="-23.7553025" lon="132.9790130"></trkpt>
    <trkpt lat="-23.7557930" lon="132.9791338"></trkpt>
    <trkpt lat="-23.7559986" lon="132.9791024"></trkpt>
    <trkpt lat="-23.7562476" lon="132.9791358"></trkpt>
    <trkpt lat="-23.7566187" lon="132.9792332"></trkpt>
    <trkpt lat="-23.7567896" lon="132.9792584"></trkpt>
    <trkpt lat="-23.7570856" lon="132.9793784"></trkpt>
    <trkpt lat="-23.7574418" lon="132.9796909"></trkpt>
    <trkpt lat="-23.7575359" lon="132.9797583"></trkpt>
    <trkpt lat="-23.7575750" lon="132.9798246"></trkpt>
    <trkpt lat="-23.7577626" lon="132.9799564"></trkpt>
    <trkpt lat="-23.7578578" lon="132.9799781"></trkpt>
    <trkpt lat="-23.7580412" lon="132.9800191"></trkpt>
    <trkpt lat="-23.7583408" lon="132.9801747"></trkpt>
    <trkpt lat="-23.7584684" lon="132.9802179"></trkpt>
    <trkpt lat="-23.7585661" lon="132.9802238"></trkpt>
    <trkpt lat="-23.7586204" lon="132.9802173"></trkpt>
    <trkpt lat="-23.7586895" lon="132.9801927"></trkpt>
    <trkpt lat="-23.7588088" lon="132.9800809"></trkpt>
    <trkpt lat="-23.7588893" lon="132.9798756"></trkpt>
    <trkpt lat="-23.7589013" lon="132.9798462"></trkpt>
    <trkpt lat="-23.7589380" lon="132.9797564"></trkpt>
    <trkpt lat="-23.7590451" lon="132.9797060"></trkpt>
    <trkpt lat="-23.7590774" lon="132.9796772"></trkpt>
    <trkpt lat="-23.7591944" lon="132.9795735"></trkpt>
    <trkpt lat="-23.7594141" lon="132.9794240"></trkpt>
    <trkpt lat="-23.7594209" lon="132.9793438"></trkpt>
    <trkpt lat="-23.7593657" lon="132.9792580"></trkpt>
    <trkpt lat="-23.7593588" lon="132.9791517"></trkpt>
    <trkpt lat="-23.7593924" lon="132.9790700"></trkpt>
    <trkpt lat="-23.7593549" lon="132.9789853"></trkpt>
    <trkpt lat="-23.7592116" lon="132.9788679"></trkpt>
    <trkpt lat="-23.7591775" lon="132.9787410"></trkpt>
    <trkpt lat="-23.7592443" lon="132.9784173"></trkpt>
    <trkpt lat="-23.7592101" lon="132.9782320"></trkpt>
    <trkpt lat="-23.7591479" lon="132.9781083"></trkpt>
    <trkpt lat="-23.7590732" lon="132.9780272"></trkpt>
    <trkpt lat="-23.7589188" lon="132.9779476"></trkpt>
    <trkpt lat="-23.7587533" lon="132.9779232"></trkpt>
    <trkpt lat="-23.7587097" lon="132.9780055"></trkpt>
    <trkpt lat="-23.7586353" lon="132.9780254"></trkpt>
    <trkpt lat="-23.7584875" lon="132.9780320"></trkpt>
    <trkpt lat="-23.7579428" lon="132.9782050"></trkpt>
    <trkpt lat="-23.7577720" lon="132.9780936"></trkpt>
    <trkpt lat="-23.7575956" lon="132.9780802"></trkpt>
    <trkpt lat="-23.7573402" lon="132.9780323"></trkpt>
    <trkpt lat="-23.7571985" lon="132.9779207"></trkpt>
    <trkpt lat="-23.7571320" lon="132.9777592"></trkpt>
    <trkpt lat="-23.7570963" lon="132.9775866"></trkpt>
    <trkpt lat="-23.7570718" lon="132.9775591"></trkpt>
    <trkpt lat="-23.7570300" lon="132.9775721"></trkpt>
    <trkpt lat="-23.7570127" lon="132.9777442"></trkpt>
    <trkpt lat="-23.7569788" lon="132.9778864"></trkpt>
    <trkpt lat="-23.7569337" lon="132.9780534"></trkpt>
    <trkpt lat="-23.7568501" lon="132.9780763"></trkpt>
    <trkpt lat="-23.7568194" lon="132.9780566"></trkpt>
    <trkpt lat="-23.7567560" lon="132.9779813"></trkpt>
    <trkpt lat="-23.7567023" lon="132.9778541"></trkpt>
    <trkpt lat="-23.7566204" lon="132.9776201"></trkpt>
    <trkpt lat="-23.7564286" lon="132.9774917"></trkpt>
    <trkpt lat="-23.7563295" lon="132.9773964"></trkpt>
    <trkpt lat="-23.7562108" lon="132.9772037"></trkpt>
    <trkpt lat="-23.7560443" lon="132.9770627"></trkpt>
    <trkpt lat="-23.7558939" lon="132.9768929"></trkpt>
    <trkpt lat="-23.7557724" lon="132.9767366"></trkpt>
    <trkpt lat="-23.7556758" lon="132.9766460"></trkpt>
    <trkpt lat="-23.7557057" lon="132.9765802"></trkpt>
    <trkpt lat="-23.7557378" lon="132.9765345"></trkpt>
    <trkpt lat="-23.7557432" lon="132.9764352"></trkpt>
    <trkpt lat="-23.7557238" lon="132.9764053"></trkpt>
    <trkpt lat="-23.7557248" lon="132.9763781"></trkpt>
    <trkpt lat="-23.7557472" lon="132.9763253"></trkpt>
    <trkpt lat="-23.7557396" lon="132.9762241"></trkpt>
    <trkpt lat="-23.7556488" lon="132.9761185"></trkpt>
    <trkpt lat="-23.7555413" lon="132.9759472"></trkpt>
    <trkpt lat="-23.7555200" lon="132.9758920"></trkpt>
    <trkpt lat="-23.7555247" lon="132.9757683"></trkpt>
    <trkpt lat="-23.7555114" lon="132.9756174"></trkpt>
    <trkpt lat="-23.7555179" lon="132.9755513"></trkpt>
    <trkpt lat="-23.7553697" lon="132.9753827"></trkpt>
    <trkpt lat="-23.7553048" lon="132.9752610"></trkpt>
    <trkpt lat="-23.7551649" lon="132.9752074"></trkpt>
    <trkpt lat="-23.7549468" lon="132.9752803"></trkpt>
    <trkpt lat="-23.7547701" lon="132.9752925"></trkpt>
    <trkpt lat="-23.7546245" lon="132.9752933"></trkpt>
    <trkpt lat="-23.7544438" lon="132.9753334"></trkpt>
    <trkpt lat="-23.7543097" lon="132.9752361"></trkpt>
    <trkpt lat="-23.7541608" lon="132.9751676"></trkpt>
    <trkpt lat="-23.7540386" lon="132.9752153"></trkpt>
    <trkpt lat="-23.7540079" lon="132.9752117"></trkpt>
    <trkpt lat="-23.7539733" lon="132.9751964"></trkpt>
    <trkpt lat="-23.7537653" lon="132.9752389"></trkpt>
    <trkpt lat="-23.7536910" lon="132.9752460"></trkpt>
    <trkpt lat="-23.7535244" lon="132.9753480"></trkpt>
    <trkpt lat="-23.7533791" lon="132.9752578"></trkpt>
    <trkpt lat="-23.7531516" lon="132.9752003"></trkpt>
    <trkpt lat="-23.7530965" lon="132.9751979"></trkpt>
    <trkpt lat="-23.7528993" lon="132.9751361"></trkpt>
    <trkpt lat="-23.7527143" lon="132.9749939"></trkpt>
    <trkpt lat="-23.7526934" lon="132.9749647"></trkpt>
    <trkpt lat="-23.7526728" lon="132.9748040"></trkpt>
    <trkpt lat="-23.7526040" lon="132.9745700"></trkpt>
    <trkpt lat="-23.7525838" lon="132.9743400"></trkpt>
    <trkpt lat="-23.7524760" lon="132.9742143"></trkpt>
    <trkpt lat="-23.7524122" lon="132.9740579"></trkpt>
    <trkpt lat="-23.7522712" lon="132.9739279"></trkpt>
    <trkpt lat="-23.7519957" lon="132.9736443"></trkpt>
    <trkpt lat="-23.7518392" lon="132.9734123"></trkpt>
    <trkpt lat="-23.7516381" lon="132.9732177"></trkpt>
    <trkpt lat="-23.7514571" lon="132.9729904"></trkpt>
    <trkpt lat="-23.7513627" lon="132.9729054"></trkpt>
    <trkpt lat="-23.7511916" lon="132.9728040"></trkpt>
    <trkpt lat="-23.7510233" lon="132.9727632"></trkpt>
    <trkpt lat="-23.7508036" lon="132.9727544"></trkpt>
    <trkpt lat="-23.7505289" lon="132.9726934"></trkpt>
    <trkpt lat="-23.7503448" lon="132.9726694"></trkpt>
    <trkpt lat="-23.7501343" lon="132.9726659"></trkpt>
    <trkpt lat="-23.7500155" lon="132.9726620"></trkpt>
    <trkpt lat="-23.7499816" lon="132.9726175"></trkpt>
    <trkpt lat="-23.7499769" lon="132.9726001"></trkpt>
    <trkpt lat="-23.7498980" lon="132.9725552"></trkpt>
    <trkpt lat="-23.7498731" lon="132.9724989"></trkpt>
    <trkpt lat="-23.7498461" lon="132.9724642"></trkpt>
    <trkpt lat="-23.7496993" lon="132.9723413"></trkpt>
    <trkpt lat="-23.7495324" lon="132.9722771"></trkpt>
    <trkpt lat="-23.7495082" lon="132.9721991"></trkpt>
    <trkpt lat="-23.7495169" lon="132.9721905"></trkpt>
    <trkpt lat="-23.7495284" lon="132.9720365"></trkpt>
    <trkpt lat="-23.7494459" lon="132.9718694"></trkpt>
    <trkpt lat="-23.7494260" lon="132.9718474"></trkpt>
    <trkpt lat="-23.7493337" lon="132.9717997"></trkpt>
    <trkpt lat="-23.7492771" lon="132.9717560"></trkpt>
    <trkpt lat="-23.7492133" lon="132.9717603"></trkpt>
    <trkpt lat="-23.7490824" lon="132.9716969"></trkpt>
    <trkpt lat="-23.7490514" lon="132.9716044"></trkpt>
    <trkpt lat="-23.7490038" lon="132.9715283"></trkpt>
    <trkpt lat="-23.7489321" lon="132.9714941"></trkpt>
    <trkpt lat="-23.7488474" lon="132.9714066"></trkpt>
    <trkpt lat="-23.7488171" lon="132.9713432"></trkpt>
    <trkpt lat="-23.7485928" lon="132.9712550"></trkpt>
    <trkpt lat="-23.7485081" lon="132.9712680"></trkpt>
    <trkpt lat="-23.7484493" lon="132.9713322"></trkpt>
    <trkpt lat="-23.7484652" lon="132.9713861"></trkpt>
    <trkpt lat="-23.7484504" lon="132.9714362"></trkpt>
    <trkpt lat="-23.7484555" lon="132.9714551"></trkpt>
    <trkpt lat="-23.7484208" lon="132.9715465"></trkpt>
    <trkpt lat="-23.7483332" lon="132.9715937"></trkpt>
    <trkpt lat="-23.7483156" lon="132.9716351"></trkpt>
    <trkpt lat="-23.7483109" lon="132.9716619"></trkpt>
    <trkpt lat="-23.7482694" lon="132.9717245"></trkpt>
    <trkpt lat="-23.7481966" lon="132.9717635"></trkpt>
    <trkpt lat="-23.7481659" lon="132.9718249"></trkpt>
    <trkpt lat="-23.7481212" lon="132.9718056"></trkpt>
    <trkpt lat="-23.7481155" lon="132.9718072"></trkpt>
    <trkpt lat="-23.7480434" lon="132.9717859"></trkpt>
    <trkpt lat="-23.7480322" lon="132.9718797"></trkpt>
    <trkpt lat="-23.7480134" lon="132.9719522"></trkpt>
    <trkpt lat="-23.7478887" lon="132.9719746"></trkpt>
    <trkpt lat="-23.7478584" lon="132.9720030"></trkpt>
    <trkpt lat="-23.7478407" lon="132.9719884"></trkpt>
    <trkpt lat="-23.7478079" lon="132.9719593"></trkpt>
    <trkpt lat="-23.7477528" lon="132.9719025"></trkpt>
    <trkpt lat="-23.7477239" lon="132.9719502"></trkpt>
    <trkpt lat="-23.7476944" lon="132.9719805"></trkpt>
    <trkpt lat="-23.7477001" lon="132.9720711"></trkpt>
    <trkpt lat="-23.7476846" lon="132.9721562"></trkpt>
    <trkpt lat="-23.7476226" lon="132.9721850"></trkpt>
    <trkpt lat="-23.7476103" lon="132.9722661"></trkpt>
    <trkpt lat="-23.7476222" lon="132.9722842"></trkpt>
    <trkpt lat="-23.7475649" lon="132.9723752"></trkpt>
    <trkpt lat="-23.7475408" lon="132.9723941"></trkpt>
    <trkpt lat="-23.7474744" lon="132.9723591"></trkpt>
    <trkpt lat="-23.7474427" lon="132.9724240"></trkpt>
    <trkpt lat="-23.7474239" lon="132.9724134"></trkpt>
    <trkpt lat="-23.7473908" lon="132.9724012"></trkpt>
    <trkpt lat="-23.7473590" lon="132.9723941"></trkpt>
    <trkpt lat="-23.7473262" lon="132.9724252"></trkpt>
    <trkpt lat="-23.7472660" lon="132.9724047"></trkpt>
    <trkpt lat="-23.7472527" lon="132.9724674"></trkpt>
    <trkpt lat="-23.7471784" lon="132.9724638"></trkpt>
    <trkpt lat="-23.7470980" lon="132.9724370"></trkpt>
    <trkpt lat="-23.7470331" lon="132.9723366"></trkpt>
    <trkpt lat="-23.7469639" lon="132.9722271"></trkpt>
    <trkpt lat="-23.7469073" lon="132.9721802"></trkpt>
    <trkpt lat="-23.7468074" lon="132.9721464"></trkpt>
    <trkpt lat="-23.7467447" lon="132.9721432"></trkpt>
    <trkpt lat="-23.7467335" lon="132.9721534"></trkpt>
    <trkpt lat="-23.7466989" lon="132.9722362"></trkpt>
    <trkpt lat="-23.7466408" lon="132.9723102"></trkpt>
    <trkpt lat="-23.7466095" lon="132.9724142"></trkpt>
    <trkpt lat="-23.7465583" lon="132.9724926"></trkpt>
    <trkpt lat="-23.7464862" lon="132.9725576"></trkpt>
    <trkpt lat="-23.7464822" lon="132.9726352"></trkpt>
    <trkpt lat="-23.7464772" lon="132.9726545"></trkpt>
    <trkpt lat="-23.7464169" lon="132.9727289"></trkpt>
    <trkpt lat="-23.7463614" lon="132.9728258"></trkpt>
    <trkpt lat="-23.7463200" lon="132.9729011"></trkpt>
    <trkpt lat="-23.7462637" lon="132.9729479"></trkpt>
    <trkpt lat="-23.7462529" lon="132.9729657"></trkpt>
    <trkpt lat="-23.7461458" lon="132.9730626"></trkpt>
    <trkpt lat="-23.7460041" lon="132.9731764"></trkpt>
    <trkpt lat="-23.7459699" lon="132.9732225"></trkpt>
    <trkpt lat="-23.7459944" lon="132.9733879"></trkpt>
    <trkpt lat="-23.7460312" lon="132.9735167"></trkpt>
    <trkpt lat="-23.7460355" lon="132.9735971"></trkpt>
    <trkpt lat="-23.7460167" lon="132.9737282"></trkpt>
    <trkpt lat="-23.7460322" lon="132.9738165"></trkpt>
    <trkpt lat="-23.7460229" lon="132.9739748"></trkpt>
    <trkpt lat="-23.7460128" lon="132.9740296"></trkpt>
    <trkpt lat="-23.7459042" lon="132.9741552"></trkpt>
    <trkpt lat="-23.7456710" lon="132.9742572"></trkpt>
    <trkpt lat="-23.7456227" lon="132.9742541"></trkpt>
    <trkpt lat="-23.7455624" lon="132.9742639"></trkpt>
    <trkpt lat="-23.7455502" lon="132.9742478"></trkpt>
    <trkpt lat="-23.7454034" lon="132.9741560"></trkpt>
    <trkpt lat="-23.7453212" lon="132.9740855"></trkpt>
    <trkpt lat="-23.7452181" lon="132.9739157"></trkpt>
    <trkpt lat="-23.7451226" lon="132.9738102"></trkpt>
    <trkpt lat="-23.7450350" lon="132.9737499"></trkpt>
    <trkpt lat="-23.7449931" lon="132.9737267"></trkpt>
    <trkpt lat="-23.7449124" lon="132.9735612"></trkpt>
    <trkpt lat="-23.7448666" lon="132.9734488"></trkpt>
    <trkpt lat="-23.7448103" lon="132.9734466"></trkpt>
    <trkpt lat="-23.7447775" lon="132.9734624"></trkpt>
    <trkpt lat="-23.7447656" lon="132.9734970"></trkpt>
    <trkpt lat="-23.7447438" lon="132.9735344"></trkpt>
    <trkpt lat="-23.7446953" lon="132.9736026"></trkpt>
    <trkpt lat="-23.7446430" lon="132.9736869"></trkpt>
    <trkpt lat="-23.7446485" lon="132.9737885"></trkpt>
    <trkpt lat="-23.7445947" lon="132.9741139"></trkpt>
    <trkpt lat="-23.7445370" lon="132.9742155"></trkpt>
    <trkpt lat="-23.7444498" lon="132.9742277"></trkpt>
    <trkpt lat="-23.7443899" lon="132.9743179"></trkpt>
    <trkpt lat="-23.7443889" lon="132.9743478"></trkpt>
    <trkpt lat="-23.7443676" lon="132.9743403"></trkpt>
    <trkpt lat="-23.7442100" lon="132.9743250"></trkpt>
    <trkpt lat="-23.7440701" lon="132.9744018"></trkpt>
    <trkpt lat="-23.7439129" lon="132.9743447"></trkpt>
    <trkpt lat="-23.7438188" lon="132.9741922"></trkpt>
    <trkpt lat="-23.7436876" lon="132.9741111"></trkpt>
    <trkpt lat="-23.7435902" lon="132.9740177"></trkpt>
    <trkpt lat="-23.7434763" lon="132.9739307"></trkpt>
    <trkpt lat="-23.7432827" lon="132.9738389"></trkpt>
    <trkpt lat="-23.7431767" lon="132.9737704"></trkpt>
    <trkpt lat="-23.7431057" lon="132.9736762"></trkpt>
    <trkpt lat="-23.7430584" lon="132.9735813"></trkpt>
    <trkpt lat="-23.7429896" lon="132.9734730"></trkpt>
    <trkpt lat="-23.7428457" lon="132.9732307"></trkpt>
    <trkpt lat="-23.7428183" lon="132.9731023"></trkpt>
    <trkpt lat="-23.7427404" lon="132.9729865"></trkpt>
    <trkpt lat="-23.7426546" lon="132.9728865"></trkpt>
    <trkpt lat="-23.7425107" lon="132.9726935"></trkpt>
    <trkpt lat="-23.7424192" lon="132.9726143"></trkpt>
    <trkpt lat="-23.7423694" lon="132.9724883"></trkpt>
    <trkpt lat="-23.7422875" lon="132.9723240"></trkpt>
    <trkpt lat="-23.7422605" lon="132.9722874"></trkpt>
    <trkpt lat="-23.7422324" lon="132.9721779"></trkpt>
    <trkpt lat="-23.7421650" lon="132.9720455"></trkpt>
    <trkpt lat="-23.7420543" lon="132.9718887"></trkpt>
    <trkpt lat="-23.7420099" lon="132.9717741"></trkpt>
    <trkpt lat="-23.7418877" lon="132.9715086"></trkpt>
    <trkpt lat="-23.7417799" lon="132.9713148"></trkpt>
    <trkpt lat="-23.7416775" lon="132.9712069"></trkpt>
    <trkpt lat="-23.7416454" lon="132.9710423"></trkpt>
    <trkpt lat="-23.7415533" lon="132.9708847"></trkpt>
    <trkpt lat="-23.7414790" lon="132.9707540"></trkpt>
    <trkpt lat="-23.7414440" lon="132.9706330"></trkpt>
    <trkpt lat="-23.7413651" lon="132.9705176"></trkpt>
    <trkpt lat="-23.7413013" lon="132.9704219"></trkpt>
    <trkpt lat="-23.7412670" lon="132.9702557"></trkpt>
    <trkpt lat="-23.7411653" lon="132.9701100"></trkpt>
    <trkpt lat="-23.7410431" lon="132.9697334"></trkpt>
    <trkpt lat="-23.7409656" lon="132.9696432"></trkpt>
    <trkpt lat="-23.7409490" lon="132.9694979"></trkpt>
    <trkpt lat="-23.7408373" lon="132.9693136"></trkpt>
    <trkpt lat="-23.7408124" lon="132.9692273"></trkpt>
    <trkpt lat="-23.7407659" lon="132.9691352"></trkpt>
    <trkpt lat="-23.7406981" lon="132.9690375"></trkpt>
    <trkpt lat="-23.7406433" lon="132.9688957"></trkpt>
    <trkpt lat="-23.7406454" lon="132.9686830"></trkpt>
    <trkpt lat="-23.7406209" lon="132.9685743"></trkpt>
    <trkpt lat="-23.7406162" lon="132.9684498"></trkpt>
    <trkpt lat="-23.7405189" lon="132.9682300"></trkpt>
    <trkpt lat="-23.7404922" lon="132.9682178"></trkpt>
    <trkpt lat="-23.7404244" lon="132.9681020"></trkpt>
    <trkpt lat="-23.7403184" lon="132.9680374"></trkpt>
    <trkpt lat="-23.7402319" lon="132.9680154"></trkpt>
    <trkpt lat="-23.7402020" lon="132.9679878"></trkpt>
    <trkpt lat="-23.7400963" lon="132.9679398"></trkpt>
    <trkpt lat="-23.7400826" lon="132.9678937"></trkpt>
    <trkpt lat="-23.7399384" lon="132.9677038"></trkpt>
    <trkpt lat="-23.7398508" lon="132.9676203"></trkpt>
    <trkpt lat="-23.7397733" lon="132.9675136"></trkpt>
    <trkpt lat="-23.7397546" lon="132.9674392"></trkpt>
    <trkpt lat="-23.7396983" lon="132.9673635"></trkpt>
    <trkpt lat="-23.7396705" lon="132.9672659"></trkpt>
    <trkpt lat="-23.7396103" lon="132.9671745"></trkpt>
    <trkpt lat="-23.7395887" lon="132.9671434"></trkpt>
    <trkpt lat="-23.7395292" lon="132.9670953"></trkpt>
    <trkpt lat="-23.7395505" lon="132.9670870"></trkpt>
    <trkpt lat="-23.7395011" lon="132.9669480"></trkpt>
    <trkpt lat="-23.7394589" lon="132.9668877"></trkpt>
    <trkpt lat="-23.7394355" lon="132.9668428"></trkpt>
    <trkpt lat="-23.7393789" lon="132.9666755"></trkpt>
    <trkpt lat="-23.7392772" lon="132.9665742"></trkpt>
    <trkpt lat="-23.7392584" lon="132.9665230"></trkpt>
    <trkpt lat="-23.7391719" lon="132.9663690"></trkpt>
    <trkpt lat="-23.7391377" lon="132.9662709"></trkpt>
    <trkpt lat="-23.7391287" lon="132.9662012"></trkpt>
    <trkpt lat="-23.7391168" lon="132.9660906"></trkpt>
    <trkpt lat="-23.7390922" lon="132.9660185"></trkpt>
    <trkpt lat="-23.7391204" lon="132.9659306"></trkpt>
    <trkpt lat="-23.7391092" lon="132.9657991"></trkpt>
    <trkpt lat="-23.7390760" lon="132.9657400"></trkpt>
    <trkpt lat="-23.7390605" lon="132.9656845"></trkpt>
    <trkpt lat="-23.7390219" lon="132.9656187"></trkpt>
    <trkpt lat="-23.7389642" lon="132.9655447"></trkpt>
    <trkpt lat="-23.7388875" lon="132.9653879"></trkpt>
    <trkpt lat="-23.7388417" lon="132.9653434"></trkpt>
    <trkpt lat="-23.7388171" lon="132.9652949"></trkpt>
    <trkpt lat="-23.7387840" lon="132.9651575"></trkpt>
    <trkpt lat="-23.7387497" lon="132.9650681"></trkpt>
    <trkpt lat="-23.7387133" lon="132.9649991"></trkpt>
    <trkpt lat="-23.7386729" lon="132.9648487"></trkpt>
    <trkpt lat="-23.7386621" lon="132.9647356"></trkpt>
    <trkpt lat="-23.7386387" lon="132.9647175"></trkpt>
    <trkpt lat="-23.7385118" lon="132.9644261"></trkpt>
    <trkpt lat="-23.7384804" lon="132.9643036"></trkpt>
    <trkpt lat="-23.7383419" lon="132.9640027"></trkpt>
    <trkpt lat="-23.7383178" lon="132.9639006"></trkpt>
    <trkpt lat="-23.7382576" lon="132.9638156"></trkpt>
    <trkpt lat="-23.7382504" lon="132.9637636"></trkpt>
    <trkpt lat="-23.7382720" lon="132.9636864"></trkpt>
    <trkpt lat="-23.7382749" lon="132.9635982"></trkpt>
    <trkpt lat="-23.7382900" lon="132.9635336"></trkpt>
    <trkpt lat="-23.7382990" lon="132.9635131"></trkpt>
    <trkpt lat="-23.7383200" lon="132.9634138"></trkpt>
    <trkpt lat="-23.7382662" lon="132.9633110"></trkpt>
    <trkpt lat="-23.7382644" lon="132.9632519"></trkpt>
    <trkpt lat="-23.7382789" lon="132.9632047"></trkpt>
    <trkpt lat="-23.7381920" lon="132.9630278"></trkpt>
    <trkpt lat="-23.7381426" lon="132.9628486"></trkpt>
    <trkpt lat="-23.7380705" lon="132.9627769"></trkpt>
    <trkpt lat="-23.7379947" lon="132.9626186"></trkpt>
    <trkpt lat="-23.7379673" lon="132.9624965"></trkpt>
    <trkpt lat="-23.7379324" lon="132.9624504"></trkpt>
    <trkpt lat="-23.7378073" lon="132.9622035"></trkpt>
    <trkpt lat="-23.7377770" lon="132.9621223"></trkpt>
    <trkpt lat="-23.7377038" lon="132.9620219"></trkpt>
    <trkpt lat="-23.7376850" lon="132.9619821"></trkpt>
    <trkpt lat="-23.7376706" lon="132.9619022"></trkpt>
    <trkpt lat="-23.7375895" lon="132.9615599"></trkpt>
    <trkpt lat="-23.7374936" lon="132.9612594"></trkpt>
    <trkpt lat="-23.7374222" lon="132.9610238"></trkpt>
    <trkpt lat="-23.7373479" lon="132.9609600"></trkpt>
    <trkpt lat="-23.7372805" lon="132.9608427"></trkpt>
    <trkpt lat="-23.7371954" lon="132.9607655"></trkpt>
    <trkpt lat="-23.7371172" lon="132.9606847"></trkpt>
    <trkpt lat="-23.7370591" lon="132.9606020"></trkpt>
    <trkpt lat="-23.7370234" lon="132.9603905"></trkpt>
    <trkpt lat="-23.7369643" lon="132.9602266"></trkpt>
    <trkpt lat="-23.7369117" lon="132.9601412"></trkpt>
    <trkpt lat="-23.7368677" lon="132.9600411"></trkpt>
    <trkpt lat="-23.7368522" lon="132.9599714"></trkpt>
    <trkpt lat="-23.7367988" lon="132.9598923"></trkpt>
    <trkpt lat="-23.7367375" lon="132.9597784"></trkpt>
    <trkpt lat="-23.7366964" lon="132.9597052"></trkpt>
    <trkpt lat="-23.7366517" lon="132.9595350"></trkpt>
    <trkpt lat="-23.7365735" lon="132.9593645"></trkpt>
    <trkpt lat="-23.7364905" lon="132.9592353"></trkpt>
    <trkpt lat="-23.7364170" lon="132.9591037"></trkpt>
    <trkpt lat="-23.7362926" lon="132.9589379"></trkpt>
    <trkpt lat="-23.7362436" lon="132.9588253"></trkpt>
    <trkpt lat="-23.7361704" lon="132.9587331"></trkpt>
    <trkpt lat="-23.7361275" lon="132.9586216"></trkpt>
    <trkpt lat="-23.7360781" lon="132.9585019"></trkpt>
    <trkpt lat="-23.7360485" lon="132.9584066"></trkpt>
    <trkpt lat="-23.7359930" lon="132.9583121"></trkpt>
    <trkpt lat="-23.7359411" lon="132.9581750"></trkpt>
    <trkpt lat="-23.7359328" lon="132.9581380"></trkpt>
    <trkpt lat="-23.7358931" lon="132.9580899"></trkpt>
    <trkpt lat="-23.7358754" lon="132.9580482"></trkpt>
    <trkpt lat="-23.7358830" lon="132.9579773"></trkpt>
    <trkpt lat="-23.7358001" lon="132.9578004"></trkpt>
    <trkpt lat="-23.7358044" lon="132.9577693"></trkpt>
    <trkpt lat="-23.7358192" lon="132.9577547"></trkpt>
    <trkpt lat="-23.7358123" lon="132.9577220"></trkpt>
    <trkpt lat="-23.7358239" lon="132.9577161"></trkpt>
    <trkpt lat="-23.7357961" lon="132.9576212"></trkpt>
    <trkpt lat="-23.7357489" lon="132.9575247"></trkpt>
    <trkpt lat="-23.7356624" lon="132.9574408"></trkpt>
    <trkpt lat="-23.7356440" lon="132.9573546"></trkpt>
    <trkpt lat="-23.7356094" lon="132.9573207"></trkpt>
    <trkpt lat="-23.7355722" lon="132.9572352"></trkpt>
    <trkpt lat="-23.7355401" lon="132.9571915"></trkpt>
    <trkpt lat="-23.7355387" lon="132.9571742"></trkpt>
    <trkpt lat="-23.7354972" lon="132.9570339"></trkpt>
    <trkpt lat="-23.7354165" lon="132.9568154"></trkpt>
    <trkpt lat="-23.7353631" lon="132.9567783"></trkpt>
    <trkpt lat="-23.7353069" lon="132.9566365"></trkpt>
    <trkpt lat="-23.7353224" lon="132.9565459"></trkpt>
    <trkpt lat="-23.7350635" lon="132.9563021"></trkpt>
    <trkpt lat="-23.7350519" lon="132.9562474"></trkpt>
    <trkpt lat="-23.7349557" lon="132.9560587"></trkpt>
    <trkpt lat="-23.7348976" lon="132.9558779"></trkpt>
    <trkpt lat="-23.7348187" lon="132.9557598"></trkpt>
    <trkpt lat="-23.7348071" lon="132.9557232"></trkpt>
    <trkpt lat="-23.7348024" lon="132.9555814"></trkpt>
    <trkpt lat="-23.7347480" lon="132.9554380"></trkpt>
    <trkpt lat="-23.7346539" lon="132.9552966"></trkpt>
    <trkpt lat="-23.7346290" lon="132.9552816"></trkpt>
    <trkpt lat="-23.7345796" lon="132.9552068"></trkpt>
    <trkpt lat="-23.7345230" lon="132.9550953"></trkpt>
    <trkpt lat="-23.7345162" lon="132.9550457"></trkpt>
    <trkpt lat="-23.7345270" lon="132.9549401"></trkpt>
    <trkpt lat="-23.7344758" lon="132.9547649"></trkpt>
    <trkpt lat="-23.7343279" lon="132.9546317"></trkpt>
    <trkpt lat="-23.7343005" lon="132.9545931"></trkpt>
    <trkpt lat="-23.7342757" lon="132.9545163"></trkpt>
    <trkpt lat="-23.7341790" lon="132.9544356"></trkpt>
    <trkpt lat="-23.7339919" lon="132.9542257"></trkpt>
    <trkpt lat="-23.7339090" lon="132.9541020"></trkpt>
    <trkpt lat="-23.7337676" lon="132.9538503"></trkpt>
    <trkpt lat="-23.7337179" lon="132.9537140"></trkpt>
    <trkpt lat="-23.7336988" lon="132.9536888"></trkpt>
    <trkpt lat="-23.7336263" lon="132.9535805"></trkpt>
    <trkpt lat="-23.7336047" lon="132.9535581"></trkpt>
    <trkpt lat="-23.7334961" lon="132.9534100"></trkpt>
    <trkpt lat="-23.7334248" lon="132.9532906"></trkpt>
    <trkpt lat="-23.7333278" lon="132.9531614"></trkpt>
    <trkpt lat="-23.7332657" lon="132.9530527"></trkpt>
    <trkpt lat="-23.7332163" lon="132.9528952"></trkpt>
    <trkpt lat="-23.7331439" lon="132.9527884"></trkpt>
    <trkpt lat="-23.7329679" lon="132.9526860"></trkpt>
    <trkpt lat="-23.7328893" lon="132.9525876"></trkpt>
    <trkpt lat="-23.7328612" lon="132.9524296"></trkpt>
    <trkpt lat="-23.7328057" lon="132.9522177"></trkpt>
    <trkpt lat="-23.7327141" lon="132.9518924"></trkpt>
    <trkpt lat="-23.7327134" lon="132.9518664"></trkpt>
    <trkpt lat="-23.7326499" lon="132.9516785"></trkpt>
    <trkpt lat="-23.7326239" lon="132.9516427"></trkpt>
    <trkpt lat="-23.7325378" lon="132.9513890"></trkpt>
    <trkpt lat="-23.7325266" lon="132.9513709"></trkpt>
    <trkpt lat="-23.7324913" lon="132.9512264"></trkpt>
    <trkpt lat="-23.7324159" lon="132.9510767"></trkpt>
    <trkpt lat="-23.7323499" lon="132.9509061"></trkpt>
    <trkpt lat="-23.7323268" lon="132.9507309"></trkpt>
    <trkpt lat="-23.7322475" lon="132.9503681"></trkpt>
    <trkpt lat="-23.7321700" lon="132.9502429"></trkpt>
    <trkpt lat="-23.7320975" lon="132.9500629"></trkpt>
    <trkpt lat="-23.7319490" lon="132.9497391"></trkpt>
    <trkpt lat="-23.7318159" lon="132.9494327"></trkpt>
    <trkpt lat="-23.7317114" lon="132.9492326"></trkpt>
    <trkpt lat="-23.7315938" lon="132.9488698"></trkpt>
    <trkpt lat="-23.7315808" lon="132.9488155"></trkpt>
    <trkpt lat="-23.7313739" lon="132.9482834"></trkpt>
    <trkpt lat="-23.7313122" lon="132.9481152"></trkpt>
    <trkpt lat="-23.7312394" lon="132.9479868"></trkpt>
    <trkpt lat="-23.7312888" lon="132.9477438"></trkpt>
    <trkpt lat="-23.7312920" lon="132.9476378"></trkpt>
    <trkpt lat="-23.7312542" lon="132.9475992"></trkpt>
    <trkpt lat="-23.7312448" lon="132.9476036"></trkpt>
    <trkpt lat="-23.7312390" lon="132.9475205"></trkpt>
    <trkpt lat="-23.7312632" lon="132.9474299"></trkpt>
    <trkpt lat="-23.7312736" lon="132.9474051"></trkpt>
    <trkpt lat="-23.7312354" lon="132.9473527"></trkpt>
    <trkpt lat="-23.7311525" lon="132.9472621"></trkpt>
    <trkpt lat="-23.7311089" lon="132.9472294"></trkpt>
    <trkpt lat="-23.7310292" lon="132.9470884"></trkpt>
    <trkpt lat="-23.7310227" lon="132.9470486"></trkpt>
    <trkpt lat="-23.7309286" lon="132.9468627"></trkpt>
    <trkpt lat="-23.7308832" lon="132.9467556"></trkpt>
    <trkpt lat="-23.7308341" lon="132.9466957"></trkpt>
    <trkpt lat="-23.7308060" lon="132.9466240"></trkpt>
    <trkpt lat="-23.7307097" lon="132.9464090"></trkpt>
    <trkpt lat="-23.7306455" lon="132.9462475"></trkpt>
    <trkpt lat="-23.7306109" lon="132.9461730"></trkpt>
    <trkpt lat="-23.7306131" lon="132.9461096"></trkpt>
    <trkpt lat="-23.7305832" lon="132.9460419"></trkpt>
    <trkpt lat="-23.7305659" lon="132.9458241"></trkpt>
    <trkpt lat="-23.7305028" lon="132.9456716"></trkpt>
    <trkpt lat="-23.7304440" lon="132.9454999"></trkpt>
    <trkpt lat="-23.7304133" lon="132.9453207"></trkpt>
    <trkpt lat="-23.7303427" lon="132.9451687"></trkpt>
    <trkpt lat="-23.7302821" lon="132.9450623"></trkpt>
    <trkpt lat="-23.7301530" lon="132.9447862"></trkpt>
    <trkpt lat="-23.7300816" lon="132.9446141"></trkpt>
    <trkpt lat="-23.7300596" lon="132.9445590"></trkpt>
    <trkpt lat="-23.7299619" lon="132.9444573"></trkpt>
    <trkpt lat="-23.7299331" lon="132.9444065"></trkpt>
    <trkpt lat="-23.7298779" lon="132.9442738"></trkpt>
    <trkpt lat="-23.7298584" lon="132.9441060"></trkpt>
    <trkpt lat="-23.7297741" lon="132.9438984"></trkpt>
    <trkpt lat="-23.7297027" lon="132.9435932"></trkpt>
    <trkpt lat="-23.7296536" lon="132.9434612"></trkpt>
    <trkpt lat="-23.7296104" lon="132.9434211"></trkpt>
    <trkpt lat="-23.7295141" lon="132.9433061"></trkpt>
    <trkpt lat="-23.7294229" lon="132.9432816"></trkpt>
    <trkpt lat="-23.7293706" lon="132.9431320"></trkpt>
    <trkpt lat="-23.7293424" lon="132.9430883"></trkpt>
    <trkpt lat="-23.7293118" lon="132.9429855"></trkpt>
    <trkpt lat="-23.7292206" lon="132.9429039"></trkpt>
    <trkpt lat="-23.7292054" lon="132.9428618"></trkpt>
    <trkpt lat="-23.7291214" lon="132.9427846"></trkpt>
    <trkpt lat="-23.7290991" lon="132.9427850"></trkpt>
    <trkpt lat="-23.7290334" lon="132.9427153"></trkpt>
    <trkpt lat="-23.7289444" lon="132.9425786"></trkpt>
    <trkpt lat="-23.7288870" lon="132.9424013"></trkpt>
    <trkpt lat="-23.7288020" lon="132.9422911"></trkpt>
    <trkpt lat="-23.7287727" lon="132.9422844"></trkpt>
    <trkpt lat="-23.7287360" lon="132.9422379"></trkpt>
    <trkpt lat="-23.7287259" lon="132.9422127"></trkpt>
    <trkpt lat="-23.7286469" lon="132.9421398"></trkpt>
    <trkpt lat="-23.7286361" lon="132.9420855"></trkpt>
    <trkpt lat="-23.7285398" lon="132.9419902"></trkpt>
    <trkpt lat="-23.7283981" lon="132.9418019"></trkpt>
    <trkpt lat="-23.7282236" lon="132.9416593"></trkpt>
    <trkpt lat="-23.7281782" lon="132.9416487"></trkpt>
    <trkpt lat="-23.7280437" lon="132.9415258"></trkpt>
    <trkpt lat="-23.7279788" lon="132.9413741"></trkpt>
    <trkpt lat="-23.7279474" lon="132.9413434"></trkpt>
    <trkpt lat="-23.7278760" lon="132.9412209"></trkpt>
    <trkpt lat="-23.7278172" lon="132.9409515"></trkpt>
    <trkpt lat="-23.7278003" lon="132.9409098"></trkpt>
    <trkpt lat="-23.7277550" lon="132.9407991"></trkpt>
    <trkpt lat="-23.7277298" lon="132.9407680"></trkpt>
    <trkpt lat="-23.7277215" lon="132.9407160"></trkpt>
    <trkpt lat="-23.7277168" lon="132.9406081"></trkpt>
    <trkpt lat="-23.7276501" lon="132.9404955"></trkpt>
    <trkpt lat="-23.7276227" lon="132.9404171"></trkpt>
    <trkpt lat="-23.7276321" lon="132.9403742"></trkpt>
    <trkpt lat="-23.7275975" lon="132.9402032"></trkpt>
    <trkpt lat="-23.7275874" lon="132.9400690"></trkpt>
    <trkpt lat="-23.7275694" lon="132.9399681"></trkpt>
    <trkpt lat="-23.7275387" lon="132.9398902"></trkpt>
    <trkpt lat="-23.7275358" lon="132.9398480"></trkpt>
    <trkpt lat="-23.7275485" lon="132.9398386"></trkpt>
    <trkpt lat="-23.7276031" lon="132.9398217"></trkpt>
    <trkpt lat="-23.7276372" lon="132.9398128"></trkpt>
    <trkpt lat="-23.7276715" lon="132.9397725"></trkpt>
    <trkpt lat="-23.7276744" lon="132.9396832"></trkpt>
    <trkpt lat="-23.7277329" lon="132.9396212"></trkpt>
    <trkpt lat="-23.7277823" lon="132.9396015"></trkpt>
    <trkpt lat="-23.7278187" lon="132.9395645"></trkpt>
    <trkpt lat="-23.7278360" lon="132.9394770"></trkpt>
    <trkpt lat="-23.7278356" lon="132.9393998"></trkpt>
    <trkpt lat="-23.7278558" lon="132.9392951"></trkpt>
    <trkpt lat="-23.7278190" lon="132.9392250"></trkpt>
    <trkpt lat="-23.7278414" lon="132.9391525"></trkpt>
    <trkpt lat="-23.7278428" lon="132.9390631"></trkpt>
    <trkpt lat="-23.7278572" lon="132.9390044"></trkpt>
    <trkpt lat="-23.7279178" lon="132.9388961"></trkpt>
    <trkpt lat="-23.7279196" lon="132.9388572"></trkpt>
    <trkpt lat="-23.7279297" lon="132.9388402"></trkpt>
    <trkpt lat="-23.7279405" lon="132.9387237"></trkpt>
    <trkpt lat="-23.7279423" lon="132.9386803"></trkpt>
    <trkpt lat="-23.7279741" lon="132.9386315"></trkpt>
    <trkpt lat="-23.7280065" lon="132.9386138"></trkpt>
    <trkpt lat="-23.7280188" lon="132.9386016"></trkpt>
    <trkpt lat="-23.7280429" lon="132.9386106"></trkpt>
    <trkpt lat="-23.7280635" lon="132.9385512"></trkpt>
    <trkpt lat="-23.7281669" lon="132.9384389"></trkpt>
    <trkpt lat="-23.7281911" lon="132.9384306"></trkpt>
    <trkpt lat="-23.7282560" lon="132.9383810"></trkpt>
    <trkpt lat="-23.7282881" lon="132.9383452"></trkpt>
    <trkpt lat="-23.7283252" lon="132.9383393"></trkpt>
    <trkpt lat="-23.7284110" lon="132.9382940"></trkpt>
    <trkpt lat="-23.7284507" lon="132.9382885"></trkpt>
    <trkpt lat="-23.7285156" lon="132.9382904"></trkpt>
    <trkpt lat="-23.7286140" lon="132.9381865"></trkpt>
    <trkpt lat="-23.7286288" lon="132.9381636"></trkpt>
    <trkpt lat="-23.7287012" lon="132.9381632"></trkpt>
    <trkpt lat="-23.7288026" lon="132.9381329"></trkpt>
    <trkpt lat="-23.7288451" lon="132.9381254"></trkpt>
    <trkpt lat="-23.7288977" lon="132.9380987"></trkpt>
    <trkpt lat="-23.7289432" lon="132.9380313"></trkpt>
    <trkpt lat="-23.7289900" lon="132.9380353"></trkpt>
    <trkpt lat="-23.7290344" lon="132.9379959"></trkpt>
    <trkpt lat="-23.7291079" lon="132.9379722"></trkpt>
    <trkpt lat="-23.7291807" lon="132.9379266"></trkpt>
    <trkpt lat="-23.7292035" lon="132.9378848"></trkpt>
    <trkpt lat="-23.7292056" lon="132.9378273"></trkpt>
    <trkpt lat="-23.7292200" lon="132.9377549"></trkpt>
    <trkpt lat="-23.7292550" lon="132.9376966"></trkpt>
    <trkpt lat="-23.7293206" lon="132.9376150"></trkpt>
    <trkpt lat="-23.7293798" lon="132.9375552"></trkpt>
    <trkpt lat="-23.7293895" lon="132.9375568"></trkpt>
    <trkpt lat="-23.7293956" lon="132.9375296"></trkpt>
    <trkpt lat="-23.7294645" lon="132.9373571"></trkpt>
    <trkpt lat="-23.7294919" lon="132.9372610"></trkpt>
    <trkpt lat="-23.7295114" lon="132.9372256"></trkpt>
    <trkpt lat="-23.7295287" lon="132.9372067"></trkpt>
    <trkpt lat="-23.7295525" lon="132.9371586"></trkpt>
    <trkpt lat="-23.7295730" lon="132.9370771"></trkpt>
    <trkpt lat="-23.7296073" lon="132.9369869"></trkpt>
    <trkpt lat="-23.7296545" lon="132.9369526"></trkpt>
    <trkpt lat="-23.7296711" lon="132.9369440"></trkpt>
    <trkpt lat="-23.7297493" lon="132.9369251"></trkpt>
    <trkpt lat="-23.7297572" lon="132.9369310"></trkpt>
    <trkpt lat="-23.7298492" lon="132.9369030"></trkpt>
    <trkpt lat="-23.7298906" lon="132.9368581"></trkpt>
    <trkpt lat="-23.7299483" lon="132.9368140"></trkpt>
    <trkpt lat="-23.7300889" lon="132.9367396"></trkpt>
    <trkpt lat="-23.7300994" lon="132.9367246"></trkpt>
    <trkpt lat="-23.7301686" lon="132.9367057"></trkpt>
    <trkpt lat="-23.7302050" lon="132.9367049"></trkpt>
    <trkpt lat="-23.7302256" lon="132.9367341"></trkpt>
    <trkpt lat="-23.7302865" lon="132.9367471"></trkpt>
    <trkpt lat="-23.7303106" lon="132.9367502"></trkpt>
    <trkpt lat="-23.7303683" lon="132.9367927"></trkpt>
    <trkpt lat="-23.7304451" lon="132.9368282"></trkpt>
    <trkpt lat="-23.7305410" lon="132.9369684"></trkpt>
    <trkpt lat="-23.7306055" lon="132.9370117"></trkpt>
    <trkpt lat="-23.7306506" lon="132.9370755"></trkpt>
    <trkpt lat="-23.7306744" lon="132.9370779"></trkpt>
    <trkpt lat="-23.7307234" lon="132.9370980"></trkpt>
    <trkpt lat="-23.7307772" lon="132.9371535"></trkpt>
    <trkpt lat="-23.7308846" lon="132.9371866"></trkpt>
    <trkpt lat="-23.7309123" lon="132.9371850"></trkpt>
    <trkpt lat="-23.7309246" lon="132.9371799"></trkpt>
    <trkpt lat="-23.7309690" lon="132.9372208"></trkpt>
    <trkpt lat="-23.7309751" lon="132.9372386"></trkpt>
    <trkpt lat="-23.7310522" lon="132.9372641"></trkpt>
    <trkpt lat="-23.7311243" lon="132.9372366"></trkpt>
    <trkpt lat="-23.7311824" lon="132.9372760"></trkpt>
    <trkpt lat="-23.7312141" lon="132.9372827"></trkpt>
    <trkpt lat="-23.7312509" lon="132.9372874"></trkpt>
    <trkpt lat="-23.7313104" lon="132.9372815"></trkpt>
    <trkpt lat="-23.7313493" lon="132.9372724"></trkpt>
    <trkpt lat="-23.7314124" lon="132.9372807"></trkpt>
    <trkpt lat="-23.7314192" lon="132.9372894"></trkpt>
    <trkpt lat="-23.7314405" lon="132.9372677"></trkpt>
    <trkpt lat="-23.7315541" lon="132.9372035"></trkpt>
    <trkpt lat="-23.7316049" lon="132.9371799"></trkpt>
    <trkpt lat="-23.7316413" lon="132.9371984"></trkpt>
    <trkpt lat="-23.7316651" lon="132.9371413"></trkpt>
    <trkpt lat="-23.7316738" lon="132.9371342"></trkpt>
    <trkpt lat="-23.7317131" lon="132.9371346"></trkpt>
    <trkpt lat="-23.7317581" lon="132.9370976"></trkpt>
    <trkpt lat="-23.7317884" lon="132.9370794"></trkpt>
    <trkpt lat="-23.7318656" lon="132.9370566"></trkpt>
    <trkpt lat="-23.7318825" lon="132.9370629"></trkpt>
    <trkpt lat="-23.7319694" lon="132.9370377"></trkpt>
    <trkpt lat="-23.7319860" lon="132.9370436"></trkpt>
    <trkpt lat="-23.7320155" lon="132.9370491"></trkpt>
    <trkpt lat="-23.7320238" lon="132.9370145"></trkpt>
    <trkpt lat="-23.7320552" lon="132.9370239"></trkpt>
    <trkpt lat="-23.7321497" lon="132.9370582"></trkpt>
    <trkpt lat="-23.7322077" lon="132.9370456"></trkpt>
    <trkpt lat="-23.7322333" lon="132.9370235"></trkpt>
    <trkpt lat="-23.7322848" lon="132.9369889"></trkpt>
    <trkpt lat="-23.7323690" lon="132.9368869"></trkpt>
    <trkpt lat="-23.7324480" lon="132.9368282"></trkpt>
    <trkpt lat="-23.7324411" lon="132.9367758"></trkpt>
    <trkpt lat="-23.7324469" lon="132.9367419"></trkpt>
    <trkpt lat="-23.7324995" lon="132.9367829"></trkpt>
    <trkpt lat="-23.7325169" lon="132.9367916"></trkpt>
    <trkpt lat="-23.7325399" lon="132.9367144"></trkpt>
    <trkpt lat="-23.7325634" lon="132.9367081"></trkpt>
    <trkpt lat="-23.7327209" lon="132.9368534"></trkpt>
    <trkpt lat="-23.7327393" lon="132.9368309"></trkpt>
    <trkpt lat="-23.7327649" lon="132.9367337"></trkpt>
    <trkpt lat="-23.7327981" lon="132.9367171"></trkpt>
    <trkpt lat="-23.7328132" lon="132.9367325"></trkpt>
    <trkpt lat="-23.7328770" lon="132.9367104"></trkpt>
    <trkpt lat="-23.7329106" lon="132.9367467"></trkpt>
    <trkpt lat="-23.7329116" lon="132.9367057"></trkpt>
    <trkpt lat="-23.7329311" lon="132.9366612"></trkpt>
    <trkpt lat="-23.7329661" lon="132.9366840"></trkpt>
    <trkpt lat="-23.7329870" lon="132.9366907"></trkpt>
    <trkpt lat="-23.7330490" lon="132.9366198"></trkpt>
    <trkpt lat="-23.7331395" lon="132.9365793"></trkpt>
    <trkpt lat="-23.7332004" lon="132.9365773"></trkpt>
    <trkpt lat="-23.7332058" lon="132.9365820"></trkpt>
    <trkpt lat="-23.7332477" lon="132.9365773"></trkpt>
    <trkpt lat="-23.7332105" lon="132.9364206"></trkpt>
    <trkpt lat="-23.7331965" lon="132.9363824"></trkpt>
    <trkpt lat="-23.7332087" lon="132.9363359"></trkpt>
    <trkpt lat="-23.7332480" lon="132.9363079"></trkpt>
    <trkpt lat="-23.7332675" lon="132.9362674"></trkpt>
    <trkpt lat="-23.7333046" lon="132.9361480"></trkpt>
    <trkpt lat="-23.7333089" lon="132.9360728"></trkpt>
    <trkpt lat="-23.7333320" lon="132.9360188"></trkpt>
    <trkpt lat="-23.7333198" lon="132.9359527"></trkpt>
    <trkpt lat="-23.7333551" lon="132.9359519"></trkpt>
    <trkpt lat="-23.7334286" lon="132.9359696"></trkpt>
    <trkpt lat="-23.7334748" lon="132.9359306"></trkpt>
    <trkpt lat="-23.7335083" lon="132.9358582"></trkpt>
    <trkpt lat="-23.7335083" lon="132.9357825"></trkpt>
    <trkpt lat="-23.7335245" lon="132.9357475"></trkpt>
    <trkpt lat="-23.7335300" lon="132.9357400"></trkpt>
    <trkpt lat="-23.7335404" lon="132.9357376"></trkpt>
    <trkpt lat="-23.7335664" lon="132.9357593"></trkpt>
    <trkpt lat="-23.7337185" lon="132.9358310"></trkpt>
    <trkpt lat="-23.7337585" lon="132.9358314"></trkpt>
    <trkpt lat="-23.7337647" lon="132.9358211"></trkpt>
    <trkpt lat="-23.7337733" lon="132.9357109"></trkpt>
    <trkpt lat="-23.7337319" lon="132.9355584"></trkpt>
    <trkpt lat="-23.7337005" lon="132.9354671"></trkpt>
    <trkpt lat="-23.7337311" lon="132.9354580"></trkpt>
    <trkpt lat="-23.7337830" lon="132.9354505"></trkpt>
    <trkpt lat="-23.7338350" lon="132.9354490"></trkpt>
    <trkpt lat="-23.7339356" lon="132.9355191"></trkpt>
    <trkpt lat="-23.7339449" lon="132.9355289"></trkpt>
    <trkpt lat="-23.7339727" lon="132.9355352"></trkpt>
    <trkpt lat="-23.7340495" lon="132.9356069"></trkpt>
    <trkpt lat="-23.7340592" lon="132.9356069"></trkpt>
    <trkpt lat="-23.7340996" lon="132.9356376"></trkpt>
    <trkpt lat="-23.7341155" lon="132.9355947"></trkpt>
    <trkpt lat="-23.7341310" lon="132.9355825"></trkpt>
    <trkpt lat="-23.7341742" lon="132.9355722"></trkpt>
    <trkpt lat="-23.7342687" lon="132.9355242"></trkpt>
    <trkpt lat="-23.7343170" lon="132.9354927"></trkpt>
    <trkpt lat="-23.7343556" lon="132.9354840"></trkpt>
    <trkpt lat="-23.7344565" lon="132.9354427"></trkpt>
    <trkpt lat="-23.7345456" lon="132.9353544"></trkpt>
    <trkpt lat="-23.7346043" lon="132.9353300"></trkpt>
    <trkpt lat="-23.7346184" lon="132.9353131"></trkpt>
    <trkpt lat="-23.7347940" lon="132.9352375"></trkpt>
    <trkpt lat="-23.7348232" lon="132.9352221"></trkpt>
    <trkpt lat="-23.7349230" lon="132.9351725"></trkpt>
    <trkpt lat="-23.7349461" lon="132.9351567"></trkpt>
    <trkpt lat="-23.7350211" lon="132.9351500"></trkpt>
    <trkpt lat="-23.7351001" lon="132.9352178"></trkpt>
    <trkpt lat="-23.7351924" lon="132.9352000"></trkpt>
    <trkpt lat="-23.7352594" lon="132.9351693"></trkpt>
    <trkpt lat="-23.7353600" lon="132.9352197"></trkpt>
    <trkpt lat="-23.7353488" lon="132.9353848"></trkpt>
    <trkpt lat="-23.7353961" lon="132.9354675"></trkpt>
    <trkpt lat="-23.7354116" lon="132.9355321"></trkpt>
    <trkpt lat="-23.7354516" lon="132.9356128"></trkpt>
    <trkpt lat="-23.7354948" lon="132.9356671"></trkpt>
    <trkpt lat="-23.7355388" lon="132.9356884"></trkpt>
    <trkpt lat="-23.7355532" lon="132.9357585"></trkpt>
    <trkpt lat="-23.7355370" lon="132.9358133"></trkpt>
    <trkpt lat="-23.7355529" lon="132.9359074"></trkpt>
    <trkpt lat="-23.7355857" lon="132.9359476"></trkpt>
    <trkpt lat="-23.7356016" lon="132.9360149"></trkpt>
    <trkpt lat="-23.7356347" lon="132.9360161"></trkpt>
    <trkpt lat="-23.7356823" lon="132.9360582"></trkpt>
    <trkpt lat="-23.7356600" lon="132.9361500"></trkpt>
    <trkpt lat="-23.7356095" lon="132.9362118"></trkpt>
    <trkpt lat="-23.7355583" lon="132.9362260"></trkpt>
    <trkpt lat="-23.7354927" lon="132.9362583"></trkpt>
    <trkpt lat="-23.7354498" lon="132.9362898"></trkpt>
    <trkpt lat="-23.7353614" lon="132.9362611"></trkpt>
    <trkpt lat="-23.7353268" lon="132.9363075"></trkpt>
    <trkpt lat="-23.7353744" lon="132.9363379"></trkpt>
    <trkpt lat="-23.7354408" lon="132.9364336"></trkpt>
    <trkpt lat="-23.7354829" lon="132.9364662"></trkpt>
    <trkpt lat="-23.7355943" lon="132.9365789"></trkpt>
    <trkpt lat="-23.7356989" lon="132.9366352"></trkpt>
    <trkpt lat="-23.7357450" lon="132.9366647"></trkpt>
    <trkpt lat="-23.7357580" lon="132.9367041"></trkpt>
    <trkpt lat="-23.7357382" lon="132.9367695"></trkpt>
    <trkpt lat="-23.7357897" lon="132.9367947"></trkpt>
    <trkpt lat="-23.7358932" lon="132.9367864"></trkpt>
    <trkpt lat="-23.7359462" lon="132.9368215"></trkpt>
    <trkpt lat="-23.7361286" lon="132.9369077"></trkpt>
    <trkpt lat="-23.7362898" lon="132.9369562"></trkpt>
    <trkpt lat="-23.7363334" lon="132.9369479"></trkpt>
    <trkpt lat="-23.7363651" lon="132.9369613"></trkpt>
    <trkpt lat="-23.7364016" lon="132.9369932"></trkpt>
    <trkpt lat="-23.7364733" lon="132.9370858"></trkpt>
    <trkpt lat="-23.7365400" lon="132.9371468"></trkpt>
    <trkpt lat="-23.7365667" lon="132.9372063"></trkpt>
    <trkpt lat="-23.7366633" lon="132.9372342"></trkpt>
    <trkpt lat="-23.7366777" lon="132.9372842"></trkpt>
    <trkpt lat="-23.7366633" lon="132.9373941"></trkpt>
    <trkpt lat="-23.7367898" lon="132.9375288"></trkpt>
    <trkpt lat="-23.7367906" lon="132.9375714"></trkpt>
    <trkpt lat="-23.7368410" lon="132.9376159"></trkpt>
    <trkpt lat="-23.7368648" lon="132.9376170"></trkpt>
    <trkpt lat="-23.7369081" lon="132.9376399"></trkpt>
    <trkpt lat="-23.7369283" lon="132.9377187"></trkpt>
    <trkpt lat="-23.7369369" lon="132.9377277"></trkpt>
    <trkpt lat="-23.7369452" lon="132.9377805"></trkpt>
    <trkpt lat="-23.7370033" lon="132.9378337"></trkpt>
    <trkpt lat="-23.7370566" lon="132.9379057"></trkpt>
    <trkpt lat="-23.7370970" lon="132.9380093"></trkpt>
    <trkpt lat="-23.7371767" lon="132.9381582"></trkpt>
    <trkpt lat="-23.7372625" lon="132.9383925"></trkpt>
    <trkpt lat="-23.7372600" lon="132.9384413"></trkpt>
    <trkpt lat="-23.7372488" lon="132.9385150"></trkpt>
    <trkpt lat="-23.7372812" lon="132.9387253"></trkpt>
    <trkpt lat="-23.7373173" lon="132.9387781"></trkpt>
    <trkpt lat="-23.7373436" lon="132.9388675"></trkpt>
    <trkpt lat="-23.7374943" lon="132.9389762"></trkpt>
    <trkpt lat="-23.7375628" lon="132.9390869"></trkpt>
    <trkpt lat="-23.7375711" lon="132.9391707"></trkpt>
    <trkpt lat="-23.7376219" lon="132.9392562"></trkpt>
    <trkpt lat="-23.7376418" lon="132.9393302"></trkpt>
    <trkpt lat="-23.7376883" lon="132.9394130"></trkpt>
    <trkpt lat="-23.7377340" lon="132.9395240"></trkpt>
    <trkpt lat="-23.7377806" lon="132.9395957"></trkpt>
    <trkpt lat="-23.7377762" lon="132.9396532"></trkpt>
    <trkpt lat="-23.7376829" lon="132.9396567"></trkpt>
    <trkpt lat="-23.7377135" lon="132.9396788"></trkpt>
    <trkpt lat="-23.7378930" lon="132.9398395"></trkpt>
    <trkpt lat="-23.7380527" lon="132.9401187"></trkpt>
    <trkpt lat="-23.7381371" lon="132.9401723"></trkpt>
    <trkpt lat="-23.7382153" lon="132.9401486"></trkpt>
    <trkpt lat="-23.7382377" lon="132.9400939"></trkpt>
    <trkpt lat="-23.7382460" lon="132.9399316"></trkpt>
    <trkpt lat="-23.7383069" lon="132.9397560"></trkpt>
    <trkpt lat="-23.7383354" lon="132.9395803"></trkpt>
    <trkpt lat="-23.7383275" lon="132.9395417"></trkpt>
    <trkpt lat="-23.7383430" lon="132.9393716"></trkpt>
    <trkpt lat="-23.7383116" lon="132.9391022"></trkpt>
    <trkpt lat="-23.7383239" lon="132.9390833"></trkpt>
    <trkpt lat="-23.7384028" lon="132.9390353"></trkpt>
    <trkpt lat="-23.7385193" lon="132.9390282"></trkpt>
    <trkpt lat="-23.7385348" lon="132.9390238"></trkpt>
    <trkpt lat="-23.7386260" lon="132.9389529"></trkpt>
    <trkpt lat="-23.7387359" lon="132.9387836"></trkpt>
    <trkpt lat="-23.7387586" lon="132.9387592"></trkpt>
    <trkpt lat="-23.7387608" lon="132.9386745"></trkpt>
    <trkpt lat="-23.7387394" lon="132.9385646"></trkpt>
    <trkpt lat="-23.7387321" lon="132.9384977"></trkpt>
    <trkpt lat="-23.7387743" lon="132.9384748"></trkpt>
    <trkpt lat="-23.7388836" lon="132.9384638"></trkpt>
    <trkpt lat="-23.7389348" lon="132.9384153"></trkpt>
    <trkpt lat="-23.7388349" lon="132.9382708"></trkpt>
    <trkpt lat="-23.7388630" lon="132.9381010"></trkpt>
    <trkpt lat="-23.7389517" lon="132.9379931"></trkpt>
    <trkpt lat="-23.7390285" lon="132.9378474"></trkpt>
    <trkpt lat="-23.7391302" lon="132.9377147"></trkpt>
    <trkpt lat="-23.7391713" lon="132.9376820"></trkpt>
    <trkpt lat="-23.7392235" lon="132.9376879"></trkpt>
    <trkpt lat="-23.7392928" lon="132.9375193"></trkpt>
    <trkpt lat="-23.7393003" lon="132.9375114"></trkpt>
    <trkpt lat="-23.7393454" lon="132.9373606"></trkpt>
    <trkpt lat="-23.7393328" lon="132.9373163"></trkpt>
    <trkpt lat="-23.7392946" lon="132.9371822"></trkpt>
    <trkpt lat="-23.7391554" lon="132.9368978"></trkpt>
    <trkpt lat="-23.7390970" lon="132.9367336"></trkpt>
    <trkpt lat="-23.7390501" lon="132.9365288"></trkpt>
    <trkpt lat="-23.7388551" lon="132.9362192"></trkpt>
    <trkpt lat="-23.7387841" lon="132.9360845"></trkpt>
    <trkpt lat="-23.7387534" lon="132.9359553"></trkpt>
    <trkpt lat="-23.7387491" lon="132.9358549"></trkpt>
    <trkpt lat="-23.7387379" lon="132.9357529"></trkpt>
    <trkpt lat="-23.7386972" lon="132.9357261"></trkpt>
    <trkpt lat="-23.7385054" lon="132.9356780"></trkpt>
    <trkpt lat="-23.7383348" lon="132.9356965"></trkpt>
    <trkpt lat="-23.7383237" lon="132.9356922"></trkpt>
    <trkpt lat="-23.7382461" lon="132.9355646"></trkpt>
    <trkpt lat="-23.7382371" lon="132.9354649"></trkpt>
    <trkpt lat="-23.7382526" lon="132.9353960"></trkpt>
    <trkpt lat="-23.7382429" lon="132.9353235"></trkpt>
    <trkpt lat="-23.7382970" lon="132.9351991"></trkpt>
    <trkpt lat="-23.7383042" lon="132.9349959"></trkpt>
    <trkpt lat="-23.7382714" lon="132.9349116"></trkpt>
    <trkpt lat="-23.7382793" lon="132.9347686"></trkpt>
    <trkpt lat="-23.7383121" lon="132.9347158"></trkpt>
    <trkpt lat="-23.7383608" lon="132.9346595"></trkpt>
    <trkpt lat="-23.7384513" lon="132.9346158"></trkpt>
    <trkpt lat="-23.7385865" lon="132.9344953"></trkpt>
    <trkpt lat="-23.7386186" lon="132.9343582"></trkpt>
    <trkpt lat="-23.7384091" lon="132.9341191"></trkpt>
    <trkpt lat="-23.7383990" lon="132.9340423"></trkpt>
    <trkpt lat="-23.7383586" lon="132.9339096"></trkpt>
    <trkpt lat="-23.7382566" lon="132.9338387"></trkpt>
    <trkpt lat="-23.7381571" lon="132.9337103"></trkpt>
    <trkpt lat="-23.7381311" lon="132.9336666"></trkpt>
    <trkpt lat="-23.7380713" lon="132.9336370"></trkpt>
    <trkpt lat="-23.7379015" lon="132.9336500"></trkpt>
    <trkpt lat="-23.7378456" lon="132.9336000"></trkpt>
    <trkpt lat="-23.7377951" lon="132.9335902"></trkpt>
    <trkpt lat="-23.7376895" lon="132.9335468"></trkpt>
    <trkpt lat="-23.7375514" lon="132.9334649"></trkpt>
    <trkpt lat="-23.7374915" lon="132.9333602"></trkpt>
    <trkpt lat="-23.7372341" lon="132.9331168"></trkpt>
    <trkpt lat="-23.7371310" lon="132.9330384"></trkpt>
    <trkpt lat="-23.7370257" lon="132.9328336"></trkpt>
    <trkpt lat="-23.7368934" lon="132.9327442"></trkpt>
    <trkpt lat="-23.7367481" lon="132.9327769"></trkpt>
    <trkpt lat="-23.7366929" lon="132.9328064"></trkpt>
    <trkpt lat="-23.7366172" lon="132.9327938"></trkpt>
    <trkpt lat="-23.7365033" lon="132.9328131"></trkpt>
    <trkpt lat="-23.7363558" lon="132.9328513"></trkpt>
    <trkpt lat="-23.7362242" lon="132.9327765"></trkpt>
    <trkpt lat="-23.7362534" lon="132.9326481"></trkpt>
    <trkpt lat="-23.7363046" lon="132.9324945"></trkpt>
    <trkpt lat="-23.7362899" lon="132.9323637"></trkpt>
    <trkpt lat="-23.7362686" lon="132.9322310"></trkpt>
    <trkpt lat="-23.7362181" lon="132.9320459"></trkpt>
    <trkpt lat="-23.7362069" lon="132.9319100"></trkpt>
    <trkpt lat="-23.7361309" lon="132.9318115"></trkpt>
    <trkpt lat="-23.7360029" lon="132.9317532"></trkpt>
    <trkpt lat="-23.7359556" lon="132.9317000"></trkpt>
    <trkpt lat="-23.7357018" lon="132.9316130"></trkpt>
    <trkpt lat="-23.7355926" lon="132.9315035"></trkpt>
    <trkpt lat="-23.7355565" lon="132.9314854"></trkpt>
    <trkpt lat="-23.7354574" lon="132.9313282"></trkpt>
    <trkpt lat="-23.7353384" lon="132.9312404"></trkpt>
    <trkpt lat="-23.7352450" lon="132.9310907"></trkpt>
    <trkpt lat="-23.7352064" lon="132.9310569"></trkpt>
    <trkpt lat="-23.7352111" lon="132.9310269"></trkpt>
    <trkpt lat="-23.7352854" lon="132.9309773"></trkpt>
    <trkpt lat="-23.7353950" lon="132.9308233"></trkpt>
    <trkpt lat="-23.7354923" lon="132.9306670"></trkpt>
    <trkpt lat="-23.7355356" lon="132.9304724"></trkpt>
    <trkpt lat="-23.7354390" lon="132.9303337"></trkpt>
    <trkpt lat="-23.7354256" lon="132.9302652"></trkpt>
    <trkpt lat="-23.7353409" lon="132.9301167"></trkpt>
    <trkpt lat="-23.7353485" lon="132.9299612"></trkpt>
    <trkpt lat="-23.7352937" lon="132.9298666"></trkpt>
    <trkpt lat="-23.7352356" lon="132.9298332"></trkpt>
    <trkpt lat="-23.7351841" lon="132.9297749"></trkpt>
    <trkpt lat="-23.7350608" lon="132.9296701"></trkpt>
    <trkpt lat="-23.7350164" lon="132.9296669"></trkpt>
    <trkpt lat="-23.7349721" lon="132.9296429"></trkpt>
    <trkpt lat="-23.7349064" lon="132.9295775"></trkpt>
    <trkpt lat="-23.7347839" lon="132.9295007"></trkpt>
    <trkpt lat="-23.7347363" lon="132.9294389"></trkpt>
    <trkpt lat="-23.7347226" lon="132.9293940"></trkpt>
    <trkpt lat="-23.7347363" lon="132.9293026"></trkpt>
    <trkpt lat="-23.7346869" lon="132.9292258"></trkpt>
    <trkpt lat="-23.7346667" lon="132.9291770"></trkpt>
    <trkpt lat="-23.7346429" lon="132.9290226"></trkpt>
    <trkpt lat="-23.7346786" lon="132.9289261"></trkpt>
    <trkpt lat="-23.7347997" lon="132.9288056"></trkpt>
    <trkpt lat="-23.7349245" lon="132.9287465"></trkpt>
    <trkpt lat="-23.7349580" lon="132.9286437"></trkpt>
    <trkpt lat="-23.7349371" lon="132.9285405"></trkpt>
    <trkpt lat="-23.7349328" lon="132.9284247"></trkpt>
    <trkpt lat="-23.7349425" lon="132.9282203"></trkpt>
    <trkpt lat="-23.7349400" lon="132.9281856"></trkpt>
    <trkpt lat="-23.7349710" lon="132.9281014"></trkpt>
    <trkpt lat="-23.7350680" lon="132.9279564"></trkpt>
    <trkpt lat="-23.7350914" lon="132.9277855"></trkpt>
    <trkpt lat="-23.7349717" lon="132.9274598"></trkpt>
    <trkpt lat="-23.7348351" lon="132.9273727"></trkpt>
    <trkpt lat="-23.7347712" lon="132.9273479"></trkpt>
    <trkpt lat="-23.7346930" lon="132.9272132"></trkpt>
    <trkpt lat="-23.7346584" lon="132.9271399"></trkpt>
    <trkpt lat="-23.7346533" lon="132.9270828"></trkpt>
    <trkpt lat="-23.7346122" lon="132.9270466"></trkpt>
    <trkpt lat="-23.7345661" lon="132.9270375"></trkpt>
    <trkpt lat="-23.7345535" lon="132.9269879"></trkpt>
    <trkpt lat="-23.7345675" lon="132.9268327"></trkpt>
    <trkpt lat="-23.7345484" lon="132.9267228"></trkpt>
    <trkpt lat="-23.7346115" lon="132.9266803"></trkpt>
    <trkpt lat="-23.7346533" lon="132.9265377"></trkpt>
    <trkpt lat="-23.7346761" lon="132.9264263"></trkpt>
    <trkpt lat="-23.7347774" lon="132.9263136"></trkpt>
    <trkpt lat="-23.7348206" lon="132.9262979"></trkpt>
    <trkpt lat="-23.7348318" lon="132.9263121"></trkpt>
    <trkpt lat="-23.7348516" lon="132.9262707"></trkpt>
    <trkpt lat="-23.7348196" lon="132.9261805"></trkpt>
    <trkpt lat="-23.7348949" lon="132.9260131"></trkpt>
    <trkpt lat="-23.7350016" lon="132.9258170"></trkpt>
    <trkpt lat="-23.7349969" lon="132.9257922"></trkpt>
    <trkpt lat="-23.7348484" lon="132.9254176"></trkpt>
    <trkpt lat="-23.7348376" lon="132.9253046"></trkpt>
    <trkpt lat="-23.7347748" lon="132.9252018"></trkpt>
    <trkpt lat="-23.7346566" lon="132.9251049"></trkpt>
    <trkpt lat="-23.7345874" lon="132.9250608"></trkpt>
    <trkpt lat="-23.7345769" lon="132.9250143"></trkpt>
    <trkpt lat="-23.7345001" lon="132.9249032"></trkpt>
    <trkpt lat="-23.7345185" lon="132.9247571"></trkpt>
    <trkpt lat="-23.7345722" lon="132.9246098"></trkpt>
    <trkpt lat="-23.7347460" lon="132.9243042"></trkpt>
    <trkpt lat="-23.7347280" lon="132.9241155"></trkpt>
    <trkpt lat="-23.7347197" lon="132.9239650"></trkpt>
    <trkpt lat="-23.7347107" lon="132.9239056"></trkpt>
    <trkpt lat="-23.7346822" lon="132.9235428"></trkpt>
    <trkpt lat="-23.7346865" lon="132.9233904"></trkpt>
    <trkpt lat="-23.7347363" lon="132.9232088"></trkpt>
    <trkpt lat="-23.7346984" lon="132.9230040"></trkpt>
    <trkpt lat="-23.7347164" lon="132.9229292"></trkpt>
    <trkpt lat="-23.7347042" lon="132.9227961"></trkpt>
    <trkpt lat="-23.7345553" lon="132.9227405"></trkpt>
    <trkpt lat="-23.7345167" lon="132.9227378"></trkpt>
    <trkpt lat="-23.7344431" lon="132.9227047"></trkpt>
    <trkpt lat="-23.7344251" lon="132.9226649"></trkpt>
    <trkpt lat="-23.7343981" lon="132.9224853"></trkpt>
    <trkpt lat="-23.7343952" lon="132.9222821"></trkpt>
    <trkpt lat="-23.7344197" lon="132.9221364"></trkpt>
    <trkpt lat="-23.7343663" lon="132.9220001"></trkpt>
    <trkpt lat="-23.7343274" lon="132.9218146"></trkpt>
    <trkpt lat="-23.7342564" lon="132.9216854"></trkpt>
    <trkpt lat="-23.7342888" lon="132.9215397"></trkpt>
    <trkpt lat="-23.7342867" lon="132.9215145"></trkpt>
    <trkpt lat="-23.7342980" lon="132.9214983"></trkpt>
    <trkpt lat="-23.7343150" lon="132.9214869"></trkpt>
    <trkpt lat="-23.7342789" lon="132.9214644"></trkpt>
    <trkpt lat="-23.7342735" lon="132.9214333"></trkpt>
    <trkpt lat="-23.7342497" lon="132.9213817"></trkpt>
    <trkpt lat="-23.7342313" lon="132.9213282"></trkpt>
    <trkpt lat="-23.7341790" lon="132.9212939"></trkpt>
    <trkpt lat="-23.7340767" lon="132.9211998"></trkpt>
    <trkpt lat="-23.7340327" lon="132.9210340"></trkpt>
    <trkpt lat="-23.7339627" lon="132.9209623"></trkpt>
    <trkpt lat="-23.7338910" lon="132.9209769"></trkpt>
    <trkpt lat="-23.7338149" lon="132.9210351"></trkpt>
    <trkpt lat="-23.7337670" lon="132.9210434"></trkpt>
    <trkpt lat="-23.7337525" lon="132.9210095"></trkpt>
    <trkpt lat="-23.7336473" lon="132.9209343"></trkpt>
    <trkpt lat="-23.7335607" lon="132.9209174"></trkpt>
    <trkpt lat="-23.7334313" lon="132.9209642"></trkpt>
    <trkpt lat="-23.7333390" lon="132.9208965"></trkpt>
    <trkpt lat="-23.7332957" lon="132.9208811"></trkpt>
    <trkpt lat="-23.7332856" lon="132.9208406"></trkpt>
    <trkpt lat="-23.7332132" lon="132.9207181"></trkpt>
    <trkpt lat="-23.7331908" lon="132.9207090"></trkpt>
    <trkpt lat="-23.7331468" lon="132.9206448"></trkpt>
    <trkpt lat="-23.7329630" lon="132.9204589"></trkpt>
    <trkpt lat="-23.7328833" lon="132.9203246"></trkpt>
    <trkpt lat="-23.7328555" lon="132.9202463"></trkpt>
    <trkpt lat="-23.7328169" lon="132.9201821"></trkpt>
    <trkpt lat="-23.7327246" lon="132.9200891"></trkpt>
    <trkpt lat="-23.7326839" lon="132.9200241"></trkpt>
    <trkpt lat="-23.7325242" lon="132.9198583"></trkpt>
    <trkpt lat="-23.7324762" lon="132.9197221"></trkpt>
    <trkpt lat="-23.7323735" lon="132.9197114"></trkpt>
    <trkpt lat="-23.7323143" lon="132.9196657"></trkpt>
    <trkpt lat="-23.7323111" lon="132.9196047"></trkpt>
    <trkpt lat="-23.7322621" lon="132.9195389"></trkpt>
    <trkpt lat="-23.7322083" lon="132.9195015"></trkpt>
    <trkpt lat="-23.7321820" lon="132.9195050"></trkpt>
    <trkpt lat="-23.7321654" lon="132.9194653"></trkpt>
    <trkpt lat="-23.7321132" lon="132.9194263"></trkpt>
    <trkpt lat="-23.7320198" lon="132.9194302"></trkpt>
    <trkpt lat="-23.7320039" lon="132.9194271"></trkpt>
    <trkpt lat="-23.7319989" lon="132.9193751"></trkpt>
    <trkpt lat="-23.7319808" lon="132.9193180"></trkpt>
    <trkpt lat="-23.7319376" lon="132.9192372"></trkpt>
    <trkpt lat="-23.7318752" lon="132.9191443"></trkpt>
    <trkpt lat="-23.7318244" lon="132.9191541"></trkpt>
    <trkpt lat="-23.7317768" lon="132.9191403"></trkpt>
    <trkpt lat="-23.7317299" lon="132.9191163"></trkpt>
    <trkpt lat="-23.7316708" lon="132.9191029"></trkpt>
    <trkpt lat="-23.7316380" lon="132.9190880"></trkpt>
    <trkpt lat="-23.7315367" lon="132.9191073"></trkpt>
    <trkpt lat="-23.7314663" lon="132.9190565"></trkpt>
    <trkpt lat="-23.7313636" lon="132.9189584"></trkpt>
    <trkpt lat="-23.7312464" lon="132.9188308"></trkpt>
    <trkpt lat="-23.7311411" lon="132.9188280"></trkpt>
    <trkpt lat="-23.7310351" lon="132.9187760"></trkpt>
    <trkpt lat="-23.7308037" lon="132.9187331"></trkpt>
    <trkpt lat="-23.7306101" lon="132.9185366"></trkpt>
    <trkpt lat="-23.7305401" lon="132.9184468"></trkpt>
    <trkpt lat="-23.7305830" lon="132.9183712"></trkpt>
    <trkpt lat="-23.7306403" lon="132.9183137"></trkpt>
    <trkpt lat="-23.7306198" lon="132.9182463"></trkpt>
    <trkpt lat="-23.7305581" lon="132.9181289"></trkpt>
    <trkpt lat="-23.7305361" lon="132.9180065"></trkpt>
    <trkpt lat="-23.7304615" lon="132.9178659"></trkpt>
    <trkpt lat="-23.7304193" lon="132.9177079"></trkpt>
    <trkpt lat="-23.7304082" lon="132.9175401"></trkpt>
    <trkpt lat="-23.7304536" lon="132.9173995"></trkpt>
    <trkpt lat="-23.7306295" lon="132.9172282"></trkpt>
    <trkpt lat="-23.7306944" lon="132.9172007"></trkpt>
    <trkpt lat="-23.7307254" lon="132.9172156"></trkpt>
    <trkpt lat="-23.7308123" lon="132.9171699"></trkpt>
    <trkpt lat="-23.7308192" lon="132.9171613"></trkpt>
    <trkpt lat="-23.7308239" lon="132.9170742"></trkpt>
    <trkpt lat="-23.7308029" lon="132.9169962"></trkpt>
    <trkpt lat="-23.7307874" lon="132.9169561"></trkpt>
    <trkpt lat="-23.7307420" lon="132.9168982"></trkpt>
    <trkpt lat="-23.7307060" lon="132.9168793"></trkpt>
    <trkpt lat="-23.7306677" lon="132.9168682"></trkpt>
    <trkpt lat="-23.7306183" lon="132.9168056"></trkpt>
    <trkpt lat="-23.7305679" lon="132.9166934"></trkpt>
    <trkpt lat="-23.7304745" lon="132.9165906"></trkpt>
    <trkpt lat="-23.7303991" lon="132.9165244"></trkpt>
    <trkpt lat="-23.7303108" lon="132.9164689"></trkpt>
    <trkpt lat="-23.7301940" lon="132.9163791"></trkpt>
    <trkpt lat="-23.7301370" lon="132.9162763"></trkpt>
    <trkpt lat="-23.7300847" lon="132.9162562"></trkpt>
    <trkpt lat="-23.7299211" lon="132.9161798"></trkpt>
    <trkpt lat="-23.7298176" lon="132.9160739"></trkpt>
    <trkpt lat="-23.7297278" lon="132.9159573"></trkpt>
    <trkpt lat="-23.7296189" lon="132.9158364"></trkpt>
    <trkpt lat="-23.7296373" lon="132.9156883"></trkpt>
    <trkpt lat="-23.7295951" lon="132.9154406"></trkpt>
    <trkpt lat="-23.7295500" lon="132.9153897"></trkpt>
    <trkpt lat="-23.7295183" lon="132.9153035"></trkpt>
    <trkpt lat="-23.7295439" lon="132.9152102"></trkpt>
    <trkpt lat="-23.7295569" lon="132.9151432"></trkpt>
    <trkpt lat="-23.7295003" lon="132.9150759"></trkpt>
    <trkpt lat="-23.7294531" lon="132.9150735"></trkpt>
    <trkpt lat="-23.7292825" lon="132.9150105"></trkpt>
    <trkpt lat="-23.7291325" lon="132.9149108"></trkpt>
    <trkpt lat="-23.7290085" lon="132.9146686"></trkpt>
    <trkpt lat="-23.7289966" lon="132.9146210"></trkpt>
    <trkpt lat="-23.7289241" lon="132.9144311"></trkpt>
    <trkpt lat="-23.7287972" lon="132.9141621"></trkpt>
    <trkpt lat="-23.7286570" lon="132.9139951"></trkpt>
    <trkpt lat="-23.7285701" lon="132.9139506"></trkpt>
    <trkpt lat="-23.7285174" lon="132.9139132"></trkpt>
    <trkpt lat="-23.7285373" lon="132.9138321"></trkpt>
    <trkpt lat="-23.7285389" lon="132.9137695"></trkpt>
    <trkpt lat="-23.7285086" lon="132.9137041"></trkpt>
    <trkpt lat="-23.7284996" lon="132.9136549"></trkpt>
    <trkpt lat="-23.7284873" lon="132.9135182"></trkpt>
    <trkpt lat="-23.7284812" lon="132.9133481"></trkpt>
    <trkpt lat="-23.7284639" lon="132.9132933"></trkpt>
    <trkpt lat="-23.7284304" lon="132.9132516"></trkpt>
    <trkpt lat="-23.7283139" lon="132.9131539"></trkpt>
    <trkpt lat="-23.7282573" lon="132.9131303"></trkpt>
    <trkpt lat="-23.7281636" lon="132.9129928"></trkpt>
    <trkpt lat="-23.7280540" lon="132.9129066"></trkpt>
    <trkpt lat="-23.7279667" lon="132.9127845"></trkpt>
    <trkpt lat="-23.7279393" lon="132.9127361"></trkpt>
    <trkpt lat="-23.7278340" lon="132.9124718"></trkpt>
    <trkpt lat="-23.7277421" lon="132.9123151"></trkpt>
    <trkpt lat="-23.7276390" lon="132.9122052"></trkpt>
    <trkpt lat="-23.7276523" lon="132.9121162"></trkpt>
    <trkpt lat="-23.7276624" lon="132.9121122"></trkpt>
    <trkpt lat="-23.7276718" lon="132.9120603"></trkpt>
    <trkpt lat="-23.7276037" lon="132.9119673"></trkpt>
    <trkpt lat="-23.7275676" lon="132.9118322"></trkpt>
    <trkpt lat="-23.7275550" lon="132.9116672"></trkpt>
    <trkpt lat="-23.7275910" lon="132.9116338"></trkpt>
    <trkpt lat="-23.7276779" lon="132.9115853"></trkpt>
    <trkpt lat="-23.7277143" lon="132.9115219"></trkpt>
    <trkpt lat="-23.7277363" lon="132.9113726"></trkpt>
    <trkpt lat="-23.7277320" lon="132.9112829"></trkpt>
    <trkpt lat="-23.7278225" lon="132.9109863"></trkpt>
    <trkpt lat="-23.7278888" lon="132.9108721"></trkpt>
    <trkpt lat="-23.7278986" lon="132.9108693"></trkpt>
    <trkpt lat="-23.7279400" lon="132.9108272"></trkpt>
    <trkpt lat="-23.7280500" lon="132.9107461"></trkpt>
    <trkpt lat="-23.7280677" lon="132.9106141"></trkpt>
    <trkpt lat="-23.7280320" lon="132.9105492"></trkpt>
    <trkpt lat="-23.7279418" lon="132.9104401"></trkpt>
    <trkpt lat="-23.7278012" lon="132.9103223"></trkpt>
    <trkpt lat="-23.7277051" lon="132.9102716"></trkpt>
    <trkpt lat="-23.7276167" lon="132.9102591"></trkpt>
    <trkpt lat="-23.7275283" lon="132.9102466"></trkpt>
    <trkpt lat="-23.7274399" lon="132.9102340"></trkpt>
    <trkpt lat="-23.7273515" lon="132.9102215"></trkpt>
    <trkpt lat="-23.7272631" lon="132.9102090"></trkpt>
    <trkpt lat="-23.7271747" lon="132.9101965"></trkpt>
    <trkpt lat="-23.7271334" lon="132.9101636"></trkpt>
    <trkpt lat="-23.7271464" lon="132.9101006"></trkpt>
    <trkpt lat="-23.7270941" lon="132.9100252"></trkpt>
    <trkpt lat="-23.7270685" lon="132.9100121"></trkpt>
    <trkpt lat="-23.7270496" lon="132.9100213"></trkpt>
    <trkpt lat="-23.7269933" lon="132.9100080"></trkpt>
    <trkpt lat="-23.7269727" lon="132.9099584"></trkpt>
    <trkpt lat="-23.7270139" lon="132.9098776"></trkpt>
    <trkpt lat="-23.7270132" lon="132.9098434"></trkpt>
    <trkpt lat="-23.7269767" lon="132.9097818"></trkpt>
    <trkpt lat="-23.7270180" lon="132.9096711"></trkpt>
    <trkpt lat="-23.7270142" lon="132.9096518"></trkpt>
    <trkpt lat="-23.7269928" lon="132.9095955"></trkpt>
    <trkpt lat="-23.7270562" lon="132.9095109"></trkpt>
    <trkpt lat="-23.7270409" lon="132.9094008"></trkpt>
    <trkpt lat="-23.7270409" lon="132.9093833"></trkpt>
    <trkpt lat="-23.7269833" lon="132.9093419"></trkpt>
    <trkpt lat="-23.7268547" lon="132.9091822"></trkpt>
    <trkpt lat="-23.7267677" lon="132.9090389"></trkpt>
    <trkpt lat="-23.7267258" lon="132.9090018"></trkpt>
    <trkpt lat="-23.7266506" lon="132.9090870"></trkpt>
    <trkpt lat="-23.7266143" lon="132.9092194"></trkpt>
    <trkpt lat="-23.7264806" lon="132.9094661"></trkpt>
    <trkpt lat="-23.7264488" lon="132.9094833"></trkpt>
    <trkpt lat="-23.7264135" lon="132.9094001"></trkpt>
    <trkpt lat="-23.7264130" lon="132.9093806"></trkpt>
    <trkpt lat="-23.7263757" lon="132.9092482"></trkpt>
    <trkpt lat="-23.7263412" lon="132.9091439"></trkpt>
    <trkpt lat="-23.7263070" lon="132.9090545"></trkpt>
    <trkpt lat="-23.7262148" lon="132.9088674"></trkpt>
    <trkpt lat="-23.7261745" lon="132.9088182"></trkpt>
    <trkpt lat="-23.7260886" lon="132.9086116"></trkpt>
    <trkpt lat="-23.7260731" lon="132.9085829"></trkpt>
    <trkpt lat="-23.7260276" lon="132.9084584"></trkpt>
    <trkpt lat="-23.7259876" lon="132.9083296"></trkpt>
    <trkpt lat="-23.7259480" lon="132.9082418"></trkpt>
    <trkpt lat="-23.7258855" lon="132.9080243"></trkpt>
    <trkpt lat="-23.7258376" lon="132.9079433"></trkpt>
    <trkpt lat="-23.7258369" lon="132.9079177"></trkpt>
    <trkpt lat="-23.7258950" lon="132.9077696"></trkpt>
    <trkpt lat="-23.7258858" lon="132.9075770"></trkpt>
    <trkpt lat="-23.7258546" lon="132.9074396"></trkpt>
    <trkpt lat="-23.7258575" lon="132.9072301"></trkpt>
    <trkpt lat="-23.7258503" lon="132.9070765"></trkpt>
    <trkpt lat="-23.7258204" lon="132.9068355"></trkpt>
    <trkpt lat="-23.7257688" lon="132.9066590"></trkpt>
    <trkpt lat="-23.7257673" lon="132.9066204"></trkpt>
    <trkpt lat="-23.7257515" lon="132.9065290"></trkpt>
    <trkpt lat="-23.7257529" lon="132.9064180"></trkpt>
    <trkpt lat="-23.7257625" lon="132.9062398"></trkpt>
    <trkpt lat="-23.7258336" lon="132.9061879"></trkpt>
    <trkpt lat="-23.7258319" lon="132.9061478"></trkpt>
    <trkpt lat="-23.7258373" lon="132.9060884"></trkpt>
    <trkpt lat="-23.7258464" lon="132.9060666"></trkpt>
    <trkpt lat="-23.7259393" lon="132.9059980"></trkpt>
    <trkpt lat="-23.7260082" lon="132.9058117"></trkpt>
    <trkpt lat="-23.7260680" lon="132.9057221"></trkpt>
    <trkpt lat="-23.7260920" lon="132.9057101"></trkpt>
    <trkpt lat="-23.7261520" lon="132.9055784"></trkpt>
    <trkpt lat="-23.7261592" lon="132.9055323"></trkpt>
    <trkpt lat="-23.7261878" lon="132.9054812"></trkpt>
    <trkpt lat="-23.7262435" lon="132.9054707"></trkpt>
    <trkpt lat="-23.7263788" lon="132.9053913"></trkpt>
    <trkpt lat="-23.7265080" lon="132.9053268"></trkpt>
    <trkpt lat="-23.7266146" lon="132.9052964"></trkpt>
    <trkpt lat="-23.7266788" lon="132.9052534"></trkpt>
    <trkpt lat="-23.7266698" lon="132.9050359"></trkpt>
    <trkpt lat="-23.7267027" lon="132.9049062"></trkpt>
    <trkpt lat="-23.7267882" lon="132.9048119"></trkpt>
    <trkpt lat="-23.7268255" lon="132.9047336"></trkpt>
    <trkpt lat="-23.7269084" lon="132.9046139"></trkpt>
    <trkpt lat="-23.7270904" lon="132.9045397"></trkpt>
    <trkpt lat="-23.7271407" lon="132.9044837"></trkpt>
    <trkpt lat="-23.7271799" lon="132.9043685"></trkpt>
    <trkpt lat="-23.7272076" lon="132.9043040"></trkpt>
    <trkpt lat="-23.7272994" lon="132.9041929"></trkpt>
    <trkpt lat="-23.7273042" lon="132.9041773"></trkpt>
    <trkpt lat="-23.7274767" lon="132.9040728"></trkpt>
    <trkpt lat="-23.7274893" lon="132.9040570"></trkpt>
    <trkpt lat="-23.7275242" lon="132.9039877"></trkpt>
    <trkpt lat="-23.7275159" lon="132.9039365"></trkpt>
    <trkpt lat="-23.7274467" lon="132.9037329"></trkpt>
    <trkpt lat="-23.7273151" lon="132.9037164"></trkpt>
    <trkpt lat="-23.7272531" lon="132.9037002"></trkpt>
    <trkpt lat="-23.7271817" lon="132.9036061"></trkpt>
    <trkpt lat="-23.7271131" lon="132.9034181"></trkpt>
    <trkpt lat="-23.7270718" lon="132.9031630"></trkpt>
    <trkpt lat="-23.7270361" lon="132.9029882"></trkpt>
    <trkpt lat="-23.7270245" lon="132.9028795"></trkpt>
    <trkpt lat="-23.7269371" lon="132.9026921"></trkpt>
    <trkpt lat="-23.7269716" lon="132.9023300"></trkpt>
    <trkpt lat="-23.7269351" lon="132.9021542"></trkpt>
    <trkpt lat="-23.7270663" lon="132.9019749"></trkpt>
    <trkpt lat="-23.7270191" lon="132.9017520"></trkpt>
    <trkpt lat="-23.7269661" lon="132.9015629"></trkpt>
    <trkpt lat="-23.7269333" lon="132.9014026"></trkpt>
    <trkpt lat="-23.7268443" lon="132.9011589"></trkpt>
    <trkpt lat="-23.7267682" lon="132.9010242"></trkpt>
    <trkpt lat="-23.7267350" lon="132.9009722"></trkpt>
    <trkpt lat="-23.7267137" lon="132.9009427"></trkpt>
    <trkpt lat="-23.7266968" lon="132.9008934"></trkpt>
    <trkpt lat="-23.7267040" lon="132.9008115"></trkpt>
    <trkpt lat="-23.7266200" lon="132.9006284"></trkpt>
    <trkpt lat="-23.7266312" lon="132.9003905"></trkpt>
    <trkpt lat="-23.7266762" lon="132.9002035"></trkpt>
    <trkpt lat="-23.7265172" lon="132.9000247"></trkpt>
    <trkpt lat="-23.7264318" lon="132.8998049"></trkpt>
    <trkpt lat="-23.7263280" lon="132.8996163"></trkpt>
    <trkpt lat="-23.7261755" lon="132.8994772"></trkpt>
    <trkpt lat="-23.7261571" lon="132.8994434"></trkpt>
    <trkpt lat="-23.7258503" lon="132.8993217"></trkpt>
    <trkpt lat="-23.7256776" lon="132.8991768"></trkpt>
    <trkpt lat="-23.7256628" lon="132.8991771"></trkpt>
    <trkpt lat="-23.7254915" lon="132.8992874"></trkpt>
    <trkpt lat="-23.7253462" lon="132.8992870"></trkpt>
    <trkpt lat="-23.7252135" lon="132.8993693"></trkpt>
    <trkpt lat="-23.7251739" lon="132.8993772"></trkpt>
    <trkpt lat="-23.7250625" lon="132.8994509"></trkpt>
    <trkpt lat="-23.7250643" lon="132.8995347"></trkpt>
    <trkpt lat="-23.7250621" lon="132.8995710"></trkpt>
    <trkpt lat="-23.7250300" lon="132.8995879"></trkpt>
    <trkpt lat="-23.7248101" lon="132.8995379"></trkpt>
    <trkpt lat="-23.7248022" lon="132.8995399"></trkpt>
    <trkpt lat="-23.7246608" lon="132.8994599"></trkpt>
    <trkpt lat="-23.7246424" lon="132.8994410"></trkpt>
    <trkpt lat="-23.7245404" lon="132.8992323"></trkpt>
    <trkpt lat="-23.7244989" lon="132.8991850"></trkpt>
    <trkpt lat="-23.7243872" lon="132.8990204"></trkpt>
    <trkpt lat="-23.7241925" lon="132.8986872"></trkpt>
    <trkpt lat="-23.7242260" lon="132.8983970"></trkpt>
    <trkpt lat="-23.7242069" lon="132.8981827"></trkpt>
    <trkpt lat="-23.7241492" lon="132.8981638"></trkpt>
    <trkpt lat="-23.7240897" lon="132.8981241"></trkpt>
    <trkpt lat="-23.7240735" lon="132.8980339"></trkpt>
    <trkpt lat="-23.7238514" lon="132.8979212"></trkpt>
    <trkpt lat="-23.7238179" lon="132.8977507"></trkpt>
    <trkpt lat="-23.7238186" lon="132.8977401"></trkpt>
    <trkpt lat="-23.7237688" lon="132.8975684"></trkpt>
    <trkpt lat="-23.7236939" lon="132.8974144"></trkpt>
    <trkpt lat="-23.7236336" lon="132.8972769"></trkpt>
    <trkpt lat="-23.7235107" lon="132.8971033"></trkpt>
    <trkpt lat="-23.7234476" lon="132.8967591"></trkpt>
    <trkpt lat="-23.7234400" lon="132.8965866"></trkpt>
    <trkpt lat="-23.7233870" lon="132.8963904"></trkpt>
    <trkpt lat="-23.7233376" lon="132.8962550"></trkpt>
    <trkpt lat="-23.7232529" lon="132.8957599"></trkpt>
    <trkpt lat="-23.7232518" lon="132.8956544"></trkpt>
    <trkpt lat="-23.7231783" lon="132.8952633"></trkpt>
    <trkpt lat="-23.7231429" lon="132.8950286"></trkpt>
    <trkpt lat="-23.7231321" lon="132.8949144"></trkpt>
    <trkpt lat="-23.7231682" lon="132.8948644"></trkpt>
    <trkpt lat="-23.7231649" lon="132.8947435"></trkpt>
    <trkpt lat="-23.7231419" lon="132.8946584"></trkpt>
    <trkpt lat="-23.7230838" lon="132.8945426"></trkpt>
    <trkpt lat="-23.7230748" lon="132.8945028"></trkpt>
    <trkpt lat="-23.7230387" lon="132.8944351"></trkpt>
    <trkpt lat="-23.7230304" lon="132.8944312"></trkpt>
    <trkpt lat="-23.7229180" lon="132.8942977"></trkpt>
    <trkpt lat="-23.7228275" lon="132.8942870"></trkpt>
    <trkpt lat="-23.7226587" lon="132.8942071"></trkpt>
    <trkpt lat="-23.7225336" lon="132.8941697"></trkpt>
    <trkpt lat="-23.7224903" lon="132.8941173"></trkpt>
    <trkpt lat="-23.7224545" lon="132.8941174"></trkpt>
    <trkpt lat="-23.7224245" lon="132.8941197"></trkpt>
    <trkpt lat="-23.7223956" lon="132.8941252"></trkpt>
    <trkpt lat="-23.7223870" lon="132.8941225"></trkpt>
    <trkpt lat="-23.7222305" lon="132.8941859"></trkpt>
    <trkpt lat="-23.7221086" lon="132.8942099"></trkpt>
    <trkpt lat="-23.7220773" lon="132.8941796"></trkpt>
    <trkpt lat="-23.7219096" lon="132.8941812"></trkpt>
    <trkpt lat="-23.7218296" lon="132.8941914"></trkpt>
    <trkpt lat="-23.7217391" lon="132.8941729"></trkpt>
    <trkpt lat="-23.7217138" lon="132.8941642"></trkpt>
    <trkpt lat="-23.7215945" lon="132.8941961"></trkpt>
    <trkpt lat="-23.7215080" lon="132.8942134"></trkpt>
    <trkpt lat="-23.7214723" lon="132.8942131"></trkpt>
    <trkpt lat="-23.7212866" lon="132.8943284"></trkpt>
    <trkpt lat="-23.7212336" lon="132.8943867"></trkpt>
    <trkpt lat="-23.7211817" lon="132.8944253"></trkpt>
    <trkpt lat="-23.7210948" lon="132.8946242"></trkpt>
    <trkpt lat="-23.7210565" lon="132.8946841"></trkpt>
    <trkpt lat="-23.7209801" lon="132.8946978"></trkpt>
    <trkpt lat="-23.7209098" lon="132.8947498"></trkpt>
    <trkpt lat="-23.7208600" lon="132.8948164"></trkpt>
    <trkpt lat="-23.7208171" lon="132.8948593"></trkpt>
    <trkpt lat="-23.7207908" lon="132.8949696"></trkpt>
    <trkpt lat="-23.7207335" lon="132.8949621"></trkpt>
    <trkpt lat="-23.7206268" lon="132.8949074"></trkpt>
    <trkpt lat="-23.7205633" lon="132.8949089"></trkpt>
    <trkpt lat="-23.7205316" lon="132.8949460"></trkpt>
    <trkpt lat="-23.7205309" lon="132.8949790"></trkpt>
    <trkpt lat="-23.7205222" lon="132.8950027"></trkpt>
    <trkpt lat="-23.7204645" lon="132.8949932"></trkpt>
    <trkpt lat="-23.7204757" lon="132.8949684"></trkpt>
    <trkpt lat="-23.7204252" lon="132.8949916"></trkpt>
    <trkpt lat="-23.7203834" lon="132.8950204"></trkpt>
    <trkpt lat="-23.7203015" lon="132.8950086"></trkpt>
    <trkpt lat="-23.7202947" lon="132.8949747"></trkpt>
    <trkpt lat="-23.7202320" lon="132.8949668"></trkpt>
    <trkpt lat="-23.7201649" lon="132.8949326"></trkpt>
    <trkpt lat="-23.7201105" lon="132.8949633"></trkpt>
    <trkpt lat="-23.7200246" lon="132.8949948"></trkpt>
    <trkpt lat="-23.7200073" lon="132.8950094"></trkpt>
    <trkpt lat="-23.7199882" lon="132.8950192"></trkpt>
    <trkpt lat="-23.7199651" lon="132.8950054"></trkpt>
    <trkpt lat="-23.7199504" lon="132.8949810"></trkpt>
    <trkpt lat="-23.7199114" lon="132.8949653"></trkpt>
    <trkpt lat="-23.7199089" lon="132.8949999"></trkpt>
    <trkpt lat="-23.7198530" lon="132.8949790"></trkpt>
    <trkpt lat="-23.7198289" lon="132.8949861"></trkpt>
    <trkpt lat="-23.7198097" lon="132.8949916"></trkpt>
    <trkpt lat="-23.7198011" lon="132.8949987"></trkpt>
    <trkpt lat="-23.7197957" lon="132.8950172"></trkpt>
    <trkpt lat="-23.7197564" lon="132.8950361"></trkpt>
    <trkpt lat="-23.7197297" lon="132.8950610"></trkpt>
    <trkpt lat="-23.7196825" lon="132.8950775"></trkpt>
    <trkpt lat="-23.7196197" lon="132.8950547"></trkpt>
    <trkpt lat="-23.7195595" lon="132.8950972"></trkpt>
    <trkpt lat="-23.7195382" lon="132.8951259"></trkpt>
    <trkpt lat="-23.7193432" lon="132.8952724"></trkpt>
    <trkpt lat="-23.7192401" lon="132.8952665"></trkpt>
    <trkpt lat="-23.7191582" lon="132.8954658"></trkpt>
    <trkpt lat="-23.7191034" lon="132.8955670"></trkpt>
    <trkpt lat="-23.7190320" lon="132.8956241"></trkpt>
    <trkpt lat="-23.7189498" lon="132.8956607"></trkpt>
    <trkpt lat="-23.7187843" lon="132.8956336"></trkpt>
    <trkpt lat="-23.7186466" lon="132.8956674"></trkpt>
    <trkpt lat="-23.7185734" lon="132.8957021"></trkpt>
    <trkpt lat="-23.7185067" lon="132.8957494"></trkpt>
    <trkpt lat="-23.7184306" lon="132.8957214"></trkpt>
    <trkpt lat="-23.7183343" lon="132.8957242"></trkpt>
    <trkpt lat="-23.7182554" lon="132.8958104"></trkpt>
    <trkpt lat="-23.7182273" lon="132.8958293"></trkpt>
    <trkpt lat="-23.7182082" lon="132.8958470"></trkpt>
    <trkpt lat="-23.7181854" lon="132.8958545"></trkpt>
    <trkpt lat="-23.7181584" lon="132.8958553"></trkpt>
    <trkpt lat="-23.7180499" lon="132.8959093"></trkpt>
    <trkpt lat="-23.7179316" lon="132.8959762"></trkpt>
    <trkpt lat="-23.7177831" lon="132.8960479"></trkpt>
    <trkpt lat="-23.7177008" lon="132.8961310"></trkpt>
    <trkpt lat="-23.7176053" lon="132.8962015"></trkpt>
    <trkpt lat="-23.7175281" lon="132.8962779"></trkpt>
    <trkpt lat="-23.7174578" lon="132.8963224"></trkpt>
    <trkpt lat="-23.7174088" lon="132.8963681"></trkpt>
    <trkpt lat="-23.7173140" lon="132.8963976"></trkpt>
    <trkpt lat="-23.7172314" lon="132.8964638"></trkpt>
    <trkpt lat="-23.7171438" lon="132.8965236"></trkpt>
    <trkpt lat="-23.7170078" lon="132.8966319"></trkpt>
    <trkpt lat="-23.7168853" lon="132.8967130"></trkpt>
    <trkpt lat="-23.7167879" lon="132.8967572"></trkpt>
    <trkpt lat="-23.7167093" lon="132.8968158"></trkpt>
    <trkpt lat="-23.7166293" lon="132.8968836"></trkpt>
    <trkpt lat="-23.7164969" lon="132.8969131"></trkpt>
    <trkpt lat="-23.7164937" lon="132.8969320"></trkpt>
    <trkpt lat="-23.7164767" lon="132.8969619"></trkpt>
    <trkpt lat="-23.7163960" lon="132.8970049"></trkpt>
    <trkpt lat="-23.7163686" lon="132.8970828"></trkpt>
    <trkpt lat="-23.7163078" lon="132.8971187"></trkpt>
    <trkpt lat="-23.7162292" lon="132.8971754"></trkpt>
    <trkpt lat="-23.7161867" lon="132.8972478"></trkpt>
    <trkpt lat="-23.7161730" lon="132.8972868"></trkpt>
    <trkpt lat="-23.7161499" lon="132.8973101"></trkpt>
    <trkpt lat="-23.7161171" lon="132.8974113"></trkpt>
    <trkpt lat="-23.7160803" lon="132.8974424"></trkpt>
    <trkpt lat="-23.7160212" lon="132.8974802"></trkpt>
    <trkpt lat="-23.7158900" lon="132.8975243"></trkpt>
    <trkpt lat="-23.7158759" lon="132.8975227"></trkpt>
    <trkpt lat="-23.7158052" lon="132.8975306"></trkpt>
    <trkpt lat="-23.7157356" lon="132.8975483"></trkpt>
    <trkpt lat="-23.7157018" lon="132.8975692"></trkpt>
    <trkpt lat="-23.7156686" lon="132.8975853"></trkpt>
    <trkpt lat="-23.7155846" lon="132.8975503"></trkpt>
    <trkpt lat="-23.7155089" lon="132.8975845"></trkpt>
    <trkpt lat="-23.7154227" lon="132.8975463"></trkpt>
    <trkpt lat="-23.7153740" lon="132.8975609"></trkpt>
    <trkpt lat="-23.7153477" lon="132.8975873"></trkpt>
    <trkpt lat="-23.7153308" lon="132.8976156"></trkpt>
    <trkpt lat="-23.7152792" lon="132.8976070"></trkpt>
    <trkpt lat="-23.7151934" lon="132.8976751"></trkpt>
    <trkpt lat="-23.7150355" lon="132.8977157"></trkpt>
    <trkpt lat="-23.7149352" lon="132.8977964"></trkpt>
    <trkpt lat="-23.7147777" lon="132.8977838"></trkpt>
    <trkpt lat="-23.7146439" lon="132.8978039"></trkpt>
    <trkpt lat="-23.7145895" lon="132.8978240"></trkpt>
    <trkpt lat="-23.7145040" lon="132.8977751"></trkpt>
    <trkpt lat="-23.7144388" lon="132.8977755"></trkpt>
    <trkpt lat="-23.7143580" lon="132.8977456"></trkpt>
    <trkpt lat="-23.7142535" lon="132.8977464"></trkpt>
    <trkpt lat="-23.7141651" lon="132.8977806"></trkpt>
    <trkpt lat="-23.7140325" lon="132.8977901"></trkpt>
    <trkpt lat="-23.7140054" lon="132.8977964"></trkpt>
    <trkpt lat="-23.7139420" lon="132.8978464"></trkpt>
    <trkpt lat="-23.7139142" lon="132.8978696"></trkpt>
    <trkpt lat="-23.7137952" lon="132.8979015"></trkpt>
    <trkpt lat="-23.7136669" lon="132.8979508"></trkpt>
    <trkpt lat="-23.7135702" lon="132.8979634"></trkpt>
    <trkpt lat="-23.7134841" lon="132.8979925"></trkpt>
    <trkpt lat="-23.7133755" lon="132.8979921"></trkpt>
    <trkpt lat="-23.7132887" lon="132.8980299"></trkpt>
    <trkpt lat="-23.7131938" lon="132.8980520"></trkpt>
    <trkpt lat="-23.7131030" lon="132.8981244"></trkpt>
    <trkpt lat="-23.7130568" lon="132.8981914"></trkpt>
    <trkpt lat="-23.7128949" lon="132.8982158"></trkpt>
    <trkpt lat="-23.7128044" lon="132.8982717"></trkpt>
    <trkpt lat="-23.7127987" lon="132.8982752"></trkpt>
    <trkpt lat="-23.7127320" lon="132.8982544"></trkpt>
    <trkpt lat="-23.7126970" lon="132.8982075"></trkpt>
    <trkpt lat="-23.7126090" lon="132.8981087"></trkpt>
    <trkpt lat="-23.7125845" lon="132.8980949"></trkpt>
    <trkpt lat="-23.7124522" lon="132.8980937"></trkpt>
    <trkpt lat="-23.7123772" lon="132.8981256"></trkpt>
    <trkpt lat="-23.7123440" lon="132.8981016"></trkpt>
    <trkpt lat="-23.7123080" lon="132.8980866"></trkpt>
    <trkpt lat="-23.7121821" lon="132.8980291"></trkpt>
    <trkpt lat="-23.7119939" lon="132.8980421"></trkpt>
    <trkpt lat="-23.7119344" lon="132.8980508"></trkpt>
    <trkpt lat="-23.7118923" lon="132.8980976"></trkpt>
    <trkpt lat="-23.7118299" lon="132.8981122"></trkpt>
    <trkpt lat="-23.7116799" lon="132.8980760"></trkpt>
    <trkpt lat="-23.7115591" lon="132.8980350"></trkpt>
    <trkpt lat="-23.7114733" lon="132.8979862"></trkpt>
    <trkpt lat="-23.7114809" lon="132.8979563"></trkpt>
    <trkpt lat="-23.7113799" lon="132.8979271"></trkpt>
    <trkpt lat="-23.7113457" lon="132.8979240"></trkpt>
    <trkpt lat="-23.7113208" lon="132.8979189"></trkpt>
    <trkpt lat="-23.7112927" lon="132.8979256"></trkpt>
    <trkpt lat="-23.7111953" lon="132.8979488"></trkpt>
    <trkpt lat="-23.7111073" lon="132.8979579"></trkpt>
    <trkpt lat="-23.7110143" lon="132.8980098"></trkpt>
    <trkpt lat="-23.7107796" lon="132.8980583"></trkpt>
    <trkpt lat="-23.7106195" lon="132.8981008"></trkpt>
    <trkpt lat="-23.7104295" lon="132.8981681"></trkpt>
    <trkpt lat="-23.7102997" lon="132.8981701"></trkpt>
    <trkpt lat="-23.7101995" lon="132.8981902"></trkpt>
    <trkpt lat="-23.7101263" lon="132.8980319"></trkpt>
    <trkpt lat="-23.7101133" lon="132.8979220"></trkpt>
    <trkpt lat="-23.7100823" lon="132.8977869"></trkpt>
    <trkpt lat="-23.7100542" lon="132.8976905"></trkpt>
    <trkpt lat="-23.7100102" lon="132.8975704"></trkpt>
    <trkpt lat="-23.7099723" lon="132.8974495"></trkpt>
    <trkpt lat="-23.7099262" lon="132.8973585"></trkpt>
    <trkpt lat="-23.7098854" lon="132.8973349"></trkpt>
    <trkpt lat="-23.7097917" lon="132.8972502"></trkpt>
    <trkpt lat="-23.7097145" lon="132.8972250"></trkpt>
    <trkpt lat="-23.7096459" lon="132.8972389"></trkpt>
    <trkpt lat="-23.7095195" lon="132.8971997"></trkpt>
    <trkpt lat="-23.7094150" lon="132.8972128"></trkpt>
    <trkpt lat="-23.7092899" lon="132.8972417"></trkpt>
    <trkpt lat="-23.7091763" lon="132.8972175"></trkpt>
    <trkpt lat="-23.7091258" lon="132.8970823"></trkpt>
    <trkpt lat="-23.7090917" lon="132.8970327"></trkpt>
    <trkpt lat="-23.7090400" lon="132.8970127"></trkpt>
    <trkpt lat="-23.7090148" lon="132.8969153"></trkpt>
    <trkpt lat="-23.7087987" lon="132.8964895"></trkpt>
    <trkpt lat="-23.7086835" lon="132.8963799"></trkpt>
    <trkpt lat="-23.7086183" lon="132.8962485"></trkpt>
    <trkpt lat="-23.7086076" lon="132.8962171"></trkpt>
    <trkpt lat="-23.7085918" lon="132.8961172"></trkpt>
    <trkpt lat="-23.7085566" lon="132.8960312"></trkpt>
    <trkpt lat="-23.7085533" lon="132.8960184"></trkpt>
    <trkpt lat="-23.7084973" lon="132.8959207"></trkpt>
    <trkpt lat="-23.7084524" lon="132.8957028"></trkpt>
    <trkpt lat="-23.7083898" lon="132.8955537"></trkpt>
    <trkpt lat="-23.7083126" lon="132.8953965"></trkpt>
    <trkpt lat="-23.7082420" lon="132.8953132"></trkpt>
    <trkpt lat="-23.7082196" lon="132.8952359"></trkpt>
    <trkpt lat="-23.7081796" lon="132.8951752"></trkpt>
    <trkpt lat="-23.7081401" lon="132.8951460"></trkpt>
    <trkpt lat="-23.7081401" lon="132.8951290"></trkpt>
    <trkpt lat="-23.7081462" lon="132.8951299"></trkpt>
    <trkpt lat="-23.7081474" lon="132.8950558"></trkpt>
    <trkpt lat="-23.7081164" lon="132.8950049"></trkpt>
    <trkpt lat="-23.7080784" lon="132.8949200"></trkpt>
    <trkpt lat="-23.7080476" lon="132.8949195"></trkpt>
    <trkpt lat="-23.7079197" lon="132.8948121"></trkpt>
    <trkpt lat="-23.7078817" lon="132.8947901"></trkpt>
    <trkpt lat="-23.7078682" lon="132.8947431"></trkpt>
    <trkpt lat="-23.7078076" lon="132.8946312"></trkpt>
    <trkpt lat="-23.7076259" lon="132.8943949"></trkpt>
    <trkpt lat="-23.7076259" lon="132.8942800"></trkpt>
    <trkpt lat="-23.7076277" lon="132.8942564"></trkpt>
    <trkpt lat="-23.7076442" lon="132.8942363"></trkpt>
    <trkpt lat="-23.7076751" lon="132.8941795"></trkpt>
    <trkpt lat="-23.7077054" lon="132.8941520"></trkpt>
    <trkpt lat="-23.7077296" lon="132.8939628"></trkpt>
    <trkpt lat="-23.7077247" lon="132.8939238"></trkpt>
    <trkpt lat="-23.7077214" lon="132.8939041"></trkpt>
    <trkpt lat="-23.7077798" lon="132.8938314"></trkpt>
    <trkpt lat="-23.7078506" lon="132.8937585"></trkpt>
    <trkpt lat="-23.7078853" lon="132.8937051"></trkpt>
    <trkpt lat="-23.7078781" lon="132.8936230"></trkpt>
    <trkpt lat="-23.7078234" lon="132.8935292"></trkpt>
    <trkpt lat="-23.7078175" lon="132.8934880"></trkpt>
    <trkpt lat="-23.7077732" lon="132.8933517"></trkpt>
    <trkpt lat="-23.7077214" lon="132.8932387"></trkpt>
    <trkpt lat="-23.7076998" lon="132.8932518"></trkpt>
    <trkpt lat="-23.7076600" lon="132.8932000"></trkpt>
    <trkpt lat="-23.7076458" lon="132.8931914"></trkpt>
    <trkpt lat="-23.7075790" lon="132.8931597"></trkpt>
    <trkpt lat="-23.7075474" lon="132.8930692"></trkpt>
    <trkpt lat="-23.7075354" lon="132.8930389"></trkpt>
    <trkpt lat="-23.7075224" lon="132.8929946"></trkpt>
    <trkpt lat="-23.7075087" lon="132.8929128"></trkpt>
    <trkpt lat="-23.7075125" lon="132.8928769"></trkpt>
    <trkpt lat="-23.7074730" lon="132.8927253"></trkpt>
    <trkpt lat="-23.7074292" lon="132.8925939"></trkpt>
    <trkpt lat="-23.7073945" lon="132.8924701"></trkpt>
    <trkpt lat="-23.7073550" lon="132.8923365"></trkpt>
    <trkpt lat="-23.7073263" lon="132.8921982"></trkpt>
    <trkpt lat="-23.7072274" lon="132.8920351"></trkpt>
    <trkpt lat="-23.7071535" lon="132.8919197"></trkpt>
    <trkpt lat="-23.7071594" lon="132.8918832"></trkpt>
    <trkpt lat="-23.7071408" lon="132.8918326"></trkpt>
    <trkpt lat="-23.7070981" lon="132.8917847"></trkpt>
    <trkpt lat="-23.7070469" lon="132.8917438"></trkpt>
    <trkpt lat="-23.7069464" lon="132.8916596"></trkpt>
    <trkpt lat="-23.7068775" lon="132.8916080"></trkpt>
    <trkpt lat="-23.7067878" lon="132.8913928"></trkpt>
    <trkpt lat="-23.7067100" lon="132.8912247"></trkpt>
    <trkpt lat="-23.7066649" lon="132.8911460"></trkpt>
    <trkpt lat="-23.7066365" lon="132.8910315"></trkpt>
    <trkpt lat="-23.7066325" lon="132.8910134"></trkpt>
    <trkpt lat="-23.7066318" lon="132.8909957"></trkpt>
    <trkpt lat="-23.7065190" lon="132.8908599"></trkpt>
    <trkpt lat="-23.7064394" lon="132.8907403"></trkpt>
    <trkpt lat="-23.7064394" lon="132.8906639"></trkpt>
    <trkpt lat="-23.7064210" lon="132.8905868"></trkpt>
    <trkpt lat="-23.7064037" lon="132.8905777"></trkpt>
    <trkpt lat="-23.7063287" lon="132.8904675"></trkpt>
    <trkpt lat="-23.7063151" lon="132.8904187"></trkpt>
    <trkpt lat="-23.7063093" lon="132.8903546"></trkpt>
    <trkpt lat="-23.7063547" lon="132.8902814"></trkpt>
    <trkpt lat="-23.7063561" lon="132.8902727"></trkpt>
    <trkpt lat="-23.7063478" lon="132.8901283"></trkpt>
    <trkpt lat="-23.7063803" lon="132.8899886"></trkpt>
    <trkpt lat="-23.7063857" lon="132.8899406"></trkpt>
    <trkpt lat="-23.7064736" lon="132.8898552"></trkpt>
    <trkpt lat="-23.7064588" lon="132.8898335"></trkpt>
    <trkpt lat="-23.7063814" lon="132.8897426"></trkpt>
    <trkpt lat="-23.7063324" lon="132.8895829"></trkpt>
    <trkpt lat="-23.7063017" lon="132.8894372"></trkpt>
    <trkpt lat="-23.7063262" lon="132.8893833"></trkpt>
    <trkpt lat="-23.7063446" lon="132.8893109"></trkpt>
    <trkpt lat="-23.7063561" lon="132.8892700"></trkpt>
    <trkpt lat="-23.7063925" lon="132.8892208"></trkpt>
    <trkpt lat="-23.7064080" lon="132.8891488"></trkpt>
    <trkpt lat="-23.7063788" lon="132.8889977"></trkpt>
    <trkpt lat="-23.7061972" lon="132.8887167"></trkpt>
    <trkpt lat="-23.7061659" lon="132.8886388"></trkpt>
    <trkpt lat="-23.7060646" lon="132.8885360"></trkpt>
    <trkpt lat="-23.7059749" lon="132.8884581"></trkpt>
    <trkpt lat="-23.7059342" lon="132.8884317"></trkpt>
    <trkpt lat="-23.7058369" lon="132.8884140"></trkpt>
    <trkpt lat="-23.7057861" lon="132.8883526"></trkpt>
    <trkpt lat="-23.7057446" lon="132.8883460"></trkpt>
    <trkpt lat="-23.7056373" lon="132.8882468"></trkpt>
    <trkpt lat="-23.7055742" lon="132.8881264"></trkpt>
    <trkpt lat="-23.7054975" lon="132.8880815"></trkpt>
    <trkpt lat="-23.7054993" lon="132.8880421"></trkpt>
    <trkpt lat="-23.7054175" lon="132.8879630"></trkpt>
    <trkpt lat="-23.7053378" lon="132.8878501"></trkpt>
    <trkpt lat="-23.7052834" lon="132.8878115"></trkpt>
    <trkpt lat="-23.7052373" lon="132.8877997"></trkpt>
    <trkpt lat="-23.7051775" lon="132.8877529"></trkpt>
    <trkpt lat="-23.7050942" lon="132.8875974"></trkpt>
    <trkpt lat="-23.7050784" lon="132.8874715"></trkpt>
    <trkpt lat="-23.7050654" lon="132.8874463"></trkpt>
    <trkpt lat="-23.7050658" lon="132.8874333"></trkpt>
    <trkpt lat="-23.7050852" lon="132.8873774"></trkpt>
    <trkpt lat="-23.7051054" lon="132.8872641"></trkpt>
    <trkpt lat="-23.7050888" lon="132.8871740"></trkpt>
    <trkpt lat="-23.7051000" lon="132.8870217"></trkpt>
    <trkpt lat="-23.7050878" lon="132.8869343"></trkpt>
    <trkpt lat="-23.7050398" lon="132.8868261"></trkpt>
    <trkpt lat="-23.7049400" lon="132.8866431"></trkpt>
    <trkpt lat="-23.7049425" lon="132.8865270"></trkpt>
    <trkpt lat="-23.7049312" lon="132.8864215"></trkpt>
    <trkpt lat="-23.7049362" lon="132.8864097"></trkpt>
    <trkpt lat="-23.7049524" lon="132.8862285"></trkpt>
    <trkpt lat="-23.7049752" lon="132.8860726"></trkpt>
    <trkpt lat="-23.7049809" lon="132.8859297"></trkpt>
    <trkpt lat="-23.7050036" lon="132.8858883"></trkpt>
    <trkpt lat="-23.7049831" lon="132.8857533"></trkpt>
    <trkpt lat="-23.7049222" lon="132.8856548"></trkpt>
    <trkpt lat="-23.7048313" lon="132.8855402"></trkpt>
    <trkpt lat="-23.7047105" lon="132.8854461"></trkpt>
    <trkpt lat="-23.7044408" lon="132.8853319"></trkpt>
    <trkpt lat="-23.7043421" lon="132.8853670"></trkpt>
    <trkpt lat="-23.7042808" lon="132.8853686"></trkpt>
    <trkpt lat="-23.7041319" lon="132.8852634"></trkpt>
    <trkpt lat="-23.7041229" lon="132.8851307"></trkpt>
    <trkpt lat="-23.7041755" lon="132.8849508"></trkpt>
    <trkpt lat="-23.7042238" lon="132.8848177"></trkpt>
    <trkpt lat="-23.7043518" lon="132.8846177"></trkpt>
    <trkpt lat="-23.7044210" lon="132.8844074"></trkpt>
    <trkpt lat="-23.7044693" lon="132.8841916"></trkpt>
    <trkpt lat="-23.7044690" lon="132.8841775"></trkpt>
    <trkpt lat="-23.7044376" lon="132.8840991"></trkpt>
    <trkpt lat="-23.7043608" lon="132.8839951"></trkpt>
    <trkpt lat="-23.7042678" lon="132.8838495"></trkpt>
    <trkpt lat="-23.7041960" lon="132.8837424"></trkpt>
    <trkpt lat="-23.7041185" lon="132.8835841"></trkpt>
    <trkpt lat="-23.7040320" lon="132.8834266"></trkpt>
    <trkpt lat="-23.7038892" lon="132.8833143"></trkpt>
    <trkpt lat="-23.7037100" lon="132.8831887"></trkpt>
    <trkpt lat="-23.7036069" lon="132.8830430"></trkpt>
    <trkpt lat="-23.7036030" lon="132.8830336"></trkpt>
    <trkpt lat="-23.7036203" lon="132.8827745"></trkpt>
    <trkpt lat="-23.7036758" lon="132.8826548"></trkpt>
    <trkpt lat="-23.7037331" lon="132.8826012"></trkpt>
    <trkpt lat="-23.7037684" lon="132.8825595"></trkpt>
    <trkpt lat="-23.7037883" lon="132.8823508"></trkpt>
    <trkpt lat="-23.7038478" lon="132.8822098"></trkpt>
    <trkpt lat="-23.7038297" lon="132.8819830"></trkpt>
    <trkpt lat="-23.7037811" lon="132.8817153"></trkpt>
    <trkpt lat="-23.7037609" lon="132.8816562"></trkpt>
    <trkpt lat="-23.7037374" lon="132.8815680"></trkpt>
    <trkpt lat="-23.7037230" lon="132.8813834"></trkpt>
    <trkpt lat="-23.7036855" lon="132.8812873"></trkpt>
    <trkpt lat="-23.7036646" lon="132.8812640"></trkpt>
    <trkpt lat="-23.7035611" lon="132.8811207"></trkpt>
    <trkpt lat="-23.7035564" lon="132.8810928"></trkpt>
    <trkpt lat="-23.7036210" lon="132.8808478"></trkpt>
    <trkpt lat="-23.7037295" lon="132.8807671"></trkpt>
    <trkpt lat="-23.7037410" lon="132.8806955"></trkpt>
    <trkpt lat="-23.7037576" lon="132.8806407"></trkpt>
    <trkpt lat="-23.7038431" lon="132.8805072"></trkpt>
    <trkpt lat="-23.7038114" lon="132.8803600"></trkpt>
    <trkpt lat="-23.7038449" lon="132.8803001"></trkpt>
    <trkpt lat="-23.7038416" lon="132.8802458"></trkpt>
    <trkpt lat="-23.7038521" lon="132.8801080"></trkpt>
    <trkpt lat="-23.7038261" lon="132.8800044"></trkpt>
    <trkpt lat="-23.7037821" lon="132.8797477"></trkpt>
    <trkpt lat="-23.7036581" lon="132.8795453"></trkpt>
    <trkpt lat="-23.7036123" lon="132.8794209"></trkpt>
    <trkpt lat="-23.7035867" lon="132.8793598"></trkpt>
    <trkpt lat="-23.7035889" lon="132.8793145"></trkpt>
    <trkpt lat="-23.7035575" lon="132.8792464"></trkpt>
    <trkpt lat="-23.7034905" lon="132.8791811"></trkpt>
    <trkpt lat="-23.7033949" lon="132.8791515"></trkpt>
    <trkpt lat="-23.7033445" lon="132.8790677"></trkpt>
    <trkpt lat="-23.7033686" lon="132.8790433"></trkpt>
    <trkpt lat="-23.7034180" lon="132.8790058"></trkpt>
    <trkpt lat="-23.7034544" lon="132.8789602"></trkpt>
    <trkpt lat="-23.7034393" lon="132.8789157"></trkpt>
    <trkpt lat="-23.7033448" lon="132.8788255"></trkpt>
    <trkpt lat="-23.7033034" lon="132.8787932"></trkpt>
    <trkpt lat="-23.7032951" lon="132.8787834"></trkpt>
    <trkpt lat="-23.7032507" lon="132.8786078"></trkpt>
    <trkpt lat="-23.7032471" lon="132.8785971"></trkpt>
    <trkpt lat="-23.7032312" lon="132.8785782"></trkpt>
    <trkpt lat="-23.7032161" lon="132.8784506"></trkpt>
    <trkpt lat="-23.7031750" lon="132.8784310"></trkpt>
    <trkpt lat="-23.7030373" lon="132.8784148"></trkpt>
    <trkpt lat="-23.7030142" lon="132.8783813"></trkpt>
    <trkpt lat="-23.7029936" lon="132.8783601"></trkpt>
    <trkpt lat="-23.7029792" lon="132.8782132"></trkpt>
    <trkpt lat="-23.7030005" lon="132.8781884"></trkpt>
    <trkpt lat="-23.7030474" lon="132.8781089"></trkpt>
    <trkpt lat="-23.7030218" lon="132.8780313"></trkpt>
    <trkpt lat="-23.7030293" lon="132.8779455"></trkpt>
    <trkpt lat="-23.7029857" lon="132.8778982"></trkpt>
    <trkpt lat="-23.7029554" lon="132.8778490"></trkpt>
    <trkpt lat="-23.7028999" lon="132.8777116"></trkpt>
    <trkpt lat="-23.7028642" lon="132.8775048"></trkpt>
    <trkpt lat="-23.7028837" lon="132.8772792"></trkpt>
    <trkpt lat="-23.7028238" lon="132.8770319"></trkpt>
    <trkpt lat="-23.7028069" lon="132.8768878"></trkpt>
    <trkpt lat="-23.7027964" lon="132.8768398"></trkpt>
    <trkpt lat="-23.7027953" lon="132.8768071"></trkpt>
    <trkpt lat="-23.7027910" lon="132.8767402"></trkpt>
    <trkpt lat="-23.7027640" lon="132.8766827"></trkpt>
    <trkpt lat="-23.7027979" lon="132.8766012"></trkpt>
    <trkpt lat="-23.7027618" lon="132.8764708"></trkpt>
    <trkpt lat="-23.7027496" lon="132.8763326"></trkpt>
    <trkpt lat="-23.7028278" lon="132.8762149"></trkpt>
    <trkpt lat="-23.7028303" lon="132.8761818"></trkpt>
    <trkpt lat="-23.7028318" lon="132.8760172"></trkpt>
    <trkpt lat="-23.7028408" lon="132.8759964"></trkpt>
    <trkpt lat="-23.7029165" lon="132.8759164"></trkpt>
    <trkpt lat="-23.7029399" lon="132.8758345"></trkpt>
    <trkpt lat="-23.7029385" lon="132.8757735"></trkpt>
    <trkpt lat="-23.7028606" lon="132.8756243"></trkpt>
    <trkpt lat="-23.7028141" lon="132.8755994"></trkpt>
    <trkpt lat="-23.7027164" lon="132.8755077"></trkpt>
    <trkpt lat="-23.7026252" lon="132.8754144"></trkpt>
    <trkpt lat="-23.7026115" lon="132.8753226"></trkpt>
    <trkpt lat="-23.7026223" lon="132.8752340"></trkpt>
    <trkpt lat="-23.7026187" lon="132.8751888"></trkpt>
    <trkpt lat="-23.7026266" lon="132.8751403"></trkpt>
    <trkpt lat="-23.7026147" lon="132.8749848"></trkpt>
    <trkpt lat="-23.7026169" lon="132.8749718"></trkpt>
    <trkpt lat="-23.7026043" lon="132.8748604"></trkpt>
    <trkpt lat="-23.7026010" lon="132.8746974"></trkpt>
    <trkpt lat="-23.7025805" lon="132.8745276"></trkpt>
    <trkpt lat="-23.7025632" lon="132.8743268"></trkpt>
    <trkpt lat="-23.7025686" lon="132.8741693"></trkpt>
    <trkpt lat="-23.7024979" lon="132.8741394"></trkpt>
    <trkpt lat="-23.7024525" lon="132.8741323"></trkpt>
    <trkpt lat="-23.7024687" lon="132.8740949"></trkpt>
    <trkpt lat="-23.7024500" lon="132.8740402"></trkpt>
    <trkpt lat="-23.7024139" lon="132.8739941"></trkpt>
    <trkpt lat="-23.7023843" lon="132.8739756"></trkpt>
    <trkpt lat="-23.7023065" lon="132.8738362"></trkpt>
    <trkpt lat="-23.7022545" lon="132.8737689"></trkpt>
    <trkpt lat="-23.7021954" lon="132.8736822"></trkpt>
    <trkpt lat="-23.7021658" lon="132.8735641"></trkpt>
    <trkpt lat="-23.7021547" lon="132.8734936"></trkpt>
    <trkpt lat="-23.7021294" lon="132.8732857"></trkpt>
    <trkpt lat="-23.7021074" lon="132.8732046"></trkpt>
    <trkpt lat="-23.7021806" lon="132.8730849"></trkpt>
    <trkpt lat="-23.7022434" lon="132.8728967"></trkpt>
    <trkpt lat="-23.7022722" lon="132.8728617"></trkpt>
    <trkpt lat="-23.7022891" lon="132.8727876"></trkpt>
    <trkpt lat="-23.7023501" lon="132.8727337"></trkpt>
    <trkpt lat="-23.7023382" lon="132.8726538"></trkpt>
    <trkpt lat="-23.7023317" lon="132.8725679"></trkpt>
    <trkpt lat="-23.7023479" lon="132.8724931"></trkpt>
    <trkpt lat="-23.7022722" lon="132.8722828"></trkpt>
    <trkpt lat="-23.7022380" lon="132.8722580"></trkpt>
    <trkpt lat="-23.7020782" lon="132.8722261"></trkpt>
    <trkpt lat="-23.7020703" lon="132.8721525"></trkpt>
    <trkpt lat="-23.7020779" lon="132.8721202"></trkpt>
    <trkpt lat="-23.7020631" lon="132.8720671"></trkpt>
    <trkpt lat="-23.7020631" lon="132.8719237"></trkpt>
    <trkpt lat="-23.7020703" lon="132.8718745"></trkpt>
    <trkpt lat="-23.7019773" lon="132.8717371"></trkpt>
    <trkpt lat="-23.7019243" lon="132.8716304"></trkpt>
    <trkpt lat="-23.7017678" lon="132.8716516"></trkpt>
    <trkpt lat="-23.7016715" lon="132.8716343"></trkpt>
    <trkpt lat="-23.7015926" lon="132.8714717"></trkpt>
    <trkpt lat="-23.7015846" lon="132.8714607"></trkpt>
    <trkpt lat="-23.7014621" lon="132.8713504"></trkpt>
    <trkpt lat="-23.7013593" lon="132.8713583"></trkpt>
    <trkpt lat="-23.7012663" lon="132.8713736"></trkpt>
    <trkpt lat="-23.7012291" lon="132.8713528"></trkpt>
    <trkpt lat="-23.7011920" lon="132.8712910"></trkpt>
    <trkpt lat="-23.7010925" lon="132.8712083"></trkpt>
    <trkpt lat="-23.7010449" lon="132.8711535"></trkpt>
    <trkpt lat="-23.7010323" lon="132.8711362"></trkpt>
    <trkpt lat="-23.7010218" lon="132.8711023"></trkpt>
    <trkpt lat="-23.7009144" lon="132.8709708"></trkpt>
    <trkpt lat="-23.7006591" lon="132.8707677"></trkpt>
    <trkpt lat="-23.7005712" lon="132.8707507"></trkpt>
    <trkpt lat="-23.7004734" lon="132.8707952"></trkpt>
    <trkpt lat="-23.7004608" lon="132.8707976"></trkpt>
    <trkpt lat="-23.7003700" lon="132.8707657"></trkpt>
    <trkpt lat="-23.7003505" lon="132.8707460"></trkpt>
    <trkpt lat="-23.7003260" lon="132.8707176"></trkpt>
    <trkpt lat="-23.7002160" lon="132.8706539"></trkpt>
    <trkpt lat="-23.7000704" lon="132.8706046"></trkpt>
    <trkpt lat="-23.6999734" lon="132.8705897"></trkpt>
    <trkpt lat="-23.6999496" lon="132.8705968"></trkpt>
    <trkpt lat="-23.6998876" lon="132.8705475"></trkpt>
    <trkpt lat="-23.6998753" lon="132.8705503"></trkpt>
    <trkpt lat="-23.6998216" lon="132.8705180"></trkpt>
    <trkpt lat="-23.6997992" lon="132.8704775"></trkpt>
    <trkpt lat="-23.6996990" lon="132.8704164"></trkpt>
    <trkpt lat="-23.6996900" lon="132.8704164"></trkpt>
    <trkpt lat="-23.6995443" lon="132.8705302"></trkpt>
    <trkpt lat="-23.6994181" lon="132.8705645"></trkpt>
    <trkpt lat="-23.6993543" lon="132.8704853"></trkpt>
    <trkpt lat="-23.6993265" lon="132.8704538"></trkpt>
    <trkpt lat="-23.6992959" lon="132.8704290"></trkpt>
    <trkpt lat="-23.6992036" lon="132.8704247"></trkpt>
    <trkpt lat="-23.6990031" lon="132.8704712"></trkpt>
    <trkpt lat="-23.6988863" lon="132.8704259"></trkpt>
    <trkpt lat="-23.6988131" lon="132.8703227"></trkpt>
    <trkpt lat="-23.6988297" lon="132.8702081"></trkpt>
    <trkpt lat="-23.6987872" lon="132.8701164"></trkpt>
    <trkpt lat="-23.6987828" lon="132.8700908"></trkpt>
    <trkpt lat="-23.6987720" lon="132.8699841"></trkpt>
    <trkpt lat="-23.6987367" lon="132.8699179"></trkpt>
    <trkpt lat="-23.6986765" lon="132.8697372"></trkpt>
    <trkpt lat="-23.6986667" lon="132.8697297"></trkpt>
    <trkpt lat="-23.6986303" lon="132.8696612"></trkpt>
    <trkpt lat="-23.6986025" lon="132.8696021"></trkpt>
    <trkpt lat="-23.6985032" lon="132.8693919"></trkpt>
    <trkpt lat="-23.6984888" lon="132.8693096"></trkpt>
    <trkpt lat="-23.6984008" lon="132.8689596"></trkpt>
    <trkpt lat="-23.6983680" lon="132.8687351"></trkpt>
    <trkpt lat="-23.6983612" lon="132.8686390"></trkpt>
    <trkpt lat="-23.6982764" lon="132.8684229"></trkpt>
    <trkpt lat="-23.6982584" lon="132.8683496"></trkpt>
    <trkpt lat="-23.6982134" lon="132.8682252"></trkpt>
    <trkpt lat="-23.6981921" lon="132.8680520"></trkpt>
    <trkpt lat="-23.6981239" lon="132.8678898"></trkpt>
    <trkpt lat="-23.6980947" lon="132.8678279"></trkpt>
    <trkpt lat="-23.6980554" lon="132.8677307"></trkpt>
    <trkpt lat="-23.6980464" lon="132.8676882"></trkpt>
    <trkpt lat="-23.6979667" lon="132.8675878"></trkpt>
    <trkpt lat="-23.6978741" lon="132.8674378"></trkpt>
    <trkpt lat="-23.6976581" lon="132.8672232"></trkpt>
    <trkpt lat="-23.6976260" lon="132.8671472"></trkpt>
    <trkpt lat="-23.6975132" lon="132.8670913"></trkpt>
    <trkpt lat="-23.6974685" lon="132.8670602"></trkpt>
    <trkpt lat="-23.6974018" lon="132.8670704"></trkpt>
    <trkpt lat="-23.6973564" lon="132.8670346"></trkpt>
    <trkpt lat="-23.6973408" lon="132.8669716"></trkpt>
    <trkpt lat="-23.6973455" lon="132.8668574"></trkpt>
    <trkpt lat="-23.6973582" lon="132.8667562"></trkpt>
    <trkpt lat="-23.6973841" lon="132.8667133"></trkpt>
    <trkpt lat="-23.6973481" lon="132.8665759"></trkpt>
    <trkpt lat="-23.6973816" lon="132.8663589"></trkpt>
    <trkpt lat="-23.6973344" lon="132.8662321"></trkpt>
    <trkpt lat="-23.6973401" lon="132.8661530"></trkpt>
    <trkpt lat="-23.6974667" lon="132.8660353"></trkpt>
    <trkpt lat="-23.6975777" lon="132.8659148"></trkpt>
    <trkpt lat="-23.6975792" lon="132.8658911"></trkpt>
    <trkpt lat="-23.6975976" lon="132.8656569"></trkpt>
    <trkpt lat="-23.6976275" lon="132.8655218"></trkpt>
    <trkpt lat="-23.6976567" lon="132.8654683"></trkpt>
    <trkpt lat="-23.6975846" lon="132.8652269"></trkpt>
    <trkpt lat="-23.6974901" lon="132.8650289"></trkpt>
    <trkpt lat="-23.6974551" lon="132.8649470"></trkpt>
    <trkpt lat="-23.6974378" lon="132.8649281"></trkpt>
    <trkpt lat="-23.6974187" lon="132.8649155"></trkpt>
    <trkpt lat="-23.6972111" lon="132.8647792"></trkpt>
    <trkpt lat="-23.6971667" lon="132.8647788"></trkpt>
    <trkpt lat="-23.6971195" lon="132.8647903"></trkpt>
    <trkpt lat="-23.6970795" lon="132.8647840"></trkpt>
    <trkpt lat="-23.6970452" lon="132.8647678"></trkpt>
    <trkpt lat="-23.6970503" lon="132.8647371"></trkpt>
    <trkpt lat="-23.6970160" lon="132.8646702"></trkpt>
    <trkpt lat="-23.6969944" lon="132.8646040"></trkpt>
    <trkpt lat="-23.6969785" lon="132.8645977"></trkpt>
    <trkpt lat="-23.6969702" lon="132.8645745"></trkpt>
    <trkpt lat="-23.6969955" lon="132.8644449"></trkpt>
    <trkpt lat="-23.6969814" lon="132.8644343"></trkpt>
    <trkpt lat="-23.6970005" lon="132.8644103"></trkpt>
    <trkpt lat="-23.6970337" lon="132.8643780"></trkpt>
    <trkpt lat="-23.6971346" lon="132.8642327"></trkpt>
    <trkpt lat="-23.6971782" lon="132.8642075"></trkpt>
    <trkpt lat="-23.6972583" lon="132.8640918"></trkpt>
    <trkpt lat="-23.6972561" lon="132.8640693"></trkpt>
    <trkpt lat="-23.6972226" lon="132.8639965"></trkpt>
    <trkpt lat="-23.6972064" lon="132.8638280"></trkpt>
    <trkpt lat="-23.6971494" lon="132.8637697"></trkpt>
    <trkpt lat="-23.6971310" lon="132.8637350"></trkpt>
    <trkpt lat="-23.6971108" lon="132.8636051"></trkpt>
    <trkpt lat="-23.6971083" lon="132.8635571"></trkpt>
    <trkpt lat="-23.6970665" lon="132.8634267"></trkpt>
    <trkpt lat="-23.6970236" lon="132.8633452"></trkpt>
    <trkpt lat="-23.6969695" lon="132.8631492"></trkpt>
    <trkpt lat="-23.6968783" lon="132.8629539"></trkpt>
    <trkpt lat="-23.6968628" lon="132.8628853"></trkpt>
    <trkpt lat="-23.6968321" lon="132.8628641"></trkpt>
    <trkpt lat="-23.6967885" lon="132.8627042"></trkpt>
    <trkpt lat="-23.6967514" lon="132.8626105"></trkpt>
    <trkpt lat="-23.6966955" lon="132.8624904"></trkpt>
    <trkpt lat="-23.6966468" lon="132.8623377"></trkpt>
    <trkpt lat="-23.6966035" lon="132.8622329"></trkpt>
    <trkpt lat="-23.6965985" lon="132.8621928"></trkpt>
    <trkpt lat="-23.6966061" lon="132.8620896"></trkpt>
    <trkpt lat="-23.6966263" lon="132.8619813"></trkpt>
    <trkpt lat="-23.6965978" lon="132.8618101"></trkpt>
    <trkpt lat="-23.6965999" lon="132.8617896"></trkpt>
    <trkpt lat="-23.6966291" lon="132.8616577"></trkpt>
    <trkpt lat="-23.6966180" lon="132.8615403"></trkpt>
    <trkpt lat="-23.6965491" lon="132.8614187"></trkpt>
    <trkpt lat="-23.6965040" lon="132.8613529"></trkpt>
    <trkpt lat="-23.6964431" lon="132.8612021"></trkpt>
    <trkpt lat="-23.6964265" lon="132.8612001"></trkpt>
    <trkpt lat="-23.6963825" lon="132.8611647"></trkpt>
    <trkpt lat="-23.6963519" lon="132.8611001"></trkpt>
    <trkpt lat="-23.6963598" lon="132.8610513"></trkpt>
    <trkpt lat="-23.6963663" lon="132.8610304"></trkpt>
    <trkpt lat="-23.6963407" lon="132.8608596"></trkpt>
    <trkpt lat="-23.6963454" lon="132.8606958"></trkpt>
    <trkpt lat="-23.6962949" lon="132.8605324"></trkpt>
    <trkpt lat="-23.6962033" lon="132.8603091"></trkpt>
    <trkpt lat="-23.6961896" lon="132.8602851"></trkpt>
    <trkpt lat="-23.6961806" lon="132.8602591"></trkpt>
    <trkpt lat="-23.6961565" lon="132.8601752"></trkpt>
    <trkpt lat="-23.6962899" lon="132.8599863"></trkpt>
    <trkpt lat="-23.6962855" lon="132.8597386"></trkpt>
    <trkpt lat="-23.6962416" lon="132.8596220"></trkpt>
    <trkpt lat="-23.6962142" lon="132.8594921"></trkpt>
    <trkpt lat="-23.6962502" lon="132.8593783"></trkpt>
    <trkpt lat="-23.6963122" lon="132.8592681"></trkpt>
    <trkpt lat="-23.6963328" lon="132.8592070"></trkpt>
    <trkpt lat="-23.6963108" lon="132.8589795"></trkpt>
    <trkpt lat="-23.6962632" lon="132.8587539"></trkpt>
    <trkpt lat="-23.6961561" lon="132.8585156"></trkpt>
    <trkpt lat="-23.6961222" lon="132.8584759"></trkpt>
    <trkpt lat="-23.6960415" lon="132.8583676"></trkpt>
    <trkpt lat="-23.6959452" lon="132.8582534"></trkpt>
    <trkpt lat="-23.6959120" lon="132.8580502"></trkpt>
    <trkpt lat="-23.6958504" lon="132.8579026"></trkpt>
    <trkpt lat="-23.6957137" lon="132.8578400"></trkpt>
    <trkpt lat="-23.6956604" lon="132.8577998"></trkpt>
    <trkpt lat="-23.6956286" lon="132.8577620"></trkpt>
    <trkpt lat="-23.6955962" lon="132.8577132"></trkpt>
    <trkpt lat="-23.6955847" lon="132.8576282"></trkpt>
    <trkpt lat="-23.6955511" lon="132.8574620"></trkpt>
    <trkpt lat="-23.6955533" lon="132.8572391"></trkpt>
    <trkpt lat="-23.6956268" lon="132.8571033"></trkpt>
    <trkpt lat="-23.6956153" lon="132.8569371"></trkpt>
    <trkpt lat="-23.6955843" lon="132.8567281"></trkpt>
    <trkpt lat="-23.6955180" lon="132.8565379"></trkpt>
    <trkpt lat="-23.6954869" lon="132.8563217"></trkpt>
    <trkpt lat="-23.6954278" lon="132.8561997"></trkpt>
    <trkpt lat="-23.6952861" lon="132.8560406"></trkpt>
    <trkpt lat="-23.6952912" lon="132.8560107"></trkpt>
    <trkpt lat="-23.6953067" lon="132.8559619"></trkpt>
    <trkpt lat="-23.6953027" lon="132.8558583"></trkpt>
    <trkpt lat="-23.6952695" lon="132.8557626"></trkpt>
    <trkpt lat="-23.6952786" lon="132.8556457"></trkpt>
    <trkpt lat="-23.6952266" lon="132.8555406"></trkpt>
    <trkpt lat="-23.6952165" lon="132.8555146"></trkpt>
    <trkpt lat="-23.6952039" lon="132.8553677"></trkpt>
    <trkpt lat="-23.6951181" lon="132.8552071"></trkpt>
    <trkpt lat="-23.6950932" lon="132.8551421"></trkpt>
    <trkpt lat="-23.6951109" lon="132.8550334"></trkpt>
    <trkpt lat="-23.6951415" lon="132.8549184"></trkpt>
    <trkpt lat="-23.6951296" lon="132.8548578"></trkpt>
    <trkpt lat="-23.6950842" lon="132.8547767"></trkpt>
    <trkpt lat="-23.6950666" lon="132.8546948"></trkpt>
    <trkpt lat="-23.6950132" lon="132.8545507"></trkpt>
    <trkpt lat="-23.6949627" lon="132.8544786"></trkpt>
    <trkpt lat="-23.6949353" lon="132.8542967"></trkpt>
    <trkpt lat="-23.6949436" lon="132.8542243"></trkpt>
    <trkpt lat="-23.6949346" lon="132.8540845"></trkpt>
    <trkpt lat="-23.6949450" lon="132.8540262"></trkpt>
    <trkpt lat="-23.6948834" lon="132.8539317"></trkpt>
    <trkpt lat="-23.6948834" lon="132.8538676"></trkpt>
    <trkpt lat="-23.6949404" lon="132.8537695"></trkpt>
    <trkpt lat="-23.6949443" lon="132.8537530"></trkpt>
    <trkpt lat="-23.6949523" lon="132.8536364"></trkpt>
    <trkpt lat="-23.6948913" lon="132.8535041"></trkpt>
    <trkpt lat="-23.6948870" lon="132.8534801"></trkpt>
    <trkpt lat="-23.6948607" lon="132.8534482"></trkpt>
    <trkpt lat="-23.6948495" lon="132.8534124"></trkpt>
    <trkpt lat="-23.6948499" lon="132.8532773"></trkpt>
    <trkpt lat="-23.6948333" lon="132.8531482"></trkpt>
    <trkpt lat="-23.6947860" lon="132.8531128"></trkpt>
    <trkpt lat="-23.6947853" lon="132.8530895"></trkpt>
    <trkpt lat="-23.6947395" lon="132.8529175"></trkpt>
    <trkpt lat="-23.6947550" lon="132.8527186"></trkpt>
    <trkpt lat="-23.6947716" lon="132.8526277"></trkpt>
    <trkpt lat="-23.6947619" lon="132.8525025"></trkpt>
    <trkpt lat="-23.6947226" lon="132.8523883"></trkpt>
    <trkpt lat="-23.6947053" lon="132.8522800"></trkpt>
    <trkpt lat="-23.6947038" lon="132.8521922"></trkpt>
    <trkpt lat="-23.6946970" lon="132.8520855"></trkpt>
    <trkpt lat="-23.6947244" lon="132.8519686"></trkpt>
    <trkpt lat="-23.6947291" lon="132.8518571"></trkpt>
    <trkpt lat="-23.6947406" lon="132.8518441"></trkpt>
    <trkpt lat="-23.6947785" lon="132.8517213"></trkpt>
    <trkpt lat="-23.6947673" lon="132.8517040"></trkpt>
    <trkpt lat="-23.6947925" lon="132.8516544"></trkpt>
    <trkpt lat="-23.6947536" lon="132.8515378"></trkpt>
    <trkpt lat="-23.6947417" lon="132.8514252"></trkpt>
    <trkpt lat="-23.6947006" lon="132.8513839"></trkpt>
    <trkpt lat="-23.6947002" lon="132.8513614"></trkpt>
    <trkpt lat="-23.6947147" lon="132.8512551"></trkpt>
    <trkpt lat="-23.6946804" lon="132.8510492"></trkpt>
    <trkpt lat="-23.6946681" lon="132.8509275"></trkpt>
    <trkpt lat="-23.6946685" lon="132.8508082"></trkpt>
    <trkpt lat="-23.6946440" lon="132.8507031"></trkpt>
    <trkpt lat="-23.6946407" lon="132.8506747"></trkpt>
    <trkpt lat="-23.6946483" lon="132.8506129"></trkpt>
    <trkpt lat="-23.6946498" lon="132.8505747"></trkpt>
    <trkpt lat="-23.6946782" lon="132.8504570"></trkpt>
    <trkpt lat="-23.6947193" lon="132.8503700"></trkpt>
    <trkpt lat="-23.6947330" lon="132.8502940"></trkpt>
    <trkpt lat="-23.6947532" lon="132.8502389"></trkpt>
    <trkpt lat="-23.6947536" lon="132.8501916"></trkpt>
    <trkpt lat="-23.6947857" lon="132.8501026"></trkpt>
    <trkpt lat="-23.6947655" lon="132.8500003"></trkpt>
    <trkpt lat="-23.6947568" lon="132.8499979"></trkpt>
    <trkpt lat="-23.6947457" lon="132.8499455"></trkpt>
    <trkpt lat="-23.6947215" lon="132.8499235"></trkpt>
    <trkpt lat="-23.6947056" lon="132.8498963"></trkpt>
    <trkpt lat="-23.6946591" lon="132.8498325"></trkpt>
    <trkpt lat="-23.6946566" lon="132.8497778"></trkpt>
    <trkpt lat="-23.6946382" lon="132.8497266"></trkpt>
    <trkpt lat="-23.6945874" lon="132.8496585"></trkpt>
    <trkpt lat="-23.6945704" lon="132.8495569"></trkpt>
    <trkpt lat="-23.6945091" lon="132.8494439"></trkpt>
    <trkpt lat="-23.6944760" lon="132.8493089"></trkpt>
    <trkpt lat="-23.6944075" lon="132.8491793"></trkpt>
    <trkpt lat="-23.6943739" lon="132.8490411"></trkpt>
    <trkpt lat="-23.6943354" lon="132.8489096"></trkpt>
    <trkpt lat="-23.6943264" lon="132.8486675"></trkpt>
    <trkpt lat="-23.6943112" lon="132.8486072"></trkpt>
    <trkpt lat="-23.6943876" lon="132.8485045"></trkpt>
    <trkpt lat="-23.6943761" lon="132.8484623"></trkpt>
    <trkpt lat="-23.6943491" lon="132.8483970"></trkpt>
    <trkpt lat="-23.6943264" lon="132.8482202"></trkpt>
    <trkpt lat="-23.6943408" lon="132.8480619"></trkpt>
    <trkpt lat="-23.6943256" lon="132.8479359"></trkpt>
    <trkpt lat="-23.6943595" lon="132.8477993"></trkpt>
    <trkpt lat="-23.6943606" lon="132.8476453"></trkpt>
    <trkpt lat="-23.6943426" lon="132.8475811"></trkpt>
    <trkpt lat="-23.6943318" lon="132.8474760"></trkpt>
    <trkpt lat="-23.6943004" lon="132.8474272"></trkpt>
    <trkpt lat="-23.6942838" lon="132.8472315"></trkpt>
    <trkpt lat="-23.6942874" lon="132.8471055"></trkpt>
    <trkpt lat="-23.6942712" lon="132.8470177"></trkpt>
    <trkpt lat="-23.6942546" lon="132.8469004"></trkpt>
    <trkpt lat="-23.6942517" lon="132.8468574"></trkpt>
    <trkpt lat="-23.6942045" lon="132.8466980"></trkpt>
    <trkpt lat="-23.6941381" lon="132.8465393"></trkpt>
    <trkpt lat="-23.6940769" lon="132.8464350"></trkpt>
    <trkpt lat="-23.6940022" lon="132.8463298"></trkpt>
    <trkpt lat="-23.6940019" lon="132.8463188"></trkpt>
    <trkpt lat="-23.6939510" lon="132.8461940"></trkpt>
    <trkpt lat="-23.6939337" lon="132.8460030"></trkpt>
    <trkpt lat="-23.6939416" lon="132.8459688"></trkpt>
    <trkpt lat="-23.6939416" lon="132.8458077"></trkpt>
    <trkpt lat="-23.6939204" lon="132.8456223"></trkpt>
    <trkpt lat="-23.6939243" lon="132.8455746"></trkpt>
    <trkpt lat="-23.6939124" lon="132.8455219"></trkpt>
    <trkpt lat="-23.6939085" lon="132.8454920"></trkpt>
    <trkpt lat="-23.6938838" lon="132.8453880"></trkpt>
    <trkpt lat="-23.6938895" lon="132.8453108"></trkpt>
    <trkpt lat="-23.6938290" lon="132.8452364"></trkpt>
    <trkpt lat="-23.6937464" lon="132.8450549"></trkpt>
    <trkpt lat="-23.6937032" lon="132.8448703"></trkpt>
    <trkpt lat="-23.6936801" lon="132.8447045"></trkpt>
    <trkpt lat="-23.6936256" lon="132.8446266"></trkpt>
    <trkpt lat="-23.6935622" lon="132.8444990"></trkpt>
    <trkpt lat="-23.6934991" lon="132.8443100"></trkpt>
    <trkpt lat="-23.6934933" lon="132.8442206"></trkpt>
    <trkpt lat="-23.6933787" lon="132.8439104"></trkpt>
    <trkpt lat="-23.6933686" lon="132.8438371"></trkpt>
    <trkpt lat="-23.6933480" lon="132.8438025"></trkpt>
    <trkpt lat="-23.6933080" lon="132.8436812"></trkpt>
    <trkpt lat="-23.6932950" lon="132.8436852"></trkpt>
    <trkpt lat="-23.6932936" lon="132.8436241"></trkpt>
    <trkpt lat="-23.6932081" lon="132.8434596"></trkpt>
    <trkpt lat="-23.6931753" lon="132.8433277"></trkpt>
    <trkpt lat="-23.6931977" lon="132.8432844"></trkpt>
    <trkpt lat="-23.6932150" lon="132.8431643"></trkpt>
    <trkpt lat="-23.6932258" lon="132.8430513"></trkpt>
    <trkpt lat="-23.6931494" lon="132.8428824"></trkpt>
    <trkpt lat="-23.6931263" lon="132.8428768"></trkpt>
    <trkpt lat="-23.6930484" lon="132.8427083"></trkpt>
    <trkpt lat="-23.6929377" lon="132.8426075"></trkpt>
    <trkpt lat="-23.6928865" lon="132.8424528"></trkpt>
    <trkpt lat="-23.6928833" lon="132.8423941"></trkpt>
    <trkpt lat="-23.6928307" lon="132.8422130"></trkpt>
    <trkpt lat="-23.6928325" lon="132.8422020"></trkpt>
    <trkpt lat="-23.6928242" lon="132.8421374"></trkpt>
    <trkpt lat="-23.6928252" lon="132.8419500"></trkpt>
    <trkpt lat="-23.6928159" lon="132.8418650"></trkpt>
    <trkpt lat="-23.6927921" lon="132.8418559"></trkpt>
    <trkpt lat="-23.6927495" lon="132.8418217"></trkpt>
    <trkpt lat="-23.6927110" lon="132.8417854"></trkpt>
    <trkpt lat="-23.6927077" lon="132.8416307"></trkpt>
    <trkpt lat="-23.6927351" lon="132.8413901"></trkpt>
    <trkpt lat="-23.6927376" lon="132.8413772"></trkpt>
    <trkpt lat="-23.6926890" lon="132.8412582"></trkpt>
    <trkpt lat="-23.6926673" lon="132.8410488"></trkpt>
    <trkpt lat="-23.6926569" lon="132.8409933"></trkpt>
    <trkpt lat="-23.6926338" lon="132.8408850"></trkpt>
    <trkpt lat="-23.6926107" lon="132.8407370"></trkpt>
    <trkpt lat="-23.6925685" lon="132.8406094"></trkpt>
    <trkpt lat="-23.6925134" lon="132.8404810"></trkpt>
    <trkpt lat="-23.6924420" lon="132.8403452"></trkpt>
    <trkpt lat="-23.6923948" lon="132.8401818"></trkpt>
    <trkpt lat="-23.6923771" lon="132.8401527"></trkpt>
    <trkpt lat="-23.6923302" lon="132.8400952"></trkpt>
    <trkpt lat="-23.6922736" lon="132.8399345"></trkpt>
    <trkpt lat="-23.6922653" lon="132.8397759"></trkpt>
    <trkpt lat="-23.6922163" lon="132.8396566"></trkpt>
    <trkpt lat="-23.6921719" lon="132.8394849"></trkpt>
    <trkpt lat="-23.6921009" lon="132.8393581"></trkpt>
    <trkpt lat="-23.6920454" lon="132.8392066"></trkpt>
    <trkpt lat="-23.6919755" lon="132.8390561"></trkpt>
    <trkpt lat="-23.6919362" lon="132.8388561"></trkpt>
    <trkpt lat="-23.6919210" lon="132.8387325"></trkpt>
    <trkpt lat="-23.6919160" lon="132.8385943"></trkpt>
    <trkpt lat="-23.6918507" lon="132.8384408"></trkpt>
    <trkpt lat="-23.6918161" lon="132.8383069"></trkpt>
    <trkpt lat="-23.6918013" lon="132.8381529"></trkpt>
    <trkpt lat="-23.6917991" lon="132.8378557"></trkpt>
    <trkpt lat="-23.6917638" lon="132.8376242"></trkpt>
    <trkpt lat="-23.6917624" lon="132.8374222"></trkpt>
    <trkpt lat="-23.6917101" lon="132.8372348"></trkpt>
    <trkpt lat="-23.6916931" lon="132.8370537"></trkpt>
    <trkpt lat="-23.6916751" lon="132.8368769"></trkpt>
    <trkpt lat="-23.6916311" lon="132.8366926"></trkpt>
    <trkpt lat="-23.6915277" lon="132.8363855"></trkpt>
    <trkpt lat="-23.6914783" lon="132.8362091"></trkpt>
    <trkpt lat="-23.6914314" lon="132.8359686"></trkpt>
    <trkpt lat="-23.6914375" lon="132.8358001"></trkpt>
    <trkpt lat="-23.6914530" lon="132.8357682"></trkpt>
    <trkpt lat="-23.6914581" lon="132.8357044"></trkpt>
    <trkpt lat="-23.6914649" lon="132.8356745"></trkpt>
    <trkpt lat="-23.6914382" lon="132.8355359"></trkpt>
    <trkpt lat="-23.6914307" lon="132.8353902"></trkpt>
    <trkpt lat="-23.6914159" lon="132.8352193"></trkpt>
    <trkpt lat="-23.6913997" lon="132.8351756"></trkpt>
    <trkpt lat="-23.6913423" lon="132.8349705"></trkpt>
    <trkpt lat="-23.6912764" lon="132.8347799"></trkpt>
    <trkpt lat="-23.6912522" lon="132.8347590"></trkpt>
    <trkpt lat="-23.6910553" lon="132.8345256"></trkpt>
    <trkpt lat="-23.6910373" lon="132.8345201"></trkpt>
    <trkpt lat="-23.6909807" lon="132.8344008"></trkpt>
    <trkpt lat="-23.6909692" lon="132.8343563"></trkpt>
    <trkpt lat="-23.6909295" lon="132.8340803"></trkpt>
    <trkpt lat="-23.6909349" lon="132.8339527"></trkpt>
    <trkpt lat="-23.6909248" lon="132.8337877"></trkpt>
    <trkpt lat="-23.6909295" lon="132.8337755"></trkpt>
    <trkpt lat="-23.6909274" lon="132.8337279"></trkpt>
    <trkpt lat="-23.6909137" lon="132.8337062"></trkpt>
    <trkpt lat="-23.6908224" lon="132.8335649"></trkpt>
    <trkpt lat="-23.6907763" lon="132.8334007"></trkpt>
    <trkpt lat="-23.6907727" lon="132.8333688"></trkpt>
    <trkpt lat="-23.6907875" lon="132.8332660"></trkpt>
    <trkpt lat="-23.6907420" lon="132.8331381"></trkpt>
    <trkpt lat="-23.6907157" lon="132.8330932"></trkpt>
    <trkpt lat="-23.6907875" lon="132.8329412"></trkpt>
    <trkpt lat="-23.6908084" lon="132.8328074"></trkpt>
    <trkpt lat="-23.6908935" lon="132.8326605"></trkpt>
    <trkpt lat="-23.6908917" lon="132.8326006"></trkpt>
    <trkpt lat="-23.6908956" lon="132.8325113"></trkpt>
    <trkpt lat="-23.6908361" lon="132.8323991"></trkpt>
    <trkpt lat="-23.6908152" lon="132.8322963"></trkpt>
    <trkpt lat="-23.6908188" lon="132.8321494"></trkpt>
    <trkpt lat="-23.6908001" lon="132.8320215"></trkpt>
    <trkpt lat="-23.6907258" lon="132.8319097"></trkpt>
    <trkpt lat="-23.6907009" lon="132.8318573"></trkpt>
    <trkpt lat="-23.6907103" lon="132.8317703"></trkpt>
    <trkpt lat="-23.6906807" lon="132.8317258"></trkpt>
    <trkpt lat="-23.6906577" lon="132.8316994"></trkpt>
    <trkpt lat="-23.6906465" lon="132.8316049"></trkpt>
    <trkpt lat="-23.6905874" lon="132.8315829"></trkpt>
    <trkpt lat="-23.6905531" lon="132.8314888"></trkpt>
    <trkpt lat="-23.6904760" lon="132.8314010"></trkpt>
    <trkpt lat="-23.6903974" lon="132.8312329"></trkpt>
    <trkpt lat="-23.6902676" lon="132.8309474"></trkpt>
    <trkpt lat="-23.6902495" lon="132.8308809"></trkpt>
    <trkpt lat="-23.6902369" lon="132.8307474"></trkpt>
    <trkpt lat="-23.6901525" lon="132.8305509"></trkpt>
    <trkpt lat="-23.6901100" lon="132.8305190"></trkpt>
    <trkpt lat="-23.6900415" lon="132.8304178"></trkpt>
    <trkpt lat="-23.6899499" lon="132.8300513"></trkpt>
    <trkpt lat="-23.6899196" lon="132.8298796"></trkpt>
    <trkpt lat="-23.6898778" lon="132.8296977"></trkpt>
    <trkpt lat="-23.6898288" lon="132.8295103"></trkpt>
    <trkpt lat="-23.6898154" lon="132.8294717"></trkpt>
    <trkpt lat="-23.6897610" lon="132.8293780"></trkpt>
    <trkpt lat="-23.6897682" lon="132.8292993"></trkpt>
    <trkpt lat="-23.6897181" lon="132.8291422"></trkpt>
    <trkpt lat="-23.6896961" lon="132.8289827"></trkpt>
    <trkpt lat="-23.6896802" lon="132.8289524"></trkpt>
    <trkpt lat="-23.6896647" lon="132.8289209"></trkpt>
    <trkpt lat="-23.6896078" lon="132.8287740"></trkpt>
    <trkpt lat="-23.6895706" lon="132.8286650"></trkpt>
    <trkpt lat="-23.6894805" lon="132.8285961"></trkpt>
    <trkpt lat="-23.6894257" lon="132.8284295"></trkpt>
    <trkpt lat="-23.6893922" lon="132.8282957"></trkpt>
    <trkpt lat="-23.6893615" lon="132.8282461"></trkpt>
    <trkpt lat="-23.6893788" lon="132.8282102"></trkpt>
    <trkpt lat="-23.6894127" lon="132.8281390"></trkpt>
    <trkpt lat="-23.6894210" lon="132.8280913"></trkpt>
    <trkpt lat="-23.6894120" lon="132.8280035"></trkpt>
    <trkpt lat="-23.6893593" lon="132.8278862"></trkpt>
    <trkpt lat="-23.6892436" lon="132.8275484"></trkpt>
    <trkpt lat="-23.6892047" lon="132.8275283"></trkpt>
    <trkpt lat="-23.6891470" lon="132.8274444"></trkpt>
    <trkpt lat="-23.6890788" lon="132.8272456"></trkpt>
    <trkpt lat="-23.6890597" lon="132.8271838"></trkpt>
    <trkpt lat="-23.6890677" lon="132.8271385"></trkpt>
    <trkpt lat="-23.6890792" lon="132.8271365"></trkpt>
    <trkpt lat="-23.6890803" lon="132.8271113"></trkpt>
    <trkpt lat="-23.6890161" lon="132.8269224"></trkpt>
    <trkpt lat="-23.6888993" lon="132.8267743"></trkpt>
    <trkpt lat="-23.6887789" lon="132.8265251"></trkpt>
    <trkpt lat="-23.6887201" lon="132.8263645"></trkpt>
    <trkpt lat="-23.6887161" lon="132.8263519"></trkpt>
    <trkpt lat="-23.6886750" lon="132.8263097"></trkpt>
    <trkpt lat="-23.6886213" lon="132.8261743"></trkpt>
    <trkpt lat="-23.6885824" lon="132.8261593"></trkpt>
    <trkpt lat="-23.6885679" lon="132.8261381"></trkpt>
    <trkpt lat="-23.6885694" lon="132.8261306"></trkpt>
    <trkpt lat="-23.6884536" lon="132.8260636"></trkpt>
    <trkpt lat="-23.6884107" lon="132.8260117"></trkpt>
    <trkpt lat="-23.6884006" lon="132.8260125"></trkpt>
    <trkpt lat="-23.6883170" lon="132.8258959"></trkpt>
    <trkpt lat="-23.6882153" lon="132.8258915"></trkpt>
    <trkpt lat="-23.6880700" lon="132.8259349"></trkpt>
    <trkpt lat="-23.6880215" lon="132.8258753"></trkpt>
    <trkpt lat="-23.6879823" lon="132.8258480"></trkpt>
    <trkpt lat="-23.6879374" lon="132.8257951"></trkpt>
    <trkpt lat="-23.6878890" lon="132.8257701"></trkpt>
    <trkpt lat="-23.6879078" lon="132.8257356"></trkpt>
    <trkpt lat="-23.6877554" lon="132.8256259"></trkpt>
    <trkpt lat="-23.6876541" lon="132.8255172"></trkpt>
    <trkpt lat="-23.6876172" lon="132.8254906"></trkpt>
    <trkpt lat="-23.6875611" lon="132.8254182"></trkpt>
    <trkpt lat="-23.6875424" lon="132.8253907"></trkpt>
    <trkpt lat="-23.6873563" lon="132.8253056"></trkpt>
    <trkpt lat="-23.6872013" lon="132.8252883"></trkpt>
    <trkpt lat="-23.6870189" lon="132.8252867"></trkpt>
    <trkpt lat="-23.6869331" lon="132.8253092"></trkpt>
    <trkpt lat="-23.6868671" lon="132.8253552"></trkpt>
    <trkpt lat="-23.6867748" lon="132.8254572"></trkpt>
    <trkpt lat="-23.6866486" lon="132.8255730"></trkpt>
    <trkpt lat="-23.6865790" lon="132.8256104"></trkpt>
    <trkpt lat="-23.6864889" lon="132.8257257"></trkpt>
    <trkpt lat="-23.6864673" lon="132.8257340"></trkpt>
    <trkpt lat="-23.6864467" lon="132.8257289"></trkpt>
    <trkpt lat="-23.6864139" lon="132.8257375"></trkpt>
    <trkpt lat="-23.6863432" lon="132.8257647"></trkpt>
    <trkpt lat="-23.6862690" lon="132.8258060"></trkpt>
    <trkpt lat="-23.6861998" lon="132.8258411"></trkpt>
    <trkpt lat="-23.6861406" lon="132.8258859"></trkpt>
    <trkpt lat="-23.6860840" lon="132.8259080"></trkpt>
    <trkpt lat="-23.6860397" lon="132.8258332"></trkpt>
    <trkpt lat="-23.6859946" lon="132.8257915"></trkpt>
    <trkpt lat="-23.6860065" lon="132.8257722"></trkpt>
    <trkpt lat="-23.6860332" lon="132.8257190"></trkpt>
    <trkpt lat="-23.6860354" lon="132.8256367"></trkpt>
    <trkpt lat="-23.6860426" lon="132.8254604"></trkpt>
    <trkpt lat="-23.6860454" lon="132.8254281"></trkpt>
    <trkpt lat="-23.6860602" lon="132.8253899"></trkpt>
    <trkpt lat="-23.6860368" lon="132.8253757"></trkpt>
    <trkpt lat="-23.6860206" lon="132.8253737"></trkpt>
    <trkpt lat="-23.6860040" lon="132.8253875"></trkpt>
    <trkpt lat="-23.6859678" lon="132.8254076"></trkpt>
    <trkpt lat="-23.6859548" lon="132.8254013"></trkpt>
    <trkpt lat="-23.6859277" lon="132.8253828"></trkpt>
    <trkpt lat="-23.6859241" lon="132.8253867"></trkpt>
    <trkpt lat="-23.6858776" lon="132.8253312"></trkpt>
    <trkpt lat="-23.6858585" lon="132.8253253"></trkpt>
    <trkpt lat="-23.6858239" lon="132.8253084"></trkpt>
    <trkpt lat="-23.6857785" lon="132.8252088"></trkpt>
    <trkpt lat="-23.6857842" lon="132.8251596"></trkpt>
    <trkpt lat="-23.6857435" lon="132.8251407"></trkpt>
    <trkpt lat="-23.6857374" lon="132.8251541"></trkpt>
    <trkpt lat="-23.6857413" lon="132.8252017"></trkpt>
    <trkpt lat="-23.6857114" lon="132.8252765"></trkpt>
    <trkpt lat="-23.6857020" lon="132.8253513"></trkpt>
    <trkpt lat="-23.6856992" lon="132.8253741"></trkpt>
    <trkpt lat="-23.6857114" lon="132.8253895"></trkpt>
    <trkpt lat="-23.6857020" lon="132.8254182"></trkpt>
    <trkpt lat="-23.6857175" lon="132.8255072"></trkpt>
    <trkpt lat="-23.6857435" lon="132.8255631"></trkpt>
    <trkpt lat="-23.6857514" lon="132.8255749"></trkpt>
    <trkpt lat="-23.6857215" lon="132.8256119"></trkpt>
    <trkpt lat="-23.6856941" lon="132.8256041"></trkpt>
    <trkpt lat="-23.6855903" lon="132.8255635"></trkpt>
    <trkpt lat="-23.6855791" lon="132.8254962"></trkpt>
    <trkpt lat="-23.6855780" lon="132.8254308"></trkpt>
    <trkpt lat="-23.6855730" lon="132.8253533"></trkpt>
    <trkpt lat="-23.6855596" lon="132.8252816"></trkpt>
    <trkpt lat="-23.6855560" lon="132.8251946"></trkpt>
    <trkpt lat="-23.6855283" lon="132.8251584"></trkpt>
    <trkpt lat="-23.6855286" lon="132.8251013"></trkpt>
    <trkpt lat="-23.6855009" lon="132.8250867"></trkpt>
    <trkpt lat="-23.6854702" lon="132.8249903"></trkpt>
    <trkpt lat="-23.6854468" lon="132.8249383"></trkpt>
    <trkpt lat="-23.6854313" lon="132.8249147"></trkpt>
    <trkpt lat="-23.6854024" lon="132.8248084"></trkpt>
    <trkpt lat="-23.6854013" lon="132.8247718"></trkpt>
    <trkpt lat="-23.6853891" lon="132.8247556"></trkpt>
    <trkpt lat="-23.6853725" lon="132.8246749"></trkpt>
    <trkpt lat="-23.6854176" lon="132.8246111"></trkpt>
    <trkpt lat="-23.6854280" lon="132.8245025"></trkpt>
    <trkpt lat="-23.6854035" lon="132.8244600"></trkpt>
    <trkpt lat="-23.6853772" lon="132.8244304"></trkpt>
    <trkpt lat="-23.6853119" lon="132.8243698"></trkpt>
    <trkpt lat="-23.6852972" lon="132.8243505"></trkpt>
    <trkpt lat="-23.6852658" lon="132.8243257"></trkpt>
    <trkpt lat="-23.6852424" lon="132.8243308"></trkpt>
    <trkpt lat="-23.6852297" lon="132.8242793"></trkpt>
    <trkpt lat="-23.6851800" lon="132.8242513"></trkpt>
    <trkpt lat="-23.6851418" lon="132.8242064"></trkpt>
    <trkpt lat="-23.6851356" lon="132.8242017"></trkpt>
    <trkpt lat="-23.6850664" lon="132.8241568"></trkpt>
    <trkpt lat="-23.6850635" lon="132.8241485"></trkpt>
    <trkpt lat="-23.6849629" lon="132.8240210"></trkpt>
    <trkpt lat="-23.6849436" lon="132.8237926"></trkpt>
    <trkpt lat="-23.6849317" lon="132.8237068"></trkpt>
    <trkpt lat="-23.6849090" lon="132.8236241"></trkpt>
    <trkpt lat="-23.6848694" lon="132.8235730"></trkpt>
    <trkpt lat="-23.6848658" lon="132.8235639"></trkpt>
    <trkpt lat="-23.6848589" lon="132.8235198"></trkpt>
    <trkpt lat="-23.6848737" lon="132.8234434"></trkpt>
    <trkpt lat="-23.6848863" lon="132.8234222"></trkpt>
    <trkpt lat="-23.6848517" lon="132.8233710"></trkpt>
    <trkpt lat="-23.6848095" lon="132.8232958"></trkpt>
    <trkpt lat="-23.6848070" lon="132.8232793"></trkpt>
    <trkpt lat="-23.6847814" lon="132.8231863"></trkpt>
    <trkpt lat="-23.6847338" lon="132.8231379"></trkpt>
    <trkpt lat="-23.6847039" lon="132.8230706"></trkpt>
    <trkpt lat="-23.6847021" lon="132.8230025"></trkpt>
    <trkpt lat="-23.6846909" lon="132.8229718"></trkpt>
    <trkpt lat="-23.6846815" lon="132.8228824"></trkpt>
    <trkpt lat="-23.6846808" lon="132.8228320"></trkpt>
    <trkpt lat="-23.6847154" lon="132.8228072"></trkpt>
    <trkpt lat="-23.6847298" lon="132.8227604"></trkpt>
    <trkpt lat="-23.6847309" lon="132.8226348"></trkpt>
    <trkpt lat="-23.6846963" lon="132.8225667"></trkpt>
    <trkpt lat="-23.6846815" lon="132.8224990"></trkpt>
    <trkpt lat="-23.6846624" lon="132.8224387"></trkpt>
    <trkpt lat="-23.6846257" lon="132.8223911"></trkpt>
    <trkpt lat="-23.6846220" lon="132.8223490"></trkpt>
    <trkpt lat="-23.6846487" lon="132.8223545"></trkpt>
    <trkpt lat="-23.6846635" lon="132.8222942"></trkpt>
    <trkpt lat="-23.6846513" lon="132.8222001"></trkpt>
    <trkpt lat="-23.6846098" lon="132.8221706"></trkpt>
    <trkpt lat="-23.6845676" lon="132.8221139"></trkpt>
    <trkpt lat="-23.6845298" lon="132.8220419"></trkpt>
    <trkpt lat="-23.6844461" lon="132.8219127"></trkpt>
    <trkpt lat="-23.6844385" lon="132.8218308"></trkpt>
    <trkpt lat="-23.6843776" lon="132.8217411"></trkpt>
    <trkpt lat="-23.6843192" lon="132.8216974"></trkpt>
    <trkpt lat="-23.6843023" lon="132.8216749"></trkpt>
    <trkpt lat="-23.6842770" lon="132.8216584"></trkpt>
    <trkpt lat="-23.6842648" lon="132.8216592"></trkpt>
    <trkpt lat="-23.6842478" lon="132.8216773"></trkpt>
    <trkpt lat="-23.6841887" lon="132.8217092"></trkpt>
    <trkpt lat="-23.6841494" lon="132.8216005"></trkpt>
    <trkpt lat="-23.6841364" lon="132.8215899"></trkpt>
    <trkpt lat="-23.6841148" lon="132.8215513"></trkpt>
    <trkpt lat="-23.6840816" lon="132.8214395"></trkpt>
    <trkpt lat="-23.6840881" lon="132.8214041"></trkpt>
    <trkpt lat="-23.6840618" lon="132.8213309"></trkpt>
    <trkpt lat="-23.6840477" lon="132.8213289"></trkpt>
    <trkpt lat="-23.6840034" lon="132.8212950"></trkpt>
    <trkpt lat="-23.6839414" lon="132.8212840"></trkpt>
    <trkpt lat="-23.6838628" lon="132.8212584"></trkpt>
    <trkpt lat="-23.6838004" lon="132.8212210"></trkpt>
    <trkpt lat="-23.6837946" lon="132.8212348"></trkpt>
    <trkpt lat="-23.6837979" lon="132.8212411"></trkpt>
    <trkpt lat="-23.6838076" lon="132.8213557"></trkpt>
    <trkpt lat="-23.6838087" lon="132.8214139"></trkpt>
    <trkpt lat="-23.6838386" lon="132.8215309"></trkpt>
    <trkpt lat="-23.6838047" lon="132.8216749"></trkpt>
    <trkpt lat="-23.6837355" lon="132.8217446"></trkpt>
    <trkpt lat="-23.6836998" lon="132.8217537"></trkpt>
    <trkpt lat="-23.6836980" lon="132.8217738"></trkpt>
    <trkpt lat="-23.6836385" lon="132.8217777"></trkpt>
    <trkpt lat="-23.6835484" lon="132.8217368"></trkpt>
    <trkpt lat="-23.6834860" lon="132.8216753"></trkpt>
    <trkpt lat="-23.6834644" lon="132.8216793"></trkpt>
    <trkpt lat="-23.6834435" lon="132.8216962"></trkpt>
    <trkpt lat="-23.6834272" lon="132.8216769"></trkpt>
    <trkpt lat="-23.6833703" lon="132.8216167"></trkpt>
    <trkpt lat="-23.6833281" lon="132.8216064"></trkpt>
    <trkpt lat="-23.6833039" lon="132.8215474"></trkpt>
    <trkpt lat="-23.6832931" lon="132.8214860"></trkpt>
    <trkpt lat="-23.6832772" lon="132.8214722"></trkpt>
    <trkpt lat="-23.6832509" lon="132.8214686"></trkpt>
    <trkpt lat="-23.6832217" lon="132.8214305"></trkpt>
    <trkpt lat="-23.6831846" lon="132.8214049"></trkpt>
    <trkpt lat="-23.6831536" lon="132.8213486"></trkpt>
    <trkpt lat="-23.6831453" lon="132.8213411"></trkpt>
    <trkpt lat="-23.6831218" lon="132.8213513"></trkpt>
    <trkpt lat="-23.6830898" lon="132.8213372"></trkpt>
    <trkpt lat="-23.6830447" lon="132.8212919"></trkpt>
    <trkpt lat="-23.6830011" lon="132.8212379"></trkpt>
    <trkpt lat="-23.6829892" lon="132.8212175"></trkpt>
    <trkpt lat="-23.6829661" lon="132.8212226"></trkpt>
    <trkpt lat="-23.6829217" lon="132.8212253"></trkpt>
    <trkpt lat="-23.6828861" lon="132.8211659"></trkpt>
    <trkpt lat="-23.6828406" lon="132.8211584"></trkpt>
    <trkpt lat="-23.6828212" lon="132.8211470"></trkpt>
    <trkpt lat="-23.6828028" lon="132.8211277"></trkpt>
    <trkpt lat="-23.6827898" lon="132.8211277"></trkpt>
    <trkpt lat="-23.6827743" lon="132.8211179"></trkpt>
    <trkpt lat="-23.6827361" lon="132.8211218"></trkpt>
    <trkpt lat="-23.6827440" lon="132.8211643"></trkpt>
    <trkpt lat="-23.6827566" lon="132.8211836"></trkpt>
    <trkpt lat="-23.6827649" lon="132.8212057"></trkpt>
    <trkpt lat="-23.6827671" lon="132.8212785"></trkpt>
    <trkpt lat="-23.6827761" lon="132.8213498"></trkpt>
    <trkpt lat="-23.6827721" lon="132.8214907"></trkpt>
    <trkpt lat="-23.6827537" lon="132.8215242"></trkpt>
    <trkpt lat="-23.6827509" lon="132.8215868"></trkpt>
    <trkpt lat="-23.6827054" lon="132.8215872"></trkpt>
    <trkpt lat="-23.6826809" lon="132.8215427"></trkpt>
    <trkpt lat="-23.6826625" lon="132.8215312"></trkpt>
    <trkpt lat="-23.6826283" lon="132.8214647"></trkpt>
    <trkpt lat="-23.6825962" lon="132.8213891"></trkpt>
    <trkpt lat="-23.6825551" lon="132.8213438"></trkpt>
    <trkpt lat="-23.6825381" lon="132.8213470"></trkpt>
    <trkpt lat="-23.6825064" lon="132.8213080"></trkpt>
    <trkpt lat="-23.6824303" lon="132.8212541"></trkpt>
    <trkpt lat="-23.6824080" lon="132.8212238"></trkpt>
    <trkpt lat="-23.6823900" lon="132.8212135"></trkpt>
    <trkpt lat="-23.6823615" lon="132.8212037"></trkpt>
    <trkpt lat="-23.6823330" lon="132.8212076"></trkpt>
    <trkpt lat="-23.6823204" lon="132.8212057"></trkpt>
    <trkpt lat="-23.6823175" lon="132.8212112"></trkpt>
    <trkpt lat="-23.6823449" lon="132.8212277"></trkpt>
    <trkpt lat="-23.6823485" lon="132.8212509"></trkpt>
    <trkpt lat="-23.6823604" lon="132.8212852"></trkpt>
    <trkpt lat="-23.6823589" lon="132.8213316"></trkpt>
    <trkpt lat="-23.6823232" lon="132.8213435"></trkpt>
    <trkpt lat="-23.6823225" lon="132.8213498"></trkpt>
    <trkpt lat="-23.6822984" lon="132.8213482"></trkpt>
    <trkpt lat="-23.6822472" lon="132.8213320"></trkpt>
    <trkpt lat="-23.6822443" lon="132.8213246"></trkpt>
    <trkpt lat="-23.6822017" lon="132.8213135"></trkpt>
    <trkpt lat="-23.6822403" lon="132.8214159"></trkpt>
    <trkpt lat="-23.6822100" lon="132.8214328"></trkpt>
    <trkpt lat="-23.6822270" lon="132.8214372"></trkpt>
    <trkpt lat="-23.6822367" lon="132.8214765"></trkpt>
    <trkpt lat="-23.6822068" lon="132.8215057"></trkpt>
    <trkpt lat="-23.6821570" lon="132.8214887"></trkpt>
    <trkpt lat="-23.6821253" lon="132.8214722"></trkpt>
    <trkpt lat="-23.6821049" lon="132.8215273"></trkpt>
    <trkpt lat="-23.6820545" lon="132.8215269"></trkpt>
    <trkpt lat="-23.6820018" lon="132.8215387"></trkpt>
    <trkpt lat="-23.6819355" lon="132.8215202"></trkpt>
    <trkpt lat="-23.6818738" lon="132.8215368"></trkpt>
    <trkpt lat="-23.6818677" lon="132.8215580"></trkpt>
    <trkpt lat="-23.6818262" lon="132.8215868"></trkpt>
    <trkpt lat="-23.6818187" lon="132.8216942"></trkpt>
    <trkpt lat="-23.6817808" lon="132.8217612"></trkpt>
    <trkpt lat="-23.6817513" lon="132.8217387"></trkpt>
    <trkpt lat="-23.6817051" lon="132.8217175"></trkpt>
    <trkpt lat="-23.6816925" lon="132.8217226"></trkpt>
    <trkpt lat="-23.6816435" lon="132.8216360"></trkpt>
    <trkpt lat="-23.6815807" lon="132.8215769"></trkpt>
    <trkpt lat="-23.6815566" lon="132.8215757"></trkpt>
    <trkpt lat="-23.6815537" lon="132.8215820"></trkpt>
    <trkpt lat="-23.6815144" lon="132.8215679"></trkpt>
    <trkpt lat="-23.6814394" lon="132.8215273"></trkpt>
    <trkpt lat="-23.6814199" lon="132.8215608"></trkpt>
    <trkpt lat="-23.6814289" lon="132.8216261"></trkpt>
    <trkpt lat="-23.6814217" lon="132.8216769"></trkpt>
    <trkpt lat="-23.6814261" lon="132.8217143"></trkpt>
    <trkpt lat="-23.6814206" lon="132.8218123"></trkpt>
    <trkpt lat="-23.6814228" lon="132.8218734"></trkpt>
    <trkpt lat="-23.6813936" lon="132.8219926"></trkpt>
    <trkpt lat="-23.6813943" lon="132.8220749"></trkpt>
    <trkpt lat="-23.6813601" lon="132.8221115"></trkpt>
    <trkpt lat="-23.6813330" lon="132.8221108"></trkpt>
    <trkpt lat="-23.6812753" lon="132.8220828"></trkpt>
    <trkpt lat="-23.6812332" lon="132.8220442"></trkpt>
    <trkpt lat="-23.6812022" lon="132.8220604"></trkpt>
    <trkpt lat="-23.6810994" lon="132.8219718"></trkpt>
    <trkpt lat="-23.6810911" lon="132.8219635"></trkpt>
    <trkpt lat="-23.6810662" lon="132.8219222"></trkpt>
    <trkpt lat="-23.6810096" lon="132.8218808"></trkpt>
    <trkpt lat="-23.6809617" lon="132.8218312"></trkpt>
    <trkpt lat="-23.6809195" lon="132.8218064"></trkpt>
    <trkpt lat="-23.6808712" lon="132.8217466"></trkpt>
    <trkpt lat="-23.6808353" lon="132.8217580"></trkpt>
    <trkpt lat="-23.6808396" lon="132.8217643"></trkpt>
    <trkpt lat="-23.6808425" lon="132.8218116"></trkpt>
    <trkpt lat="-23.6808263" lon="132.8218352"></trkpt>
    <trkpt lat="-23.6808432" lon="132.8218966"></trkpt>
    <trkpt lat="-23.6808267" lon="132.8219804"></trkpt>
    <trkpt lat="-23.6808227" lon="132.8220525"></trkpt>
    <trkpt lat="-23.6807982" lon="132.8220982"></trkpt>
    <trkpt lat="-23.6807740" lon="132.8221737"></trkpt>
    <trkpt lat="-23.6807329" lon="132.8222474"></trkpt>
    <trkpt lat="-23.6807199" lon="132.8223021"></trkpt>
    <trkpt lat="-23.6806814" lon="132.8223592"></trkpt>
    <trkpt lat="-23.6806749" lon="132.8223820"></trkpt>
    <trkpt lat="-23.6806623" lon="132.8224454"></trkpt>
    <trkpt lat="-23.6806594" lon="132.8224493"></trkpt>
    <trkpt lat="-23.6806219" lon="132.8224564"></trkpt>
    <trkpt lat="-23.6805595" lon="132.8224210"></trkpt>
    <trkpt lat="-23.6804957" lon="132.8223655"></trkpt>
    <trkpt lat="-23.6804769" lon="132.8223639"></trkpt>
    <trkpt lat="-23.6804290" lon="132.8223166"></trkpt>
    <trkpt lat="-23.6803652" lon="132.8222639"></trkpt>
    <trkpt lat="-23.6803028" lon="132.8222312"></trkpt>
    <trkpt lat="-23.6802386" lon="132.8222072"></trkpt>
    <trkpt lat="-23.6801791" lon="132.8221411"></trkpt>
    <trkpt lat="-23.6801146" lon="132.8220643"></trkpt>
    <trkpt lat="-23.6800811" lon="132.8220682"></trkpt>
    <trkpt lat="-23.6800580" lon="132.8220627"></trkpt>
    <trkpt lat="-23.6800410" lon="132.8220509"></trkpt>
    <trkpt lat="-23.6799945" lon="132.8219737"></trkpt>
    <trkpt lat="-23.6799430" lon="132.8219190"></trkpt>
    <trkpt lat="-23.6798900" lon="132.8219178"></trkpt>
    <trkpt lat="-23.6798453" lon="132.8218572"></trkpt>
    <trkpt lat="-23.6798254" lon="132.8218399"></trkpt>
    <trkpt lat="-23.6797541" lon="132.8218092"></trkpt>
    <trkpt lat="-23.6796758" lon="132.8217954"></trkpt>
    <trkpt lat="-23.6796023" lon="132.8217364"></trkpt>
    <trkpt lat="-23.6795417" lon="132.8217478"></trkpt>
    <trkpt lat="-23.6795222" lon="132.8217427"></trkpt>
    <trkpt lat="-23.6795165" lon="132.8217411"></trkpt>
    <trkpt lat="-23.6794184" lon="132.8216112"></trkpt>
    <trkpt lat="-23.6793315" lon="132.8216541"></trkpt>
    <trkpt lat="-23.6793037" lon="132.8215891"></trkpt>
    <trkpt lat="-23.6792410" lon="132.8215505"></trkpt>
    <trkpt lat="-23.6791664" lon="132.8215242"></trkpt>
    <trkpt lat="-23.6791455" lon="132.8215159"></trkpt>
    <trkpt lat="-23.6791271" lon="132.8215395"></trkpt>
    <trkpt lat="-23.6791552" lon="132.8217832"></trkpt>
    <trkpt lat="-23.6791487" lon="132.8218934"></trkpt>
    <trkpt lat="-23.6791494" lon="132.8220249"></trkpt>
    <trkpt lat="-23.6792042" lon="132.8220859"></trkpt>
    <trkpt lat="-23.6791978" lon="132.8221655"></trkpt>
    <trkpt lat="-23.6791833" lon="132.8222592"></trkpt>
    <trkpt lat="-23.6791891" lon="132.8223914"></trkpt>
    <trkpt lat="-23.6791581" lon="132.8224336"></trkpt>
    <trkpt lat="-23.6791617" lon="132.8224481"></trkpt>
    <trkpt lat="-23.6791155" lon="132.8224434"></trkpt>
    <trkpt lat="-23.6790730" lon="132.8224013"></trkpt>
    <trkpt lat="-23.6790333" lon="132.8224076"></trkpt>
    <trkpt lat="-23.6789807" lon="132.8223722"></trkpt>
    <trkpt lat="-23.6789284" lon="132.8223477"></trkpt>
    <trkpt lat="-23.6788852" lon="132.8223245"></trkpt>
    <trkpt lat="-23.6788770" lon="132.8223116"></trkpt>
    <trkpt lat="-23.6788682" lon="132.8222978"></trkpt>
    <trkpt lat="-23.6788927" lon="132.8222970"></trkpt>
    <trkpt lat="-23.6788350" lon="132.8222029"></trkpt>
    <trkpt lat="-23.6788253" lon="132.8221324"></trkpt>
    <trkpt lat="-23.6787918" lon="132.8220332"></trkpt>
    <trkpt lat="-23.6787474" lon="132.8219454"></trkpt>
    <trkpt lat="-23.6787074" lon="132.8218493"></trkpt>
    <trkpt lat="-23.6786523" lon="132.8217537"></trkpt>
    <trkpt lat="-23.6786184" lon="132.8216490"></trkpt>
    <trkpt lat="-23.6785556" lon="132.8215584"></trkpt>
    <trkpt lat="-23.6784896" lon="132.8214427"></trkpt>
    <trkpt lat="-23.6784017" lon="132.8211702"></trkpt>
    <trkpt lat="-23.6783761" lon="132.8210671"></trkpt>
    <trkpt lat="-23.6783710" lon="132.8209498"></trkpt>
    <trkpt lat="-23.6783588" lon="132.8208994"></trkpt>
    <trkpt lat="-23.6783606" lon="132.8208750"></trkpt>
    <trkpt lat="-23.6783288" lon="132.8207191"></trkpt>
    <trkpt lat="-23.6782924" lon="132.8205892"></trkpt>
    <trkpt lat="-23.6782243" lon="132.8204179"></trkpt>
    <trkpt lat="-23.6782167" lon="132.8203927"></trkpt>
    <trkpt lat="-23.6782167" lon="132.8203707"></trkpt>
    <trkpt lat="-23.6781450" lon="132.8202368"></trkpt>
    <trkpt lat="-23.6781168" lon="132.8202033"></trkpt>
    <trkpt lat="-23.6780260" lon="132.8201156"></trkpt>
    <trkpt lat="-23.6780116" lon="132.8200829"></trkpt>
    <trkpt lat="-23.6780033" lon="132.8200573"></trkpt>
    <trkpt lat="-23.6779304" lon="132.8200333"></trkpt>
    <trkpt lat="-23.6778677" lon="132.8199423"></trkpt>
    <trkpt lat="-23.6778475" lon="132.8198616"></trkpt>
    <trkpt lat="-23.6778061" lon="132.8197357"></trkpt>
    <trkpt lat="-23.6777617" lon="132.8196628"></trkpt>
    <trkpt lat="-23.6777430" lon="132.8196014"></trkpt>
    <trkpt lat="-23.6776882" lon="132.8195278"></trkpt>
    <trkpt lat="-23.6776802" lon="132.8194983"></trkpt>
    <trkpt lat="-23.6776777" lon="132.8194561"></trkpt>
    <trkpt lat="-23.6776442" lon="132.8193853"></trkpt>
    <trkpt lat="-23.6775933" lon="132.8193306"></trkpt>
    <trkpt lat="-23.6775731" lon="132.8193148"></trkpt>
    <trkpt lat="-23.6775281" lon="132.8192963"></trkpt>
    <trkpt lat="-23.6774531" lon="132.8192632"></trkpt>
    <trkpt lat="-23.6774091" lon="132.8191876"></trkpt>
    <trkpt lat="-23.6774134" lon="132.8191601"></trkpt>
    <trkpt lat="-23.6773247" lon="132.8191187"></trkpt>
    <trkpt lat="-23.6772433" lon="132.8190392"></trkpt>
    <trkpt lat="-23.6771906" lon="132.8190416"></trkpt>
    <trkpt lat="-23.6771683" lon="132.8189971"></trkpt>
    <trkpt lat="-23.6771254" lon="132.8189892"></trkpt>
    <trkpt lat="-23.6771113" lon="132.8189325"></trkpt>
    <trkpt lat="-23.6770785" lon="132.8188530"></trkpt>
    <trkpt lat="-23.6770392" lon="132.8187810"></trkpt>
    <trkpt lat="-23.6769869" lon="132.8186948"></trkpt>
    <trkpt lat="-23.6769148" lon="132.8186522"></trkpt>
    <trkpt lat="-23.6769101" lon="132.8186420"></trkpt>
    <trkpt lat="-23.6768607" lon="132.8185432"></trkpt>
    <trkpt lat="-23.6768499" lon="132.8184377"></trkpt>
    <trkpt lat="-23.6768171" lon="132.8183452"></trkpt>
    <trkpt lat="-23.6768236" lon="132.8183373"></trkpt>
    <trkpt lat="-23.6768055" lon="132.8182889"></trkpt>
    <trkpt lat="-23.6767197" lon="132.8182511"></trkpt>
    <trkpt lat="-23.6766469" lon="132.8180637"></trkpt>
    <trkpt lat="-23.6766058" lon="132.8179818"></trkpt>
    <trkpt lat="-23.6765881" lon="132.8179105"></trkpt>
    <trkpt lat="-23.6765063" lon="132.8178003"></trkpt>
    <trkpt lat="-23.6764053" lon="132.8176830"></trkpt>
    <trkpt lat="-23.6763300" lon="132.8176294"></trkpt>
    <trkpt lat="-23.6762723" lon="132.8175507"></trkpt>
    <trkpt lat="-23.6762554" lon="132.8174964"></trkpt>
    <trkpt lat="-23.6762499" lon="132.8174507"></trkpt>
    <trkpt lat="-23.6762132" lon="132.8173724"></trkpt>
    <trkpt lat="-23.6761847" lon="132.8172952"></trkpt>
    <trkpt lat="-23.6761548" lon="132.8172365"></trkpt>
    <trkpt lat="-23.6761266" lon="132.8171669"></trkpt>
    <trkpt lat="-23.6761007" lon="132.8170925"></trkpt>
    <trkpt lat="-23.6760978" lon="132.8170818"></trkpt>
    <trkpt lat="-23.6761165" lon="132.8170240"></trkpt>
    <trkpt lat="-23.6761097" lon="132.8169885"></trkpt>
    <trkpt lat="-23.6760927" lon="132.8169228"></trkpt>
    <trkpt lat="-23.6760643" lon="132.8168590"></trkpt>
    <trkpt lat="-23.6760708" lon="132.8167736"></trkpt>
    <trkpt lat="-23.6760441" lon="132.8166870"></trkpt>
    <trkpt lat="-23.6760527" lon="132.8166535"></trkpt>
    <trkpt lat="-23.6760051" lon="132.8166106"></trkpt>
    <trkpt lat="-23.6759669" lon="132.8165401"></trkpt>
    <trkpt lat="-23.6760109" lon="132.8165248"></trkpt>
    <trkpt lat="-23.6760271" lon="132.8164519"></trkpt>
    <trkpt lat="-23.6760196" lon="132.8163799"></trkpt>
    <trkpt lat="-23.6759968" lon="132.8162748"></trkpt>
    <trkpt lat="-23.6759485" lon="132.8162315"></trkpt>
    <trkpt lat="-23.6759208" lon="132.8162311"></trkpt>
    <trkpt lat="-23.6758624" lon="132.8161949"></trkpt>
    <trkpt lat="-23.6758487" lon="132.8161701"></trkpt>
    <trkpt lat="-23.6758032" lon="132.8160736"></trkpt>
    <trkpt lat="-23.6757632" lon="132.8159268"></trkpt>
    <trkpt lat="-23.6756579" lon="132.8157961"></trkpt>
    <trkpt lat="-23.6756475" lon="132.8157913"></trkpt>
    <trkpt lat="-23.6756266" lon="132.8157492"></trkpt>
    <trkpt lat="-23.6756403" lon="132.8156701"></trkpt>
    <trkpt lat="-23.6756312" lon="132.8156567"></trkpt>
    <trkpt lat="-23.6755588" lon="132.8155752"></trkpt>
    <trkpt lat="-23.6755404" lon="132.8155622"></trkpt>
    <trkpt lat="-23.6755224" lon="132.8155181"></trkpt>
    <trkpt lat="-23.6754521" lon="132.8154039"></trkpt>
    <trkpt lat="-23.6753731" lon="132.8153362"></trkpt>
    <trkpt lat="-23.6753042" lon="132.8152185"></trkpt>
    <trkpt lat="-23.6752155" lon="132.8152358"></trkpt>
    <trkpt lat="-23.6751813" lon="132.8151721"></trkpt>
    <trkpt lat="-23.6751351" lon="132.8151536"></trkpt>
    <trkpt lat="-23.6750911" lon="132.8150768"></trkpt>
    <trkpt lat="-23.6750187" lon="132.8149925"></trkpt>
    <trkpt lat="-23.6749722" lon="132.8149701"></trkpt>
    <trkpt lat="-23.6749199" lon="132.8149205"></trkpt>
    <trkpt lat="-23.6747656" lon="132.8147426"></trkpt>
    <trkpt lat="-23.6746816" lon="132.8146756"></trkpt>
    <trkpt lat="-23.6746689" lon="132.8146445"></trkpt>
    <trkpt lat="-23.6746271" lon="132.8145276"></trkpt>
    <trkpt lat="-23.6745871" lon="132.8144414"></trkpt>
    <trkpt lat="-23.6745856" lon="132.8144237"></trkpt>
    <trkpt lat="-23.6746044" lon="132.8142815"></trkpt>
    <trkpt lat="-23.6746062" lon="132.8142623"></trkpt>
    <trkpt lat="-23.6746174" lon="132.8142434"></trkpt>
    <trkpt lat="-23.6746816" lon="132.8141784"></trkpt>
    <trkpt lat="-23.6747360" lon="132.8140493"></trkpt>
    <trkpt lat="-23.6747414" lon="132.8138993"></trkpt>
    <trkpt lat="-23.6747241" lon="132.8137910"></trkpt>
    <trkpt lat="-23.6746787" lon="132.8136776"></trkpt>
    <trkpt lat="-23.6746671" lon="132.8136438"></trkpt>
    <trkpt lat="-23.6746873" lon="132.8136383"></trkpt>
    <trkpt lat="-23.6746725" lon="132.8135568"></trkpt>
    <trkpt lat="-23.6746761" lon="132.8135501"></trkpt>
    <trkpt lat="-23.6746188" lon="132.8134150"></trkpt>
    <trkpt lat="-23.6746094" lon="132.8133635"></trkpt>
    <trkpt lat="-23.6745449" lon="132.8132796"></trkpt>
    <trkpt lat="-23.6744933" lon="132.8131887"></trkpt>
    <trkpt lat="-23.6744274" lon="132.8130615"></trkpt>
    <trkpt lat="-23.6743297" lon="132.8129918"></trkpt>
    <trkpt lat="-23.6742979" lon="132.8129792"></trkpt>
    <trkpt lat="-23.6741479" lon="132.8129013"></trkpt>
    <trkpt lat="-23.6740401" lon="132.8128800"></trkpt>
    <trkpt lat="-23.6738862" lon="132.8128017"></trkpt>
    <trkpt lat="-23.6737063" lon="132.8126710"></trkpt>
    <trkpt lat="-23.6736161" lon="132.8126029"></trkpt>
    <trkpt lat="-23.6735963" lon="132.8124915"></trkpt>
    <trkpt lat="-23.6737084" lon="132.8124186"></trkpt>
    <trkpt lat="-23.6736817" lon="132.8123619"></trkpt>
    <trkpt lat="-23.6736615" lon="132.8123466"></trkpt>
    <trkpt lat="-23.6736093" lon="132.8123289"></trkpt>
    <trkpt lat="-23.6735061" lon="132.8121549"></trkpt>
    <trkpt lat="-23.6734888" lon="132.8121021"></trkpt>
    <trkpt lat="-23.6733994" lon="132.8120415"></trkpt>
    <trkpt lat="-23.6734182" lon="132.8119360"></trkpt>
    <trkpt lat="-23.6733529" lon="132.8117946"></trkpt>
    <trkpt lat="-23.6733215" lon="132.8117163"></trkpt>
    <trkpt lat="-23.6732938" lon="132.8116923"></trkpt>
    <trkpt lat="-23.6732278" lon="132.8115541"></trkpt>
    <trkpt lat="-23.6731290" lon="132.8113746"></trkpt>
    <trkpt lat="-23.6731041" lon="132.8113411"></trkpt>
    <trkpt lat="-23.6730573" lon="132.8113214"></trkpt>
    <trkpt lat="-23.6730219" lon="132.8112915"></trkpt>
    <trkpt lat="-23.6729476" lon="132.8112187"></trkpt>
    <trkpt lat="-23.6729076" lon="132.8111844"></trkpt>
    <trkpt lat="-23.6728842" lon="132.8111459"></trkpt>
    <trkpt lat="-23.6728460" lon="132.8110187"></trkpt>
    <trkpt lat="-23.6728247" lon="132.8109585"></trkpt>
    <trkpt lat="-23.6727825" lon="132.8109069"></trkpt>
    <trkpt lat="-23.6726459" lon="132.8106750"></trkpt>
    <trkpt lat="-23.6725939" lon="132.8105341"></trkpt>
    <trkpt lat="-23.6725947" lon="132.8105112"></trkpt>
    <trkpt lat="-23.6726040" lon="132.8104904"></trkpt>
    <trkpt lat="-23.6726015" lon="132.8103601"></trkpt>
    <trkpt lat="-23.6725254" lon="132.8101916"></trkpt>
    <trkpt lat="-23.6724403" lon="132.8100931"></trkpt>
    <trkpt lat="-23.6723801" lon="132.8099939"></trkpt>
    <trkpt lat="-23.6723599" lon="132.8098892"></trkpt>
    <trkpt lat="-23.6723668" lon="132.8097916"></trkpt>
    <trkpt lat="-23.6723762" lon="132.8097077"></trkpt>
    <trkpt lat="-23.6723974" lon="132.8096432"></trkpt>
    <trkpt lat="-23.6724295" lon="132.8096109"></trkpt>
    <trkpt lat="-23.6724295" lon="132.8095857"></trkpt>
    <trkpt lat="-23.6723661" lon="132.8094711"></trkpt>
    <trkpt lat="-23.6723686" lon="132.8094550"></trkpt>
    <trkpt lat="-23.6722907" lon="132.8093345"></trkpt>
    <trkpt lat="-23.6722294" lon="132.8091932"></trkpt>
    <trkpt lat="-23.6721854" lon="132.8089680"></trkpt>
    <trkpt lat="-23.6721894" lon="132.8089160"></trkpt>
    <trkpt lat="-23.6721660" lon="132.8087771"></trkpt>
    <trkpt lat="-23.6720682" lon="132.8086983"></trkpt>
    <trkpt lat="-23.6719684" lon="132.8085826"></trkpt>
    <trkpt lat="-23.6719114" lon="132.8084306"></trkpt>
    <trkpt lat="-23.6718036" lon="132.8083385"></trkpt>
    <trkpt lat="-23.6717830" lon="132.8082940"></trkpt>
    <trkpt lat="-23.6717135" lon="132.8082153"></trkpt>
    <trkpt lat="-23.6716500" lon="132.8081810"></trkpt>
    <trkpt lat="-23.6716197" lon="132.8080775"></trkpt>
    <trkpt lat="-23.6715519" lon="132.8079476"></trkpt>
    <trkpt lat="-23.6715242" lon="132.8078405"></trkpt>
    <trkpt lat="-23.6715389" lon="132.8077480"></trkpt>
    <trkpt lat="-23.6715462" lon="132.8077239"></trkpt>
    <trkpt lat="-23.6715570" lon="132.8076637"></trkpt>
    <trkpt lat="-23.6715617" lon="132.8074897"></trkpt>
    <trkpt lat="-23.6715288" lon="132.8073807"></trkpt>
    <trkpt lat="-23.6714769" lon="132.8072657"></trkpt>
    <trkpt lat="-23.6714690" lon="132.8072488"></trkpt>
    <trkpt lat="-23.6713597" lon="132.8070767"></trkpt>
    <trkpt lat="-23.6712602" lon="132.8068590"></trkpt>
    <trkpt lat="-23.6711128" lon="132.8066299"></trkpt>
    <trkpt lat="-23.6710522" lon="132.8064264"></trkpt>
    <trkpt lat="-23.6709408" lon="132.8062531"></trkpt>
    <trkpt lat="-23.6708863" lon="132.8060764"></trkpt>
    <trkpt lat="-23.6708178" lon="132.8058693"></trkpt>
    <trkpt lat="-23.6707381" lon="132.8057374"></trkpt>
    <trkpt lat="-23.6706548" lon="132.8055666"></trkpt>
    <trkpt lat="-23.6705366" lon="132.8053925"></trkpt>
    <trkpt lat="-23.6704612" lon="132.8053162"></trkpt>
    <trkpt lat="-23.6704486" lon="132.8052772"></trkpt>
    <trkpt lat="-23.6704234" lon="132.8052363"></trkpt>
    <trkpt lat="-23.6704183" lon="132.8051099"></trkpt>
    <trkpt lat="-23.6702993" lon="132.8049209"></trkpt>
    <trkpt lat="-23.6702864" lon="132.8048831"></trkpt>
    <trkpt lat="-23.6701987" lon="132.8047268"></trkpt>
    <trkpt lat="-23.6701656" lon="132.8046709"></trkpt>
    <trkpt lat="-23.6701533" lon="132.8046028"></trkpt>
    <trkpt lat="-23.6701209" lon="132.8045213"></trkpt>
    <trkpt lat="-23.6700924" lon="132.8044812"></trkpt>
    <trkpt lat="-23.6700221" lon="132.8043654"></trkpt>
    <trkpt lat="-23.6699251" lon="132.8042245"></trkpt>
    <trkpt lat="-23.6697844" lon="132.8039698"></trkpt>
    <trkpt lat="-23.6697152" lon="132.8038473"></trkpt>
    <trkpt lat="-23.6696326" lon="132.8036469"></trkpt>
    <trkpt lat="-23.6695295" lon="132.8035194"></trkpt>
    <trkpt lat="-23.6694729" lon="132.8034064"></trkpt>
    <trkpt lat="-23.6694592" lon="132.8033359"></trkpt>
    <trkpt lat="-23.6693651" lon="132.8031643"></trkpt>
    <trkpt lat="-23.6692854" lon="132.8029895"></trkpt>
    <trkpt lat="-23.6691041" lon="132.8026978"></trkpt>
    <trkpt lat="-23.6690164" lon="132.8025159"></trkpt>
    <trkpt lat="-23.6689494" lon="132.8024305"></trkpt>
    <trkpt lat="-23.6689277" lon="132.8023942"></trkpt>
    <trkpt lat="-23.6688783" lon="132.8023021"></trkpt>
    <trkpt lat="-23.6687893" lon="132.8021163"></trkpt>
    <trkpt lat="-23.6686440" lon="132.8018510"></trkpt>
    <trkpt lat="-23.6684951" lon="132.8016352"></trkpt>
    <trkpt lat="-23.6683663" lon="132.8014238"></trkpt>
    <trkpt lat="-23.6683541" lon="132.8014144"></trkpt>
    <trkpt lat="-23.6683126" lon="132.8013667"></trkpt>
    <trkpt lat="-23.6681705" lon="132.8011097"></trkpt>
    <trkpt lat="-23.6680991" lon="132.8008742"></trkpt>
    <trkpt lat="-23.6680443" lon="132.8007872"></trkpt>
    <trkpt lat="-23.6679466" lon="132.8005727"></trkpt>
    <trkpt lat="-23.6677923" lon="132.8003530"></trkpt>
    <trkpt lat="-23.6677732" lon="132.8003365"></trkpt>
    <trkpt lat="-23.6675507" lon="132.8001054"></trkpt>
    <trkpt lat="-23.6675331" lon="132.8000892"></trkpt>
    <trkpt lat="-23.6674898" lon="132.8000589"></trkpt>
    <trkpt lat="-23.6674472" lon="132.8000046"></trkpt>
    <trkpt lat="-23.6673477" lon="132.7999593"></trkpt>
    <trkpt lat="-23.6672367" lon="132.7998920"></trkpt>
    <trkpt lat="-23.6671115" lon="132.7998333"></trkpt>
    <trkpt lat="-23.6669143" lon="132.7997109"></trkpt>
    <trkpt lat="-23.6668097" lon="132.7996085"></trkpt>
    <trkpt lat="-23.6667091" lon="132.7995448"></trkpt>
    <trkpt lat="-23.6666266" lon="132.7994715"></trkpt>
    <trkpt lat="-23.6665768" lon="132.7994412"></trkpt>
    <trkpt lat="-23.6665397" lon="132.7994223"></trkpt>
    <trkpt lat="-23.6664813" lon="132.7993294"></trkpt>
    <trkpt lat="-23.6664203" lon="132.7991759"></trkpt>
    <trkpt lat="-23.6663940" lon="132.7991361"></trkpt>
    <trkpt lat="-23.6662451" lon="132.7989593"></trkpt>
    <trkpt lat="-23.6661539" lon="132.7988381"></trkpt>
    <trkpt lat="-23.6660597" lon="132.7987393"></trkpt>
    <trkpt lat="-23.6660507" lon="132.7987361"></trkpt>
    <trkpt lat="-23.6660259" lon="132.7987019"></trkpt>
    <trkpt lat="-23.6660129" lon="132.7986314"></trkpt>
    <trkpt lat="-23.6660143" lon="132.7985960"></trkpt>
    <trkpt lat="-23.6659847" lon="132.7985775"></trkpt>
    <trkpt lat="-23.6659747" lon="132.7984972"></trkpt>
    <trkpt lat="-23.6659393" lon="132.7984389"></trkpt>
    <trkpt lat="-23.6659310" lon="132.7984330"></trkpt>
    <trkpt lat="-23.6659112" lon="132.7983830"></trkpt>
    <trkpt lat="-23.6658957" lon="132.7983255"></trkpt>
    <trkpt lat="-23.6658293" lon="132.7982413"></trkpt>
    <trkpt lat="-23.6657731" lon="132.7981964"></trkpt>
    <trkpt lat="-23.6657067" lon="132.7981566"></trkpt>
    <trkpt lat="-23.6656837" lon="132.7981381"></trkpt>
    <trkpt lat="-23.6656325" lon="132.7980799"></trkpt>
    <trkpt lat="-23.6655989" lon="132.7980448"></trkpt>
    <trkpt lat="-23.6655942" lon="132.7979968"></trkpt>
    <trkpt lat="-23.6655535" lon="132.7979558"></trkpt>
    <trkpt lat="-23.6655156" lon="132.7978795"></trkpt>
    <trkpt lat="-23.6655012" lon="132.7978637"></trkpt>
    <trkpt lat="-23.6655027" lon="132.7978184"></trkpt>
    <trkpt lat="-23.6654684" lon="132.7977267"></trkpt>
    <trkpt lat="-23.6653797" lon="132.7975441"></trkpt>
    <trkpt lat="-23.6652910" lon="132.7974039"></trkpt>
    <trkpt lat="-23.6651936" lon="132.7973311"></trkpt>
    <trkpt lat="-23.6651345" lon="132.7972708"></trkpt>
    <trkpt lat="-23.6650988" lon="132.7972626"></trkpt>
    <trkpt lat="-23.6649730" lon="132.7972008"></trkpt>
    <trkpt lat="-23.6648605" lon="132.7971374"></trkpt>
    <trkpt lat="-23.6647563" lon="132.7970732"></trkpt>
    <trkpt lat="-23.6646737" lon="132.7970149"></trkpt>
    <trkpt lat="-23.6645745" lon="132.7969504"></trkpt>
    <trkpt lat="-23.6645183" lon="132.7968693"></trkpt>
    <trkpt lat="-23.6644271" lon="132.7967709"></trkpt>
    <trkpt lat="-23.6643347" lon="132.7966933"></trkpt>
    <trkpt lat="-23.6642807" lon="132.7966874"></trkpt>
    <trkpt lat="-23.6642161" lon="132.7965941"></trkpt>
    <trkpt lat="-23.6641270" lon="132.7964929"></trkpt>
    <trkpt lat="-23.6640701" lon="132.7964402"></trkpt>
    <trkpt lat="-23.6639832" lon="132.7963465"></trkpt>
    <trkpt lat="-23.6639374" lon="132.7962539"></trkpt>
    <trkpt lat="-23.6639460" lon="132.7962394"></trkpt>
    <trkpt lat="-23.6639633" lon="132.7961347"></trkpt>
    <trkpt lat="-23.6639291" lon="132.7960083"></trkpt>
    <trkpt lat="-23.6639276" lon="132.7959756"></trkpt>
    <trkpt lat="-23.6639042" lon="132.7958587"></trkpt>
    <trkpt lat="-23.6639179" lon="132.7957567"></trkpt>
    <trkpt lat="-23.6638761" lon="132.7956158"></trkpt>
    <trkpt lat="-23.6638364" lon="132.7954579"></trkpt>
    <trkpt lat="-23.6638682" lon="132.7954300"></trkpt>
    <trkpt lat="-23.6638833" lon="132.7954477"></trkpt>
    <trkpt lat="-23.6639316" lon="132.7954134"></trkpt>
    <trkpt lat="-23.6640776" lon="132.7954426"></trkpt>
    <trkpt lat="-23.6641032" lon="132.7954060"></trkpt>
    <trkpt lat="-23.6641007" lon="132.7952579"></trkpt>
    <trkpt lat="-23.6641069" lon="132.7951245"></trkpt>
    <trkpt lat="-23.6640881" lon="132.7950327"></trkpt>
    <trkpt lat="-23.6640776" lon="132.7949241"></trkpt>
    <trkpt lat="-23.6641025" lon="132.7948461"></trkpt>
    <trkpt lat="-23.6641188" lon="132.7948316"></trkpt>
    <trkpt lat="-23.6641815" lon="132.7948217"></trkpt>
    <trkpt lat="-23.6642280" lon="132.7948186"></trkpt>
    <trkpt lat="-23.6642522" lon="132.7947827"></trkpt>
    <trkpt lat="-23.6642201" lon="132.7946828"></trkpt>
    <trkpt lat="-23.6641764" lon="132.7945674"></trkpt>
    <trkpt lat="-23.6641696" lon="132.7945324"></trkpt>
    <trkpt lat="-23.6641653" lon="132.7945269"></trkpt>
    <trkpt lat="-23.6641534" lon="132.7944686"></trkpt>
    <trkpt lat="-23.6641682" lon="132.7944458"></trkpt>
    <trkpt lat="-23.6641920" lon="132.7944446"></trkpt>
    <trkpt lat="-23.6642864" lon="132.7944316"></trkpt>
    <trkpt lat="-23.6643052" lon="132.7944261"></trkpt>
    <trkpt lat="-23.6643430" lon="132.7944454"></trkpt>
    <trkpt lat="-23.6643719" lon="132.7944489"></trkpt>
    <trkpt lat="-23.6644047" lon="132.7944186"></trkpt>
    <trkpt lat="-23.6644069" lon="132.7943465"></trkpt>
    <trkpt lat="-23.6644137" lon="132.7943450"></trkpt>
    <trkpt lat="-23.6644566" lon="132.7943521"></trkpt>
    <trkpt lat="-23.6645446" lon="132.7943540"></trkpt>
    <trkpt lat="-23.6645385" lon="132.7943162"></trkpt>
    <trkpt lat="-23.6645428" lon="132.7942836"></trkpt>
    <trkpt lat="-23.6645226" lon="132.7942454"></trkpt>
    <trkpt lat="-23.6645035" lon="132.7941863"></trkpt>
    <trkpt lat="-23.6643823" lon="132.7939777"></trkpt>
    <trkpt lat="-23.6643456" lon="132.7938855"></trkpt>
    <trkpt lat="-23.6642983" lon="132.7938143"></trkpt>
    <trkpt lat="-23.6643045" lon="132.7938005"></trkpt>
    <trkpt lat="-23.6643221" lon="132.7937722"></trkpt>
    <trkpt lat="-23.6643668" lon="132.7937367"></trkpt>
    <trkpt lat="-23.6644462" lon="132.7936537"></trkpt>
    <trkpt lat="-23.6644588" lon="132.7936115"></trkpt>
    <trkpt lat="-23.6645204" lon="132.7935852"></trkpt>
    <trkpt lat="-23.6645727" lon="132.7935568"></trkpt>
    <trkpt lat="-23.6646055" lon="132.7935198"></trkpt>
    <trkpt lat="-23.6646394" lon="132.7934871"></trkpt>
    <trkpt lat="-23.6647072" lon="132.7934643"></trkpt>
    <trkpt lat="-23.6647357" lon="132.7934411"></trkpt>
    <trkpt lat="-23.6647509" lon="132.7934076"></trkpt>
    <trkpt lat="-23.6647948" lon="132.7933938"></trkpt>
    <trkpt lat="-23.6648273" lon="132.7933793"></trkpt>
    <trkpt lat="-23.6648248" lon="132.7933529"></trkpt>
    <trkpt lat="-23.6648522" lon="132.7933253"></trkpt>
    <trkpt lat="-23.6648763" lon="132.7932879"></trkpt>
    <trkpt lat="-23.6648875" lon="132.7932706"></trkpt>
    <trkpt lat="-23.6648561" lon="132.7932387"></trkpt>
    <trkpt lat="-23.6648583" lon="132.7931120"></trkpt>
    <trkpt lat="-23.6648875" lon="132.7930801"></trkpt>
    <trkpt lat="-23.6649448" lon="132.7931025"></trkpt>
    <trkpt lat="-23.6650152" lon="132.7931470"></trkpt>
    <trkpt lat="-23.6650548" lon="132.7931533"></trkpt>
    <trkpt lat="-23.6651464" lon="132.7931915"></trkpt>
    <trkpt lat="-23.6652340" lon="132.7932663"></trkpt>
    <trkpt lat="-23.6652773" lon="132.7932954"></trkpt>
    <trkpt lat="-23.6653159" lon="132.7933127"></trkpt>
    <trkpt lat="-23.6653278" lon="132.7932482"></trkpt>
    <trkpt lat="-23.6653094" lon="132.7931663"></trkpt>
    <trkpt lat="-23.6653382" lon="132.7930529"></trkpt>
    <trkpt lat="-23.6653289" lon="132.7929379"></trkpt>
    <trkpt lat="-23.6653505" lon="132.7928915"></trkpt>
    <trkpt lat="-23.6653956" lon="132.7928816"></trkpt>
    <trkpt lat="-23.6654053" lon="132.7928832"></trkpt>
    <trkpt lat="-23.6655376" lon="132.7929498"></trkpt>
    <trkpt lat="-23.6655798" lon="132.7929415"></trkpt>
    <trkpt lat="-23.6655798" lon="132.7929336"></trkpt>
    <trkpt lat="-23.6656101" lon="132.7928013"></trkpt>
    <trkpt lat="-23.6656370" lon="132.7925671"></trkpt>
    <trkpt lat="-23.6656586" lon="132.7924656"></trkpt>
    <trkpt lat="-23.6656633" lon="132.7924644"></trkpt>
    <trkpt lat="-23.6656402" lon="132.7924234"></trkpt>
    <trkpt lat="-23.6655865" lon="132.7923132"></trkpt>
    <trkpt lat="-23.6655865" lon="132.7922924"></trkpt>
    <trkpt lat="-23.6656107" lon="132.7922565"></trkpt>
    <trkpt lat="-23.6656222" lon="132.7921672"></trkpt>
    <trkpt lat="-23.6656344" lon="132.7921640"></trkpt>
    <trkpt lat="-23.6656979" lon="132.7920798"></trkpt>
    <trkpt lat="-23.6656993" lon="132.7920389"></trkpt>
    <trkpt lat="-23.6657174" lon="132.7920137"></trkpt>
    <trkpt lat="-23.6657491" lon="132.7919692"></trkpt>
    <trkpt lat="-23.6657988" lon="132.7919778"></trkpt>
    <trkpt lat="-23.6658241" lon="132.7919361"></trkpt>
    <trkpt lat="-23.6658825" lon="132.7919290"></trkpt>
    <trkpt lat="-23.6659012" lon="132.7918696"></trkpt>
    <trkpt lat="-23.6659568" lon="132.7917476"></trkpt>
    <trkpt lat="-23.6660483" lon="132.7916271"></trkpt>
    <trkpt lat="-23.6661028" lon="132.7915763"></trkpt>
    <trkpt lat="-23.6661468" lon="132.7915618"></trkpt>
    <trkpt lat="-23.6661590" lon="132.7915259"></trkpt>
    <trkpt lat="-23.6664175" lon="132.7913736"></trkpt>
    <trkpt lat="-23.6665012" lon="132.7912961"></trkpt>
    <trkpt lat="-23.6665477" lon="132.7912646"></trkpt>
    <trkpt lat="-23.6666468" lon="132.7911606"></trkpt>
    <trkpt lat="-23.6667121" lon="132.7910729"></trkpt>
    <trkpt lat="-23.6667611" lon="132.7910733"></trkpt>
    <trkpt lat="-23.6667662" lon="132.7910406"></trkpt>
    <trkpt lat="-23.6668372" lon="132.7909300"></trkpt>
    <trkpt lat="-23.6668476" lon="132.7908713"></trkpt>
    <trkpt lat="-23.6668498" lon="132.7906682"></trkpt>
    <trkpt lat="-23.6669082" lon="132.7906840"></trkpt>
    <trkpt lat="-23.6669324" lon="132.7906635"></trkpt>
    <trkpt lat="-23.6669742" lon="132.7906879"></trkpt>
    <trkpt lat="-23.6670156" lon="132.7906836"></trkpt>
    <trkpt lat="-23.6670481" lon="132.7906111"></trkpt>
    <trkpt lat="-23.6670787" lon="132.7904009"></trkpt>
    <trkpt lat="-23.6671079" lon="132.7903336"></trkpt>
    <trkpt lat="-23.6671097" lon="132.7903281"></trkpt>
    <trkpt lat="-23.6671029" lon="132.7903013"></trkpt>
    <trkpt lat="-23.6671249" lon="132.7901888"></trkpt>
    <trkpt lat="-23.6671339" lon="132.7901273"></trkpt>
    <trkpt lat="-23.6671707" lon="132.7901037"></trkpt>
    <trkpt lat="-23.6671685" lon="132.7900734"></trkpt>
    <trkpt lat="-23.6671801" lon="132.7900411"></trkpt>
    <trkpt lat="-23.6672020" lon="132.7900108"></trkpt>
    <trkpt lat="-23.6672179" lon="132.7899234"></trkpt>
    <trkpt lat="-23.6672460" lon="132.7898420"></trkpt>
    <trkpt lat="-23.6672637" lon="132.7897994"></trkpt>
    <trkpt lat="-23.6672940" lon="132.7897345"></trkpt>
    <trkpt lat="-23.6673513" lon="132.7896203"></trkpt>
    <trkpt lat="-23.6674137" lon="132.7895121"></trkpt>
    <trkpt lat="-23.6674454" lon="132.7893905"></trkpt>
    <trkpt lat="-23.6675200" lon="132.7893125"></trkpt>
    <trkpt lat="-23.6675236" lon="132.7892960"></trkpt>
    <trkpt lat="-23.6675262" lon="132.7892417"></trkpt>
    <trkpt lat="-23.6675020" lon="132.7891480"></trkpt>
    <trkpt lat="-23.6675171" lon="132.7890791"></trkpt>
    <trkpt lat="-23.6675287" lon="132.7890606"></trkpt>
    <trkpt lat="-23.6675438" lon="132.7890712"></trkpt>
    <trkpt lat="-23.6675842" lon="132.7890633"></trkpt>
    <trkpt lat="-23.6675947" lon="132.7890539"></trkpt>
    <trkpt lat="-23.6676159" lon="132.7890555"></trkpt>
    <trkpt lat="-23.6676862" lon="132.7890732"></trkpt>
    <trkpt lat="-23.6677479" lon="132.7890401"></trkpt>
    <trkpt lat="-23.6678131" lon="132.7890196"></trkpt>
    <trkpt lat="-23.6677930" lon="132.7889704"></trkpt>
    <trkpt lat="-23.6677825" lon="132.7889413"></trkpt>
    <trkpt lat="-23.6677764" lon="132.7888752"></trkpt>
    <trkpt lat="-23.6677025" lon="132.7888201"></trkpt>
    <trkpt lat="-23.6676293" lon="132.7887480"></trkpt>
    <trkpt lat="-23.6675907" lon="132.7886784"></trkpt>
    <trkpt lat="-23.6675582" lon="132.7886055"></trkpt>
    <trkpt lat="-23.6675683" lon="132.7885705"></trkpt>
    <trkpt lat="-23.6675792" lon="132.7885575"></trkpt>
    <trkpt lat="-23.6676660" lon="132.7884587"></trkpt>
    <trkpt lat="-23.6677428" lon="132.7883674"></trkpt>
    <trkpt lat="-23.6677450" lon="132.7883489"></trkpt>
    <trkpt lat="-23.6677226" lon="132.7882946"></trkpt>
    <trkpt lat="-23.6677126" lon="132.7882729"></trkpt>
    <trkpt lat="-23.6676520" lon="132.7881670"></trkpt>
    <trkpt lat="-23.6676513" lon="132.7881202"></trkpt>
    <trkpt lat="-23.6676639" lon="132.7879285"></trkpt>
    <trkpt lat="-23.6676722" lon="132.7878797"></trkpt>
    <trkpt lat="-23.6676181" lon="132.7877348"></trkpt>
    <trkpt lat="-23.6676293" lon="132.7876147"></trkpt>
    <trkpt lat="-23.6675456" lon="132.7873931"></trkpt>
    <trkpt lat="-23.6674901" lon="132.7872483"></trkpt>
    <trkpt lat="-23.6674739" lon="132.7872050"></trkpt>
    <trkpt lat="-23.6674461" lon="132.7871318"></trkpt>
    <trkpt lat="-23.6673080" lon="132.7868196"></trkpt>
    <trkpt lat="-23.6672940" lon="132.7867554"></trkpt>
    <trkpt lat="-23.6672136" lon="132.7866291"></trkpt>
    <trkpt lat="-23.6671465" lon="132.7864748"></trkpt>
    <trkpt lat="-23.6670481" lon="132.7863370"></trkpt>
    <trkpt lat="-23.6669803" lon="132.7862886"></trkpt>
    <trkpt lat="-23.6668913" lon="132.7863299"></trkpt>
    <trkpt lat="-23.6668723" lon="132.7863275"></trkpt>
    <trkpt lat="-23.6667660" lon="132.7863000"></trkpt>
    <trkpt lat="-23.6667588" lon="132.7862921"></trkpt>
    <trkpt lat="-23.6666859" lon="132.7861563"></trkpt>
    <trkpt lat="-23.6666773" lon="132.7861524"></trkpt>
    <trkpt lat="-23.6666326" lon="132.7860733"></trkpt>
    <trkpt lat="-23.6665489" lon="132.7859768"></trkpt>
    <trkpt lat="-23.6664090" lon="132.7858788"></trkpt>
    <trkpt lat="-23.6663741" lon="132.7857820"></trkpt>
    <trkpt lat="-23.6663456" lon="132.7856835"></trkpt>
    <trkpt lat="-23.6663211" lon="132.7856525"></trkpt>
    <trkpt lat="-23.6663146" lon="132.7856300"></trkpt>
    <trkpt lat="-23.6662843" lon="132.7856080"></trkpt>
    <trkpt lat="-23.6662023" lon="132.7855607"></trkpt>
    <trkpt lat="-23.6661796" lon="132.7855414"></trkpt>
    <trkpt lat="-23.6661251" lon="132.7854749"></trkpt>
    <trkpt lat="-23.6660491" lon="132.7854541"></trkpt>
    <trkpt lat="-23.6659632" lon="132.7854261"></trkpt>
    <trkpt lat="-23.6659524" lon="132.7854206"></trkpt>
    <trkpt lat="-23.6658338" lon="132.7854068"></trkpt>
    <trkpt lat="-23.6657437" lon="132.7853462"></trkpt>
    <trkpt lat="-23.6656586" lon="132.7852183"></trkpt>
    <trkpt lat="-23.6655786" lon="132.7850939"></trkpt>
    <trkpt lat="-23.6655328" lon="132.7849896"></trkpt>
    <trkpt lat="-23.6654679" lon="132.7848195"></trkpt>
    <trkpt lat="-23.6654491" lon="132.7847148"></trkpt>
    <trkpt lat="-23.6654715" lon="132.7846014"></trkpt>
    <trkpt lat="-23.6655234" lon="132.7844991"></trkpt>
    <trkpt lat="-23.6655576" lon="132.7844026"></trkpt>
    <trkpt lat="-23.6655598" lon="132.7843483"></trkpt>
    <trkpt lat="-23.6655703" lon="132.7842889"></trkpt>
    <trkpt lat="-23.6655735" lon="132.7841302"></trkpt>
    <trkpt lat="-23.6656110" lon="132.7839779"></trkpt>
    <trkpt lat="-23.6656608" lon="132.7838102"></trkpt>
    <trkpt lat="-23.6656853" lon="132.7836693"></trkpt>
    <trkpt lat="-23.6657300" lon="132.7835662"></trkpt>
    <trkpt lat="-23.6657321" lon="132.7834260"></trkpt>
    <trkpt lat="-23.6657311" lon="132.7834162"></trkpt>
    <trkpt lat="-23.6656928" lon="132.7832764"></trkpt>
    <trkpt lat="-23.6656460" lon="132.7831489"></trkpt>
    <trkpt lat="-23.6655584" lon="132.7829950"></trkpt>
    <trkpt lat="-23.6654538" lon="132.7828568"></trkpt>
    <trkpt lat="-23.6653312" lon="132.7825104"></trkpt>
    <trkpt lat="-23.6653287" lon="132.7824990"></trkpt>
    <trkpt lat="-23.6653244" lon="132.7823982"></trkpt>
    <trkpt lat="-23.6653511" lon="132.7823215"></trkpt>
    <trkpt lat="-23.6653269" lon="132.7822939"></trkpt>
    <trkpt lat="-23.6653550" lon="132.7823073"></trkpt>
    <trkpt lat="-23.6653608" lon="132.7822549"></trkpt>
    <trkpt lat="-23.6652930" lon="132.7820058"></trkpt>
    <trkpt lat="-23.6651178" lon="132.7816538"></trkpt>
    <trkpt lat="-23.6649783" lon="132.7815350"></trkpt>
    <trkpt lat="-23.6648120" lon="132.7813948"></trkpt>
    <trkpt lat="-23.6645849" lon="132.7813102"></trkpt>
    <trkpt lat="-23.6644288" lon="132.7812283"></trkpt>
    <trkpt lat="-23.6643199" lon="132.7810803"></trkpt>
    <trkpt lat="-23.6642586" lon="132.7810386"></trkpt>
    <trkpt lat="-23.6641887" lon="132.7808626"></trkpt>
    <trkpt lat="-23.6640520" lon="132.7807162"></trkpt>
    <trkpt lat="-23.6640423" lon="132.7806867"></trkpt>
    <trkpt lat="-23.6639745" lon="132.7806686"></trkpt>
    <trkpt lat="-23.6639291" lon="132.7805473"></trkpt>
    <trkpt lat="-23.6639010" lon="132.7804092"></trkpt>
    <trkpt lat="-23.6638718" lon="132.7803647"></trkpt>
    <trkpt lat="-23.6638404" lon="132.7803226"></trkpt>
    <trkpt lat="-23.6637744" lon="132.7802151"></trkpt>
    <trkpt lat="-23.6637416" lon="132.7800116"></trkpt>
    <trkpt lat="-23.6636886" lon="132.7799561"></trkpt>
    <trkpt lat="-23.6636381" lon="132.7799250"></trkpt>
    <trkpt lat="-23.6635292" lon="132.7799041"></trkpt>
    <trkpt lat="-23.6634892" lon="132.7798868"></trkpt>
    <trkpt lat="-23.6634449" lon="132.7798785"></trkpt>
    <trkpt lat="-23.6633789" lon="132.7798214"></trkpt>
    <trkpt lat="-23.6633436" lon="132.7797624"></trkpt>
    <trkpt lat="-23.6632174" lon="132.7796093"></trkpt>
    <trkpt lat="-23.6631204" lon="132.7795144"></trkpt>
    <trkpt lat="-23.6629300" lon="132.7794199"></trkpt>
    <trkpt lat="-23.6628828" lon="132.7793959"></trkpt>
    <trkpt lat="-23.6628132" lon="132.7793951"></trkpt>
    <trkpt lat="-23.6627562" lon="132.7793888"></trkpt>
    <trkpt lat="-23.6627249" lon="132.7793727"></trkpt>
    <trkpt lat="-23.6625471" lon="132.7793416"></trkpt>
    <trkpt lat="-23.6625064" lon="132.7793093"></trkpt>
    <trkpt lat="-23.6623791" lon="132.7791479"></trkpt>
    <trkpt lat="-23.6622428" lon="132.7790350"></trkpt>
    <trkpt lat="-23.6621451" lon="132.7789771"></trkpt>
    <trkpt lat="-23.6620474" lon="132.7788936"></trkpt>
    <trkpt lat="-23.6619894" lon="132.7788810"></trkpt>
    <trkpt lat="-23.6618650" lon="132.7788779"></trkpt>
    <trkpt lat="-23.6616912" lon="132.7789350"></trkpt>
    <trkpt lat="-23.6615823" lon="132.7789830"></trkpt>
    <trkpt lat="-23.6614709" lon="132.7790228"></trkpt>
    <trkpt lat="-23.6613155" lon="132.7790763"></trkpt>
    <trkpt lat="-23.6611219" lon="132.7790912"></trkpt>
    <trkpt lat="-23.6609787" lon="132.7790668"></trkpt>
    <trkpt lat="-23.6609221" lon="132.7790460"></trkpt>
    <trkpt lat="-23.6608673" lon="132.7790015"></trkpt>
    <trkpt lat="-23.6607574" lon="132.7789952"></trkpt>
    <trkpt lat="-23.6607116" lon="132.7790086"></trkpt>
    <trkpt lat="-23.6606103" lon="132.7789747"></trkpt>
    <trkpt lat="-23.6604714" lon="132.7789125"></trkpt>
    <trkpt lat="-23.6604091" lon="132.7789200"></trkpt>
    <trkpt lat="-23.6602364" lon="132.7788303"></trkpt>
    <trkpt lat="-23.6601030" lon="132.7788133"></trkpt>
    <trkpt lat="-23.6599169" lon="132.7787232"></trkpt>
    <trkpt lat="-23.6597565" lon="132.7786201"></trkpt>
    <trkpt lat="-23.6595881" lon="132.7785626"></trkpt>
    <trkpt lat="-23.6593094" lon="132.7784347"></trkpt>
    <trkpt lat="-23.6592045" lon="132.7783225"></trkpt>
    <trkpt lat="-23.6591652" lon="132.7782445"></trkpt>
    <trkpt lat="-23.6590509" lon="132.7781741"></trkpt>
    <trkpt lat="-23.6590184" lon="132.7781355"></trkpt>
    <trkpt lat="-23.6589867" lon="132.7779631"></trkpt>
    <trkpt lat="-23.6589113" lon="132.7779013"></trkpt>
    <trkpt lat="-23.6589002" lon="132.7778859"></trkpt>
    <trkpt lat="-23.6588547" lon="132.7778481"></trkpt>
    <trkpt lat="-23.6586856" lon="132.7777781"></trkpt>
    <trkpt lat="-23.6586216" lon="132.7777761"></trkpt>
    <trkpt lat="-23.6585717" lon="132.7777745"></trkpt>
    <trkpt lat="-23.6585201" lon="132.7777414"></trkpt>
    <trkpt lat="-23.6583824" lon="132.7776367"></trkpt>
    <trkpt lat="-23.6582804" lon="132.7776336"></trkpt>
    <trkpt lat="-23.6581167" lon="132.7776997"></trkpt>
    <trkpt lat="-23.6579506" lon="132.7776989"></trkpt>
    <trkpt lat="-23.6578569" lon="132.7777029"></trkpt>
    <trkpt lat="-23.6577231" lon="132.7776226"></trkpt>
    <trkpt lat="-23.6575869" lon="132.7774596"></trkpt>
    <trkpt lat="-23.6575284" lon="132.7773207"></trkpt>
    <trkpt lat="-23.6574664" lon="132.7772805"></trkpt>
    <trkpt lat="-23.6574268" lon="132.7772014"></trkpt>
    <trkpt lat="-23.6574005" lon="132.7770987"></trkpt>
    <trkpt lat="-23.6574048" lon="132.7770640"></trkpt>
    <trkpt lat="-23.6574239" lon="132.7769668"></trkpt>
    <trkpt lat="-23.6573356" lon="132.7768393"></trkpt>
    <trkpt lat="-23.6573175" lon="132.7767606"></trkpt>
    <trkpt lat="-23.6571477" lon="132.7766594"></trkpt>
    <trkpt lat="-23.6570616" lon="132.7766074"></trkpt>
    <trkpt lat="-23.6570053" lon="132.7765614"></trkpt>
    <trkpt lat="-23.6569556" lon="132.7764244"></trkpt>
    <trkpt lat="-23.6569274" lon="132.7763870"></trkpt>
    <trkpt lat="-23.6568005" lon="132.7762866"></trkpt>
    <trkpt lat="-23.6566805" lon="132.7762532"></trkpt>
    <trkpt lat="-23.6565633" lon="132.7761752"></trkpt>
    <trkpt lat="-23.6564995" lon="132.7760831"></trkpt>
    <trkpt lat="-23.6564605" lon="132.7759658"></trkpt>
    <trkpt lat="-23.6564263" lon="132.7757907"></trkpt>
    <trkpt lat="-23.6563589" lon="132.7756781"></trkpt>
    <trkpt lat="-23.6562954" lon="132.7754986"></trkpt>
    <trkpt lat="-23.6563495" lon="132.7752121"></trkpt>
    <trkpt lat="-23.6563571" lon="132.7751467"></trkpt>
    <trkpt lat="-23.6563437" lon="132.7749838"></trkpt>
    <trkpt lat="-23.6563156" lon="132.7748684"></trkpt>
    <trkpt lat="-23.6562857" lon="132.7746417"></trkpt>
    <trkpt lat="-23.6561919" lon="132.7743327"></trkpt>
    <trkpt lat="-23.6560989" lon="132.7741906"></trkpt>
    <trkpt lat="-23.6560315" lon="132.7740458"></trkpt>
    <trkpt lat="-23.6559269" lon="132.7739297"></trkpt>
    <trkpt lat="-23.6558858" lon="132.7739139"></trkpt>
    <trkpt lat="-23.6557784" lon="132.7737738"></trkpt>
    <trkpt lat="-23.6556778" lon="132.7736049"></trkpt>
    <trkpt lat="-23.6555516" lon="132.7734554"></trkpt>
    <trkpt lat="-23.6555271" lon="132.7734495"></trkpt>
    <trkpt lat="-23.6555019" lon="132.7733003"></trkpt>
    <trkpt lat="-23.6554903" lon="132.7731956"></trkpt>
    <trkpt lat="-23.6554806" lon="132.7731582"></trkpt>
    <trkpt lat="-23.6553735" lon="132.7730562"></trkpt>
    <trkpt lat="-23.6553021" lon="132.7730039"></trkpt>
    <trkpt lat="-23.6552520" lon="132.7728449"></trkpt>
    <trkpt lat="-23.6551738" lon="132.7726784"></trkpt>
    <trkpt lat="-23.6551020" lon="132.7725142"></trkpt>
    <trkpt lat="-23.6550061" lon="132.7723902"></trkpt>
    <trkpt lat="-23.6549470" lon="132.7723418"></trkpt>
    <trkpt lat="-23.6549037" lon="132.7723202"></trkpt>
    <trkpt lat="-23.6548716" lon="132.7723296"></trkpt>
    <trkpt lat="-23.6548449" lon="132.7723304"></trkpt>
    <trkpt lat="-23.6545807" lon="132.7722206"></trkpt>
    <trkpt lat="-23.6545104" lon="132.7721505"></trkpt>
    <trkpt lat="-23.6544837" lon="132.7721088"></trkpt>
    <trkpt lat="-23.6544757" lon="132.7721139"></trkpt>
    <trkpt lat="-23.6543654" lon="132.7720643"></trkpt>
    <trkpt lat="-23.6542068" lon="132.7721179"></trkpt>
    <trkpt lat="-23.6540471" lon="132.7722411"></trkpt>
    <trkpt lat="-23.6538837" lon="132.7722568"></trkpt>
    <trkpt lat="-23.6537222" lon="132.7722879"></trkpt>
    <trkpt lat="-23.6536753" lon="132.7723198"></trkpt>
    <trkpt lat="-23.6535729" lon="132.7722844"></trkpt>
    <trkpt lat="-23.6533898" lon="132.7722686"></trkpt>
    <trkpt lat="-23.6533292" lon="132.7721710"></trkpt>
    <trkpt lat="-23.6532657" lon="132.7720061"></trkpt>
    <trkpt lat="-23.6532409" lon="132.7718872"></trkpt>
    <trkpt lat="-23.6530660" lon="132.7717947"></trkpt>
    <trkpt lat="-23.6530422" lon="132.7717801"></trkpt>
    <trkpt lat="-23.6530281" lon="132.7717687"></trkpt>
    <trkpt lat="-23.6530368" lon="132.7717309"></trkpt>
    <trkpt lat="-23.6530346" lon="132.7717219"></trkpt>
    <trkpt lat="-23.6530451" lon="132.7716636"></trkpt>
    <trkpt lat="-23.6530296" lon="132.7716239"></trkpt>
    <trkpt lat="-23.6530036" lon="132.7715865"></trkpt>
    <trkpt lat="-23.6529896" lon="132.7715412"></trkpt>
    <trkpt lat="-23.6529726" lon="132.7715223"></trkpt>
    <trkpt lat="-23.6529517" lon="132.7714526"></trkpt>
    <trkpt lat="-23.6529160" lon="132.7713546"></trkpt>
    <trkpt lat="-23.6528641" lon="132.7713247"></trkpt>
    <trkpt lat="-23.6528313" lon="132.7711602"></trkpt>
    <trkpt lat="-23.6528497" lon="132.7709689"></trkpt>
    <trkpt lat="-23.6528457" lon="132.7707969"></trkpt>
    <trkpt lat="-23.6528122" lon="132.7706268"></trkpt>
    <trkpt lat="-23.6527689" lon="132.7705973"></trkpt>
    <trkpt lat="-23.6527530" lon="132.7704584"></trkpt>
    <trkpt lat="-23.6527722" lon="132.7702391"></trkpt>
    <trkpt lat="-23.6527667" lon="132.7700817"></trkpt>
    <trkpt lat="-23.6527552" lon="132.7700309"></trkpt>
    <trkpt lat="-23.6527859" lon="132.7698250"></trkpt>
    <trkpt lat="-23.6526881" lon="132.7696940"></trkpt>
    <trkpt lat="-23.6526330" lon="132.7696924"></trkpt>
    <trkpt lat="-23.6526276" lon="132.7696778"></trkpt>
    <trkpt lat="-23.6525594" lon="132.7696444"></trkpt>
    <trkpt lat="-23.6524740" lon="132.7695460"></trkpt>
    <trkpt lat="-23.6524019" lon="132.7694444"></trkpt>
    <trkpt lat="-23.6524199" lon="132.7693330"></trkpt>
    <trkpt lat="-23.6523972" lon="132.7691720"></trkpt>
    <trkpt lat="-23.6523489" lon="132.7690890"></trkpt>
    <trkpt lat="-23.6523135" lon="132.7690661"></trkpt>
    <trkpt lat="-23.6522540" lon="132.7688851"></trkpt>
    <trkpt lat="-23.6522472" lon="132.7688733"></trkpt>
    <trkpt lat="-23.6522245" lon="132.7688032"></trkpt>
    <trkpt lat="-23.6521920" lon="132.7687760"></trkpt>
    <trkpt lat="-23.6521837" lon="132.7686717"></trkpt>
    <trkpt lat="-23.6521967" lon="132.7686131"></trkpt>
    <trkpt lat="-23.6521845" lon="132.7685454"></trkpt>
    <trkpt lat="-23.6521271" lon="132.7683466"></trkpt>
    <trkpt lat="-23.6521437" lon="132.7682781"></trkpt>
    <trkpt lat="-23.6521524" lon="132.7682663"></trkpt>
    <trkpt lat="-23.6522313" lon="132.7681892"></trkpt>
    <trkpt lat="-23.6522483" lon="132.7680585"></trkpt>
    <trkpt lat="-23.6522804" lon="132.7679191"></trkpt>
    <trkpt lat="-23.6522807" lon="132.7678152"></trkpt>
    <trkpt lat="-23.6523207" lon="132.7677802"></trkpt>
    <trkpt lat="-23.6523939" lon="132.7676326"></trkpt>
    <trkpt lat="-23.6523918" lon="132.7675712"></trkpt>
    <trkpt lat="-23.6524314" lon="132.7674681"></trkpt>
    <trkpt lat="-23.6524368" lon="132.7674236"></trkpt>
    <trkpt lat="-23.6524174" lon="132.7673063"></trkpt>
    <trkpt lat="-23.6524019" lon="132.7672339"></trkpt>
    <trkpt lat="-23.6523983" lon="132.7671740"></trkpt>
    <trkpt lat="-23.6524347" lon="132.7670792"></trkpt>
    <trkpt lat="-23.6524816" lon="132.7669351"></trkpt>
    <trkpt lat="-23.6525072" lon="132.7669028"></trkpt>
    <trkpt lat="-23.6525569" lon="132.7668060"></trkpt>
    <trkpt lat="-23.6525392" lon="132.7666320"></trkpt>
    <trkpt lat="-23.6525014" lon="132.7664427"></trkpt>
    <trkpt lat="-23.6524661" lon="132.7662671"></trkpt>
    <trkpt lat="-23.6524444" lon="132.7662022"></trkpt>
    <trkpt lat="-23.6524816" lon="132.7661128"></trkpt>
    <trkpt lat="-23.6525241" lon="132.7659507"></trkpt>
    <trkpt lat="-23.6524799" lon="132.7657184"></trkpt>
    <trkpt lat="-23.6523988" lon="132.7657003"></trkpt>
    <trkpt lat="-23.6522838" lon="132.7656200"></trkpt>
    <trkpt lat="-23.6521490" lon="132.7655311"></trkpt>
    <trkpt lat="-23.6520765" lon="132.7655327"></trkpt>
    <trkpt lat="-23.6520354" lon="132.7655197"></trkpt>
    <trkpt lat="-23.6518721" lon="132.7655771"></trkpt>
    <trkpt lat="-23.6518061" lon="132.7655539"></trkpt>
    <trkpt lat="-23.6516987" lon="132.7655551"></trkpt>
    <trkpt lat="-23.6515836" lon="132.7654563"></trkpt>
    <trkpt lat="-23.6515397" lon="132.7654252"></trkpt>
    <trkpt lat="-23.6515025" lon="132.7653815"></trkpt>
    <trkpt lat="-23.6514228" lon="132.7653374"></trkpt>
    <trkpt lat="-23.6513547" lon="132.7652788"></trkpt>
    <trkpt lat="-23.6512671" lon="132.7652383"></trkpt>
    <trkpt lat="-23.6511669" lon="132.7651280"></trkpt>
    <trkpt lat="-23.6511030" lon="132.7649887"></trkpt>
    <trkpt lat="-23.6509985" lon="132.7648805"></trkpt>
    <trkpt lat="-23.6509358" lon="132.7647435"></trkpt>
    <trkpt lat="-23.6509343" lon="132.7646652"></trkpt>
    <trkpt lat="-23.6509545" lon="132.7645373"></trkpt>
    <trkpt lat="-23.6510050" lon="132.7644664"></trkpt>
    <trkpt lat="-23.6509444" lon="132.7643357"></trkpt>
    <trkpt lat="-23.6509127" lon="132.7642519"></trkpt>
    <trkpt lat="-23.6509282" lon="132.7641661"></trkpt>
    <trkpt lat="-23.6508972" lon="132.7640303"></trkpt>
    <trkpt lat="-23.6508957" lon="132.7639295"></trkpt>
    <trkpt lat="-23.6508269" lon="132.7637312"></trkpt>
    <trkpt lat="-23.6507609" lon="132.7635761"></trkpt>
    <trkpt lat="-23.6507533" lon="132.7635733"></trkpt>
    <trkpt lat="-23.6506816" lon="132.7635485"></trkpt>
    <trkpt lat="-23.6505979" lon="132.7635080"></trkpt>
    <trkpt lat="-23.6505428" lon="132.7635068"></trkpt>
    <trkpt lat="-23.6504883" lon="132.7634340"></trkpt>
    <trkpt lat="-23.6504011" lon="132.7633635"></trkpt>
    <trkpt lat="-23.6503939" lon="132.7633537"></trkpt>
    <trkpt lat="-23.6503185" lon="132.7631955"></trkpt>
    <trkpt lat="-23.6502911" lon="132.7631597"></trkpt>
    <trkpt lat="-23.6501595" lon="132.7628570"></trkpt>
    <trkpt lat="-23.6501512" lon="132.7627102"></trkpt>
    <trkpt lat="-23.6501076" lon="132.7625889"></trkpt>
    <trkpt lat="-23.6500030" lon="132.7625169"></trkpt>
    <trkpt lat="-23.6499836" lon="132.7624980"></trkpt>
    <trkpt lat="-23.6499421" lon="132.7624252"></trkpt>
    <trkpt lat="-23.6499226" lon="132.7624079"></trkpt>
    <trkpt lat="-23.6498970" lon="132.7623547"></trkpt>
    <trkpt lat="-23.6498518" lon="132.7623115"></trkpt>
    <trkpt lat="-23.6497361" lon="132.7621721"></trkpt>
    <trkpt lat="-23.6496971" lon="132.7621367"></trkpt>
    <trkpt lat="-23.6494649" lon="132.7620273"></trkpt>
    <trkpt lat="-23.6494292" lon="132.7619615"></trkpt>
    <trkpt lat="-23.6494231" lon="132.7619560"></trkpt>
    <trkpt lat="-23.6493961" lon="132.7619450"></trkpt>
    <trkpt lat="-23.6493795" lon="132.7618994"></trkpt>
    <trkpt lat="-23.6493514" lon="132.7617651"></trkpt>
    <trkpt lat="-23.6493214" lon="132.7616825"></trkpt>
    <trkpt lat="-23.6492580" lon="132.7616120"></trkpt>
    <trkpt lat="-23.6492234" lon="132.7615892"></trkpt>
    <trkpt lat="-23.6491812" lon="132.7614707"></trkpt>
    <trkpt lat="-23.6491751" lon="132.7614601"></trkpt>
    <trkpt lat="-23.6490831" lon="132.7613869"></trkpt>
    <trkpt lat="-23.6490564" lon="132.7613739"></trkpt>
    <trkpt lat="-23.6490308" lon="132.7613440"></trkpt>
    <trkpt lat="-23.6490016" lon="132.7612165"></trkpt>
    <trkpt lat="-23.6490730" lon="132.7610185"></trkpt>
    <trkpt lat="-23.6490730" lon="132.7609008"></trkpt>
    <trkpt lat="-23.6490673" lon="132.7608768"></trkpt>
    <trkpt lat="-23.6489869" lon="132.7607646"></trkpt>
    <trkpt lat="-23.6488657" lon="132.7606588"></trkpt>
    <trkpt lat="-23.6487529" lon="132.7605907"></trkpt>
    <trkpt lat="-23.6487013" lon="132.7605800"></trkpt>
    <trkpt lat="-23.6486923" lon="132.7605792"></trkpt>
    <trkpt lat="-23.6487060" lon="132.7605722"></trkpt>
    <trkpt lat="-23.6486815" lon="132.7604734"></trkpt>
    <trkpt lat="-23.6486909" lon="132.7604612"></trkpt>
    <trkpt lat="-23.6486973" lon="132.7604072"></trkpt>
    <trkpt lat="-23.6487273" lon="132.7602868"></trkpt>
    <trkpt lat="-23.6487485" lon="132.7602337"></trkpt>
    <trkpt lat="-23.6487850" lon="132.7601640"></trkpt>
    <trkpt lat="-23.6487900" lon="132.7600345"></trkpt>
    <trkpt lat="-23.6486919" lon="132.7600062"></trkpt>
    <trkpt lat="-23.6486274" lon="132.7599975"></trkpt>
    <trkpt lat="-23.6486447" lon="132.7599507"></trkpt>
    <trkpt lat="-23.6486393" lon="132.7598527"></trkpt>
    <trkpt lat="-23.6486386" lon="132.7598011"></trkpt>
    <trkpt lat="-23.6486328" lon="132.7597724"></trkpt>
    <trkpt lat="-23.6486133" lon="132.7597661"></trkpt>
    <trkpt lat="-23.6485751" lon="132.7597366"></trkpt>
    <trkpt lat="-23.6485780" lon="132.7597011"></trkpt>
    <trkpt lat="-23.6485542" lon="132.7596047"></trkpt>
    <trkpt lat="-23.6485268" lon="132.7594477"></trkpt>
    <trkpt lat="-23.6485174" lon="132.7594095"></trkpt>
    <trkpt lat="-23.6484670" lon="132.7593040"></trkpt>
    <trkpt lat="-23.6483736" lon="132.7591655"></trkpt>
    <trkpt lat="-23.6483563" lon="132.7591513"></trkpt>
    <trkpt lat="-23.6483314" lon="132.7590545"></trkpt>
    <trkpt lat="-23.6482514" lon="132.7589584"></trkpt>
    <trkpt lat="-23.6481922" lon="132.7588522"></trkpt>
    <trkpt lat="-23.6481760" lon="132.7588352"></trkpt>
    <trkpt lat="-23.6481641" lon="132.7587896"></trkpt>
    <trkpt lat="-23.6481493" lon="132.7587817"></trkpt>
    <trkpt lat="-23.6481169" lon="132.7587301"></trkpt>
    <trkpt lat="-23.6480992" lon="132.7586892"></trkpt>
    <trkpt lat="-23.6480653" lon="132.7585652"></trkpt>
    <trkpt lat="-23.6480559" lon="132.7585428"></trkpt>
    <trkpt lat="-23.6480080" lon="132.7584231"></trkpt>
    <trkpt lat="-23.6479892" lon="132.7583519"></trkpt>
    <trkpt lat="-23.6479240" lon="132.7581087"></trkpt>
    <trkpt lat="-23.6478811" lon="132.7579410"></trkpt>
    <trkpt lat="-23.6478353" lon="132.7578028"></trkpt>
    <trkpt lat="-23.6478158" lon="132.7577796"></trkpt>
    <trkpt lat="-23.6477549" lon="132.7576816"></trkpt>
    <trkpt lat="-23.6476471" lon="132.7575824"></trkpt>
    <trkpt lat="-23.6475717" lon="132.7575301"></trkpt>
    <trkpt lat="-23.6474993" lon="132.7574675"></trkpt>
    <trkpt lat="-23.6475104" lon="132.7574187"></trkpt>
    <trkpt lat="-23.6475285" lon="132.7573667"></trkpt>
    <trkpt lat="-23.6475256" lon="132.7571806"></trkpt>
    <trkpt lat="-23.6475898" lon="132.7569834"></trkpt>
    <trkpt lat="-23.6475930" lon="132.7569720"></trkpt>
    <trkpt lat="-23.6476085" lon="132.7569405"></trkpt>
    <trkpt lat="-23.6476345" lon="132.7567736"></trkpt>
    <trkpt lat="-23.6476334" lon="132.7567039"></trkpt>
    <trkpt lat="-23.6475443" lon="132.7566264"></trkpt>
    <trkpt lat="-23.6475418" lon="132.7566177"></trkpt>
    <trkpt lat="-23.6475404" lon="132.7564634"></trkpt>
    <trkpt lat="-23.6475209" lon="132.7563898"></trkpt>
    <trkpt lat="-23.6475241" lon="132.7563812"></trkpt>
    <trkpt lat="-23.6475432" lon="132.7563721"></trkpt>
    <trkpt lat="-23.6475908" lon="132.7562733"></trkpt>
    <trkpt lat="-23.6476648" lon="132.7562348"></trkpt>
    <trkpt lat="-23.6476947" lon="132.7559604"></trkpt>
    <trkpt lat="-23.6476828" lon="132.7559104"></trkpt>
    <trkpt lat="-23.6476258" lon="132.7557857"></trkpt>
    <trkpt lat="-23.6475396" lon="132.7557022"></trkpt>
    <trkpt lat="-23.6474921" lon="132.7556062"></trkpt>
    <trkpt lat="-23.6474618" lon="132.7555137"></trkpt>
    <trkpt lat="-23.6474228" lon="132.7554082"></trkpt>
    <trkpt lat="-23.6473846" lon="132.7553189"></trkpt>
    <trkpt lat="-23.6473742" lon="132.7553181"></trkpt>
    <trkpt lat="-23.6472710" lon="132.7552583"></trkpt>
    <trkpt lat="-23.6472162" lon="132.7552047"></trkpt>
    <trkpt lat="-23.6471283" lon="132.7551882"></trkpt>
    <trkpt lat="-23.6471402" lon="132.7551587"></trkpt>
    <trkpt lat="-23.6471560" lon="132.7550874"></trkpt>
    <trkpt lat="-23.6471859" lon="132.7550599"></trkpt>
    <trkpt lat="-23.6472757" lon="132.7550414"></trkpt>
    <trkpt lat="-23.6472966" lon="132.7549729"></trkpt>
    <trkpt lat="-23.6472714" lon="132.7548659"></trkpt>
    <trkpt lat="-23.6472754" lon="132.7548387"></trkpt>
    <trkpt lat="-23.6472577" lon="132.7548300"></trkpt>
    <trkpt lat="-23.6472231" lon="132.7548210"></trkpt>
    <trkpt lat="-23.6471398" lon="132.7547942"></trkpt>
    <trkpt lat="-23.6470464" lon="132.7547612"></trkpt>
    <trkpt lat="-23.6470046" lon="132.7547383"></trkpt>
    <trkpt lat="-23.6469916" lon="132.7547167"></trkpt>
    <trkpt lat="-23.6469790" lon="132.7546557"></trkpt>
    <trkpt lat="-23.6469682" lon="132.7545655"></trkpt>
    <trkpt lat="-23.6469909" lon="132.7544770"></trkpt>
    <trkpt lat="-23.6469920" lon="132.7544309"></trkpt>
    <trkpt lat="-23.6469721" lon="132.7543436"></trkpt>
    <trkpt lat="-23.6469008" lon="132.7542774"></trkpt>
    <trkpt lat="-23.6468243" lon="132.7541645"></trkpt>
    <trkpt lat="-23.6468074" lon="132.7540920"></trkpt>
    <trkpt lat="-23.6468085" lon="132.7540314"></trkpt>
    <trkpt lat="-23.6468009" lon="132.7539783"></trkpt>
    <trkpt lat="-23.6467645" lon="132.7538834"></trkpt>
    <trkpt lat="-23.6467479" lon="132.7538476"></trkpt>
    <trkpt lat="-23.6467273" lon="132.7537634"></trkpt>
    <trkpt lat="-23.6466934" lon="132.7536587"></trkpt>
    <trkpt lat="-23.6467028" lon="132.7536587"></trkpt>
    <trkpt lat="-23.6466909" lon="132.7536272"></trkpt>
    <trkpt lat="-23.6466722" lon="132.7535316"></trkpt>
    <trkpt lat="-23.6466668" lon="132.7534021"></trkpt>
    <trkpt lat="-23.6466740" lon="132.7533509"></trkpt>
    <trkpt lat="-23.6466221" lon="132.7532352"></trkpt>
    <trkpt lat="-23.6466091" lon="132.7532147"></trkpt>
    <trkpt lat="-23.6465618" lon="132.7530963"></trkpt>
    <trkpt lat="-23.6465438" lon="132.7529813"></trkpt>
    <trkpt lat="-23.6465340" lon="132.7529262"></trkpt>
    <trkpt lat="-23.6465355" lon="132.7528995"></trkpt>
    <trkpt lat="-23.6465298" lon="132.7528916"></trkpt>
    <trkpt lat="-23.6465773" lon="132.7528605"></trkpt>
    <trkpt lat="-23.6465929" lon="132.7528570"></trkpt>
    <trkpt lat="-23.6466812" lon="132.7528144"></trkpt>
    <trkpt lat="-23.6467089" lon="132.7527708"></trkpt>
    <trkpt lat="-23.6467028" lon="132.7527369"></trkpt>
    <trkpt lat="-23.6467335" lon="132.7526826"></trkpt>
    <trkpt lat="-23.6467702" lon="132.7526562"></trkpt>
    <trkpt lat="-23.6468077" lon="132.7526432"></trkpt>
    <trkpt lat="-23.6468466" lon="132.7525703"></trkpt>
    <trkpt lat="-23.6468585" lon="132.7524849"></trkpt>
    <trkpt lat="-23.6467841" lon="132.7522389"></trkpt>
    <trkpt lat="-23.6467361" lon="132.7521601"></trkpt>
    <trkpt lat="-23.6466665" lon="132.7520985"></trkpt>
    <trkpt lat="-23.6467167" lon="132.7519465"></trkpt>
    <trkpt lat="-23.6467361" lon="132.7518307"></trkpt>
    <trkpt lat="-23.6467235" lon="132.7517705"></trkpt>
    <trkpt lat="-23.6467201" lon="132.7516808"></trkpt>
    <trkpt lat="-23.6467037" lon="132.7515902"></trkpt>
    <trkpt lat="-23.6466485" lon="132.7515190"></trkpt>
    <trkpt lat="-23.6466247" lon="132.7514509"></trkpt>
    <trkpt lat="-23.6466160" lon="132.7513974"></trkpt>
    <trkpt lat="-23.6465830" lon="132.7513023"></trkpt>
    <trkpt lat="-23.6464491" lon="132.7510754"></trkpt>
    <trkpt lat="-23.6463936" lon="132.7510089"></trkpt>
    <trkpt lat="-23.6462703" lon="132.7509227"></trkpt>
    <trkpt lat="-23.6462259" lon="132.7508824"></trkpt>
    <trkpt lat="-23.6459246" lon="132.7504416"></trkpt>
    <trkpt lat="-23.6458348" lon="132.7503518"></trkpt>
    <trkpt lat="-23.6457786" lon="132.7501941"></trkpt>
    <trkpt lat="-23.6457880" lon="132.7500874"></trkpt>
    <trkpt lat="-23.6457627" lon="132.7499801"></trkpt>
    <trkpt lat="-23.6457576" lon="132.7498805"></trkpt>
    <trkpt lat="-23.6457397" lon="132.7497095"></trkpt>
    <trkpt lat="-23.6456475" lon="132.7495651"></trkpt>
    <trkpt lat="-23.6456350" lon="132.7495027"></trkpt>
    <trkpt lat="-23.6456433" lon="132.7494432"></trkpt>
    <trkpt lat="-23.6456088" lon="132.7492617"></trkpt>
    <trkpt lat="-23.6454836" lon="132.7491158"></trkpt>
    <trkpt lat="-23.6453960" lon="132.7489745"></trkpt>
    <trkpt lat="-23.6452595" lon="132.7487758"></trkpt>
    <trkpt lat="-23.6452568" lon="132.7487490"></trkpt>
    <trkpt lat="-23.6452226" lon="132.7486442"></trkpt>
    <trkpt lat="-23.6452337" lon="132.7485597"></trkpt>
    <trkpt lat="-23.6452742" lon="132.7484721"></trkpt>
    <trkpt lat="-23.6452777" lon="132.7483487"></trkpt>
    <trkpt lat="-23.6452206" lon="132.7481930"></trkpt>
    <trkpt lat="-23.6452018" lon="132.7480772"></trkpt>
    <trkpt lat="-23.6451660" lon="132.7480429"></trkpt>
    <trkpt lat="-23.6451465" lon="132.7480393"></trkpt>
    <trkpt lat="-23.6451115" lon="132.7480602"></trkpt>
    <trkpt lat="-23.6450869" lon="132.7480682"></trkpt>
    <trkpt lat="-23.6449035" lon="132.7480689"></trkpt>
    <trkpt lat="-23.6448061" lon="132.7480240"></trkpt>
    <trkpt lat="-23.6447477" lon="132.7479457"></trkpt>
    <trkpt lat="-23.6446562" lon="132.7478617"></trkpt>
    <trkpt lat="-23.6446150" lon="132.7478447"></trkpt>
    <trkpt lat="-23.6445206" lon="132.7477792"></trkpt>
    <trkpt lat="-23.6444734" lon="132.7476871"></trkpt>
    <trkpt lat="-23.6444737" lon="132.7476202"></trkpt>
    <trkpt lat="-23.6444355" lon="132.7474592"></trkpt>
    <trkpt lat="-23.6443724" lon="132.7473167"></trkpt>
    <trkpt lat="-23.6442772" lon="132.7471176"></trkpt>
    <trkpt lat="-23.6442531" lon="132.7470943"></trkpt>
    <trkpt lat="-23.6441874" lon="132.7469597"></trkpt>
    <trkpt lat="-23.6441842" lon="132.7468818"></trkpt>
    <trkpt lat="-23.6441669" lon="132.7468003"></trkpt>
    <trkpt lat="-23.6440876" lon="132.7467204"></trkpt>
    <trkpt lat="-23.6440337" lon="132.7466909"></trkpt>
    <trkpt lat="-23.6439762" lon="132.7466096"></trkpt>
    <trkpt lat="-23.6439571" lon="132.7464345"></trkpt>
    <trkpt lat="-23.6439461" lon="132.7463961"></trkpt>
    <trkpt lat="-23.6439439" lon="132.7463584"></trkpt>
    <trkpt lat="-23.6439396" lon="132.7463387"></trkpt>
    <trkpt lat="-23.6438461" lon="132.7461848"></trkpt>
    <trkpt lat="-23.6438314" lon="132.7460333"></trkpt>
    <trkpt lat="-23.6438337" lon="132.7460033"></trkpt>
    <trkpt lat="-23.6438057" lon="132.7458327"></trkpt>
    <trkpt lat="-23.6438404" lon="132.7456975"></trkpt>
    <trkpt lat="-23.6438152" lon="132.7455464"></trkpt>
    <trkpt lat="-23.6438055" lon="132.7453945"></trkpt>
    <trkpt lat="-23.6437769" lon="132.7452211"></trkpt>
    <trkpt lat="-23.6437687" lon="132.7450824"></trkpt>
    <trkpt lat="-23.6435935" lon="132.7450175"></trkpt>
    <trkpt lat="-23.6435282" lon="132.7450415"></trkpt>
    <trkpt lat="-23.6434770" lon="132.7450241"></trkpt>
    <trkpt lat="-23.6434651" lon="132.7449576"></trkpt>
    <trkpt lat="-23.6434136" lon="132.7448187"></trkpt>
    <trkpt lat="-23.6433368" lon="132.7447431"></trkpt>
    <trkpt lat="-23.6433272" lon="132.7446342"></trkpt>
    <trkpt lat="-23.6431556" lon="132.7443695"></trkpt>
    <trkpt lat="-23.6430801" lon="132.7442941"></trkpt>
    <trkpt lat="-23.6429847" lon="132.7442329"></trkpt>
    <trkpt lat="-23.6429557" lon="132.7441394"></trkpt>
    <trkpt lat="-23.6429001" lon="132.7440099"></trkpt>
    <trkpt lat="-23.6428940" lon="132.7439705"></trkpt>
    <trkpt lat="-23.6429020" lon="132.7439363"></trkpt>
    <trkpt lat="-23.6428839" lon="132.7438519"></trkpt>
    <trkpt lat="-23.6428695" lon="132.7438289"></trkpt>
    <trkpt lat="-23.6428576" lon="132.7437686"></trkpt>
    <trkpt lat="-23.6428132" lon="132.7436445"></trkpt>
    <trkpt lat="-23.6427146" lon="132.7435336"></trkpt>
    <trkpt lat="-23.6426417" lon="132.7434101"></trkpt>
    <trkpt lat="-23.6425630" lon="132.7432386"></trkpt>
    <trkpt lat="-23.6425610" lon="132.7432122"></trkpt>
    <trkpt lat="-23.6425616" lon="132.7431433"></trkpt>
    <trkpt lat="-23.6425490" lon="132.7430933"></trkpt>
    <trkpt lat="-23.6424787" lon="132.7429047"></trkpt>
    <trkpt lat="-23.6424707" lon="132.7428406"></trkpt>
    <trkpt lat="-23.6424963" lon="132.7427674"></trkpt>
    <trkpt lat="-23.6425648" lon="132.7427367"></trkpt>
    <trkpt lat="-23.6427761" lon="132.7428713"></trkpt>
    <trkpt lat="-23.6427909" lon="132.7428752"></trkpt>
    <trkpt lat="-23.6428565" lon="132.7429099"></trkpt>
    <trkpt lat="-23.6429979" lon="132.7429591"></trkpt>
    <trkpt lat="-23.6430209" lon="132.7429606"></trkpt>
    <trkpt lat="-23.6430555" lon="132.7429772"></trkpt>
    <trkpt lat="-23.6430771" lon="132.7429760"></trkpt>
    <trkpt lat="-23.6431722" lon="132.7428423"></trkpt>
    <trkpt lat="-23.6432860" lon="132.7427972"></trkpt>
    <trkpt lat="-23.6433353" lon="132.7427658"></trkpt>
    <trkpt lat="-23.6433732" lon="132.7427184"></trkpt>
    <trkpt lat="-23.6433833" lon="132.7426875"></trkpt>
    <trkpt lat="-23.6433919" lon="132.7426237"></trkpt>
    <trkpt lat="-23.6434038" lon="132.7425974"></trkpt>
    <trkpt lat="-23.6433869" lon="132.7424018"></trkpt>
    <trkpt lat="-23.6434002" lon="132.7423628"></trkpt>
    <trkpt lat="-23.6433652" lon="132.7423203"></trkpt>
    <trkpt lat="-23.6432446" lon="132.7423158"></trkpt>
    <trkpt lat="-23.6431190" lon="132.7422156"></trkpt>
    <trkpt lat="-23.6430862" lon="132.7421991"></trkpt>
    <trkpt lat="-23.6430745" lon="132.7421805"></trkpt>
    <trkpt lat="-23.6430076" lon="132.7421414"></trkpt>
    <trkpt lat="-23.6429070" lon="132.7420613"></trkpt>
    <trkpt lat="-23.6427869" lon="132.7419231"></trkpt>
    <trkpt lat="-23.6426957" lon="132.7418240"></trkpt>
    <trkpt lat="-23.6426074" lon="132.7417630"></trkpt>
    <trkpt lat="-23.6425375" lon="132.7416005"></trkpt>
    <trkpt lat="-23.6425007" lon="132.7414820"></trkpt>
    <trkpt lat="-23.6424650" lon="132.7414399"></trkpt>
    <trkpt lat="-23.6424520" lon="132.7413301"></trkpt>
    <trkpt lat="-23.6424542" lon="132.7412986"></trkpt>
    <trkpt lat="-23.6423857" lon="132.7410731"></trkpt>
    <trkpt lat="-23.6423505" lon="132.7407069"></trkpt>
    <trkpt lat="-23.6423234" lon="132.7406093"></trkpt>
    <trkpt lat="-23.6422713" lon="132.7404881"></trkpt>
    <trkpt lat="-23.6422413" lon="132.7403813"></trkpt>
    <trkpt lat="-23.6423308" lon="132.7402291"></trkpt>
    <trkpt lat="-23.6423798" lon="132.7400698"></trkpt>
    <trkpt lat="-23.6424303" lon="132.7399883"></trkpt>
    <trkpt lat="-23.6424539" lon="132.7397566"></trkpt>
    <trkpt lat="-23.6424982" lon="132.7396329"></trkpt>
    <trkpt lat="-23.6425284" lon="132.7395990"></trkpt>
    <trkpt lat="-23.6426055" lon="132.7393194"></trkpt>
    <trkpt lat="-23.6426236" lon="132.7391921"></trkpt>
    <trkpt lat="-23.6426845" lon="132.7390638"></trkpt>
    <trkpt lat="-23.6427691" lon="132.7389698"></trkpt>
    <trkpt lat="-23.6428298" lon="132.7389319"></trkpt>
    <trkpt lat="-23.6428764" lon="132.7387966"></trkpt>
    <trkpt lat="-23.6428777" lon="132.7386231"></trkpt>
    <trkpt lat="-23.6427303" lon="132.7384729"></trkpt>
    <trkpt lat="-23.6424974" lon="132.7380591"></trkpt>
    <trkpt lat="-23.6424642" lon="132.7380326"></trkpt>
    <trkpt lat="-23.6423833" lon="132.7378768"></trkpt>
    <trkpt lat="-23.6423470" lon="132.7378323"></trkpt>
    <trkpt lat="-23.6423294" lon="132.7378260"></trkpt>
    <trkpt lat="-23.6422675" lon="132.7377223"></trkpt>
    <trkpt lat="-23.6422320" lon="132.7377280"></trkpt>
    <trkpt lat="-23.6421299" lon="132.7376126"></trkpt>
    <trkpt lat="-23.6420996" lon="132.7374900"></trkpt>
    <trkpt lat="-23.6421570" lon="132.7372878"></trkpt>
    <trkpt lat="-23.6421545" lon="132.7372644"></trkpt>
    <trkpt lat="-23.6421013" lon="132.7372498"></trkpt>
    <trkpt lat="-23.6420670" lon="132.7370916"></trkpt>
    <trkpt lat="-23.6420438" lon="132.7370263"></trkpt>
    <trkpt lat="-23.6420344" lon="132.7370229"></trkpt>
    <trkpt lat="-23.6419800" lon="132.7369440"></trkpt>
    <trkpt lat="-23.6419495" lon="132.7368388"></trkpt>
    <trkpt lat="-23.6418519" lon="132.7367171"></trkpt>
    <trkpt lat="-23.6417374" lon="132.7366992"></trkpt>
    <trkpt lat="-23.6416454" lon="132.7367480"></trkpt>
    <trkpt lat="-23.6416627" lon="132.7367512"></trkpt>
    <trkpt lat="-23.6416352" lon="132.7367649"></trkpt>
    <trkpt lat="-23.6415876" lon="132.7367519"></trkpt>
    <trkpt lat="-23.6415505" lon="132.7366117"></trkpt>
    <trkpt lat="-23.6415595" lon="132.7365664"></trkpt>
    <trkpt lat="-23.6416143" lon="132.7364364"></trkpt>
    <trkpt lat="-23.6416270" lon="132.7363863"></trkpt>
    <trkpt lat="-23.6416073" lon="132.7363195"></trkpt>
    <trkpt lat="-23.6416173" lon="132.7362090"></trkpt>
    <trkpt lat="-23.6416669" lon="132.7361061"></trkpt>
    <trkpt lat="-23.6417074" lon="132.7359266"></trkpt>
    <trkpt lat="-23.6417074" lon="132.7358839"></trkpt>
    <trkpt lat="-23.6417766" lon="132.7358295"></trkpt>
    <trkpt lat="-23.6417943" lon="132.7357161"></trkpt>
    <trkpt lat="-23.6417936" lon="132.7356559"></trkpt>
    <trkpt lat="-23.6416459" lon="132.7354793"></trkpt>
    <trkpt lat="-23.6415946" lon="132.7354402"></trkpt>
    <trkpt lat="-23.6414568" lon="132.7353739"></trkpt>
    <trkpt lat="-23.6413875" lon="132.7353638"></trkpt>
    <trkpt lat="-23.6413036" lon="132.7353241"></trkpt>
    <trkpt lat="-23.6412639" lon="132.7352819"></trkpt>
    <trkpt lat="-23.6411991" lon="132.7352572"></trkpt>
    <trkpt lat="-23.6411135" lon="132.7351667"></trkpt>
    <trkpt lat="-23.6411227" lon="132.7351332"></trkpt>
    <trkpt lat="-23.6410999" lon="132.7351060"></trkpt>
    <trkpt lat="-23.6410300" lon="132.7350864"></trkpt>
    <trkpt lat="-23.6408917" lon="132.7350119"></trkpt>
    <trkpt lat="-23.6407273" lon="132.7349575"></trkpt>
    <trkpt lat="-23.6406071" lon="132.7349337"></trkpt>
    <trkpt lat="-23.6405375" lon="132.7349140"></trkpt>
    <trkpt lat="-23.6404859" lon="132.7348774"></trkpt>
    <trkpt lat="-23.6404502" lon="132.7348731"></trkpt>
    <trkpt lat="-23.6403251" lon="132.7348168"></trkpt>
    <trkpt lat="-23.6401594" lon="132.7348493"></trkpt>
    <trkpt lat="-23.6399202" lon="132.7347673"></trkpt>
    <trkpt lat="-23.6397894" lon="132.7349179"></trkpt>
    <trkpt lat="-23.6397706" lon="132.7349305"></trkpt>
    <trkpt lat="-23.6396805" lon="132.7349707"></trkpt>
    <trkpt lat="-23.6396545" lon="132.7349573"></trkpt>
    <trkpt lat="-23.6395583" lon="132.7349171"></trkpt>
    <trkpt lat="-23.6393870" lon="132.7348013"></trkpt>
    <trkpt lat="-23.6392222" lon="132.7346908"></trkpt>
    <trkpt lat="-23.6390805" lon="132.7345767"></trkpt>
    <trkpt lat="-23.6390082" lon="132.7344907"></trkpt>
    <trkpt lat="-23.6389421" lon="132.7344740"></trkpt>
    <trkpt lat="-23.6388819" lon="132.7344311"></trkpt>
    <trkpt lat="-23.6388155" lon="132.7342646"></trkpt>
    <trkpt lat="-23.6387708" lon="132.7342036"></trkpt>
    <trkpt lat="-23.6387167" lon="132.7341721"></trkpt>
    <trkpt lat="-23.6386345" lon="132.7341434"></trkpt>
    <trkpt lat="-23.6385221" lon="132.7341154"></trkpt>
    <trkpt lat="-23.6383887" lon="132.7340533"></trkpt>
    <trkpt lat="-23.6382765" lon="132.7340206"></trkpt>
    <trkpt lat="-23.6382369" lon="132.7339789"></trkpt>
    <trkpt lat="-23.6380519" lon="132.7338905"></trkpt>
    <trkpt lat="-23.6380234" lon="132.7338639"></trkpt>
    <trkpt lat="-23.6378756" lon="132.7338226"></trkpt>
    <trkpt lat="-23.6377238" lon="132.7337258"></trkpt>
    <trkpt lat="-23.6375955" lon="132.7336636"></trkpt>
    <trkpt lat="-23.6374429" lon="132.7336546"></trkpt>
    <trkpt lat="-23.6374090" lon="132.7336294"></trkpt>
    <trkpt lat="-23.6373806" lon="132.7335751"></trkpt>
    <trkpt lat="-23.6373510" lon="132.7335416"></trkpt>
    <trkpt lat="-23.6373138" lon="132.7335236"></trkpt>
    <trkpt lat="-23.6372710" lon="132.7334928"></trkpt>
    <trkpt lat="-23.6371665" lon="132.7333968"></trkpt>
    <trkpt lat="-23.6371307" lon="132.7333067"></trkpt>
    <trkpt lat="-23.6369860" lon="132.7331967"></trkpt>
    <trkpt lat="-23.6369277" lon="132.7331815"></trkpt>
    <trkpt lat="-23.6369036" lon="132.7331764"></trkpt>
    <trkpt lat="-23.6368444" lon="132.7330901"></trkpt>
    <trkpt lat="-23.6368114" lon="132.7330710"></trkpt>
    <trkpt lat="-23.6367710" lon="132.7330260"></trkpt>
    <trkpt lat="-23.6367640" lon="132.7329418"></trkpt>
    <trkpt lat="-23.6367597" lon="132.7328988"></trkpt>
    <trkpt lat="-23.6367337" lon="132.7328544"></trkpt>
    <trkpt lat="-23.6367107" lon="132.7328367"></trkpt>
    <trkpt lat="-23.6365477" lon="132.7327718"></trkpt>
    <trkpt lat="-23.6364046" lon="132.7327320"></trkpt>
    <trkpt lat="-23.6363782" lon="132.7327151"></trkpt>
    <trkpt lat="-23.6363397" lon="132.7327120"></trkpt>
    <trkpt lat="-23.6361697" lon="132.7326666"></trkpt>
    <trkpt lat="-23.6361464" lon="132.7326521"></trkpt>
    <trkpt lat="-23.6359848" lon="132.7326041"></trkpt>
    <trkpt lat="-23.6358951" lon="132.7325624"></trkpt>
    <trkpt lat="-23.6358911" lon="132.7325431"></trkpt>
    <trkpt lat="-23.6356888" lon="132.7324466"></trkpt>
    <trkpt lat="-23.6356752" lon="132.7324487"></trkpt>
    <trkpt lat="-23.6356528" lon="132.7324317"></trkpt>
    <trkpt lat="-23.6355010" lon="132.7323322"></trkpt>
    <trkpt lat="-23.6353370" lon="132.7322631"></trkpt>
    <trkpt lat="-23.6352367" lon="132.7322113"></trkpt>
    <trkpt lat="-23.6351702" lon="132.7322461"></trkpt>
    <trkpt lat="-23.6350876" lon="132.7323259"></trkpt>
    <trkpt lat="-23.6350047" lon="132.7323664"></trkpt>
    <trkpt lat="-23.6350000" lon="132.7323821"></trkpt>
    <trkpt lat="-23.6349250" lon="132.7324125"></trkpt>
    <trkpt lat="-23.6349095" lon="132.7324128"></trkpt>
    <trkpt lat="-23.6347733" lon="132.7323916"></trkpt>
    <trkpt lat="-23.6346816" lon="132.7323817"></trkpt>
    <trkpt lat="-23.6346272" lon="132.7323660"></trkpt>
    <trkpt lat="-23.6345336" lon="132.7323542"></trkpt>
    <trkpt lat="-23.6344984" lon="132.7323308"></trkpt>
    <trkpt lat="-23.6343936" lon="132.7322728"></trkpt>
    <trkpt lat="-23.6343800" lon="132.7322791"></trkpt>
    <trkpt lat="-23.6343323" lon="132.7322500"></trkpt>
    <trkpt lat="-23.6342609" lon="132.7321720"></trkpt>
    <trkpt lat="-23.6342192" lon="132.7320954"></trkpt>
    <trkpt lat="-23.6341982" lon="132.7319681"></trkpt>
    <trkpt lat="-23.6341827" lon="132.7319193"></trkpt>
    <trkpt lat="-23.6341793" lon="132.7317514"></trkpt>
    <trkpt lat="-23.6341686" lon="132.7317151"></trkpt>
    <trkpt lat="-23.6341622" lon="132.7316203"></trkpt>
    <trkpt lat="-23.6341543" lon="132.7315438"></trkpt>
    <trkpt lat="-23.6341622" lon="132.7315422"></trkpt>
    <trkpt lat="-23.6341845" lon="132.7315050"></trkpt>
    <trkpt lat="-23.6341964" lon="132.7314853"></trkpt>
    <trkpt lat="-23.6342220" lon="132.7314585"></trkpt>
    <trkpt lat="-23.6342512" lon="132.7313947"></trkpt>
    <trkpt lat="-23.6342714" lon="132.7313694"></trkpt>
    <trkpt lat="-23.6342862" lon="132.7313192"></trkpt>
    <trkpt lat="-23.6342338" lon="132.7312414"></trkpt>
    <trkpt lat="-23.6341774" lon="132.7310694"></trkpt>
    <trkpt lat="-23.6341081" lon="132.7309139"></trkpt>
    <trkpt lat="-23.6340767" lon="132.7308634"></trkpt>
    <trkpt lat="-23.6340500" lon="132.7308087"></trkpt>
    <trkpt lat="-23.6340486" lon="132.7307981"></trkpt>
    <trkpt lat="-23.6339931" lon="132.7307131"></trkpt>
    <trkpt lat="-23.6339243" lon="132.7306673"></trkpt>
    <trkpt lat="-23.6338777" lon="132.7306320"></trkpt>
    <trkpt lat="-23.6337378" lon="132.7305506"></trkpt>
    <trkpt lat="-23.6334867" lon="132.7303853"></trkpt>
    <trkpt lat="-23.6334553" lon="132.7303381"></trkpt>
    <trkpt lat="-23.6334277" lon="132.7302878"></trkpt>
    <trkpt lat="-23.6334025" lon="132.7302680"></trkpt>
    <trkpt lat="-23.6332741" lon="132.7302164"></trkpt>
    <trkpt lat="-23.6332222" lon="132.7301598"></trkpt>
    <trkpt lat="-23.6331576" lon="132.7300473"></trkpt>
    <trkpt lat="-23.6331130" lon="132.7300181"></trkpt>
    <trkpt lat="-23.6330755" lon="132.7299773"></trkpt>
    <trkpt lat="-23.6330593" lon="132.7298902"></trkpt>
    <trkpt lat="-23.6330073" lon="132.7298339"></trkpt>
    <trkpt lat="-23.6328643" lon="132.7296461"></trkpt>
    <trkpt lat="-23.6327178" lon="132.7296482"></trkpt>
    <trkpt lat="-23.6327092" lon="132.7296360"></trkpt>
    <trkpt lat="-23.6326897" lon="132.7296328"></trkpt>
    <trkpt lat="-23.6326017" lon="132.7294877"></trkpt>
    <trkpt lat="-23.6325762" lon="132.7294596"></trkpt>
    <trkpt lat="-23.6325631" lon="132.7294490"></trkpt>
    <trkpt lat="-23.6325378" lon="132.7293738"></trkpt>
    <trkpt lat="-23.6324694" lon="132.7293227"></trkpt>
    <trkpt lat="-23.6324279" lon="132.7292507"></trkpt>
    <trkpt lat="-23.6323859" lon="132.7292080"></trkpt>
    <trkpt lat="-23.6323764" lon="132.7290917"></trkpt>
    <trkpt lat="-23.6323957" lon="132.7290306"></trkpt>
    <trkpt lat="-23.6323789" lon="132.7290189"></trkpt>
    <trkpt lat="-23.6323421" lon="132.7289442"></trkpt>
    <trkpt lat="-23.6323083" lon="132.7289047"></trkpt>
    <trkpt lat="-23.6322244" lon="132.7287585"></trkpt>
    <trkpt lat="-23.6321996" lon="132.7286520"></trkpt>
    <trkpt lat="-23.6320483" lon="132.7285063"></trkpt>
    <trkpt lat="-23.6320194" lon="132.7283806"></trkpt>
    <trkpt lat="-23.6319661" lon="132.7282761"></trkpt>
    <trkpt lat="-23.6319470" lon="132.7282574"></trkpt>
    <trkpt lat="-23.6318817" lon="132.7282361"></trkpt>
    <trkpt lat="-23.6317757" lon="132.7281354"></trkpt>
    <trkpt lat="-23.6317526" lon="132.7281026"></trkpt>
    <trkpt lat="-23.6316845" lon="132.7279055"></trkpt>
    <trkpt lat="-23.6316644" lon="132.7278066"></trkpt>
    <trkpt lat="-23.6316461" lon="132.7276422"></trkpt>
    <trkpt lat="-23.6316469" lon="132.7275548"></trkpt>
    <trkpt lat="-23.6316688" lon="132.7274266"></trkpt>
    <trkpt lat="-23.6316895" lon="132.7273747"></trkpt>
    <trkpt lat="-23.6317088" lon="132.7273263"></trkpt>
    <trkpt lat="-23.6316805" lon="132.7272981"></trkpt>
    <trkpt lat="-23.6316524" lon="132.7272691"></trkpt>
    <trkpt lat="-23.6316066" lon="132.7272199"></trkpt>
    <trkpt lat="-23.6315880" lon="132.7271818"></trkpt>
    <trkpt lat="-23.6315631" lon="132.7271153"></trkpt>
    <trkpt lat="-23.6315544" lon="132.7270786"></trkpt>
    <trkpt lat="-23.6315593" lon="132.7270351"></trkpt>
    <trkpt lat="-23.6315852" lon="132.7269362"></trkpt>
    <trkpt lat="-23.6316323" lon="132.7266834"></trkpt>
    <trkpt lat="-23.6317907" lon="132.7265286"></trkpt>
    <trkpt lat="-23.6318775" lon="132.7263740"></trkpt>
    <trkpt lat="-23.6319234" lon="132.7262445"></trkpt>
    <trkpt lat="-23.6318895" lon="132.7260657"></trkpt>
    <trkpt lat="-23.6319762" lon="132.7258598"></trkpt>
    <trkpt lat="-23.6319595" lon="132.7259515"></trkpt>
    <trkpt lat="-23.6319428" lon="132.7260431"></trkpt>
    <trkpt lat="-23.6319261" lon="132.7261348"></trkpt>
    <trkpt lat="-23.6319094" lon="132.7262264"></trkpt>
    <trkpt lat="-23.6318926" lon="132.7263181"></trkpt>
    <trkpt lat="-23.6318759" lon="132.7264097"></trkpt>
    <trkpt lat="-23.6318592" lon="132.7265014"></trkpt>
    <trkpt lat="-23.6318425" lon="132.7265930"></trkpt>
    <trkpt lat="-23.6318258" lon="132.7266847"></trkpt>
    <trkpt lat="-23.6318091" lon="132.7267764"></trkpt>
    <trkpt lat="-23.6317924" lon="132.7268680"></trkpt>
    <trkpt lat="-23.6317756" lon="132.7269597"></trkpt>
    <trkpt lat="-23.6317589" lon="132.7270513"></trkpt>
    <trkpt lat="-23.6317422" lon="132.7271430"></trkpt>
    <trkpt lat="-23.6317255" lon="132.7272346"></trkpt>
    <trkpt lat="-23.6317088" lon="132.7273263"></trkpt>
    <trkpt lat="-23.6316805" lon="132.7272981"></trkpt>
    <trkpt lat="-23.6316524" lon="132.7272691"></trkpt>
    <trkpt lat="-23.6316066" lon="132.7272199"></trkpt>
    <trkpt lat="-23.6315880" lon="132.7271818"></trkpt>
    <trkpt lat="-23.6315631" lon="132.7271153"></trkpt>
    <trkpt lat="-23.6315544" lon="132.7270786"></trkpt>
    <trkpt lat="-23.6315593" lon="132.7270351"></trkpt>
    <trkpt lat="-23.6315852" lon="132.7269362"></trkpt>
    <trkpt lat="-23.6316323" lon="132.7266834"></trkpt>
    <trkpt lat="-23.6317907" lon="132.7265286"></trkpt>
    <trkpt lat="-23.6318775" lon="132.7263740"></trkpt>
    <trkpt lat="-23.6319234" lon="132.7262445"></trkpt>
    <trkpt lat="-23.6318895" lon="132.7260657"></trkpt>
    <trkpt lat="-23.6319762" lon="132.7258598"></trkpt>
    <trkpt lat="-23.6320691" lon="132.7258227"></trkpt>
    <trkpt lat="-23.6321851" lon="132.7258078"></trkpt>
    <trkpt lat="-23.6323453" lon="132.7258599"></trkpt>
    <trkpt lat="-23.6324169" lon="132.7258376"></trkpt>
    <trkpt lat="-23.6325328" lon="132.7258713"></trkpt>
    <trkpt lat="-23.6326262" lon="132.7258597"></trkpt>
    <trkpt lat="-23.6326297" lon="132.7258389"></trkpt>
    <trkpt lat="-23.6326666" lon="132.7254919"></trkpt>
    <trkpt lat="-23.6326609" lon="132.7252406"></trkpt>
    <trkpt lat="-23.6326418" lon="132.7250187"></trkpt>
    <trkpt lat="-23.6326053" lon="132.7248537"></trkpt>
    <trkpt lat="-23.6324842" lon="132.7247480"></trkpt>
    <trkpt lat="-23.6324572" lon="132.7246760"></trkpt>
    <trkpt lat="-23.6324681" lon="132.7246041"></trkpt>
    <trkpt lat="-23.6325063" lon="132.7245673"></trkpt>
    <trkpt lat="-23.6325111" lon="132.7245071"></trkpt>
    <trkpt lat="-23.6325880" lon="132.7243776"></trkpt>
    <trkpt lat="-23.6326332" lon="132.7243332"></trkpt>
    <trkpt lat="-23.6326019" lon="132.7241823"></trkpt>
    <trkpt lat="-23.6325148" lon="132.7240199"></trkpt>
    <trkpt lat="-23.6324728" lon="132.7238178"></trkpt>
    <trkpt lat="-23.6325090" lon="132.7236586"></trkpt>
    <trkpt lat="-23.6325057" lon="132.7235824"></trkpt>
    <trkpt lat="-23.6324126" lon="132.7233958"></trkpt>
    <trkpt lat="-23.6322791" lon="132.7230894"></trkpt>
    <trkpt lat="-23.6322548" lon="132.7230760"></trkpt>
    <trkpt lat="-23.6322552" lon="132.7229875"></trkpt>
    <trkpt lat="-23.6322287" lon="132.7229780"></trkpt>
    <trkpt lat="-23.6322265" lon="132.7229449"></trkpt>
    <trkpt lat="-23.6321479" lon="132.7228190"></trkpt>
    <trkpt lat="-23.6319835" lon="132.7226852"></trkpt>
    <trkpt lat="-23.6319315" lon="132.7225411"></trkpt>
    <trkpt lat="-23.6318675" lon="132.7222981"></trkpt>
    <trkpt lat="-23.6318148" lon="132.7222017"></trkpt>
    <trkpt lat="-23.6317683" lon="132.7221165"></trkpt>
    <trkpt lat="-23.6316317" lon="132.7220056"></trkpt>
    <trkpt lat="-23.6314797" lon="132.7219120"></trkpt>
    <trkpt lat="-23.6314138" lon="132.7218794"></trkpt>
    <trkpt lat="-23.6313320" lon="132.7218643"></trkpt>
    <trkpt lat="-23.6312903" lon="132.7218298"></trkpt>
    <trkpt lat="-23.6312624" lon="132.7217088"></trkpt>
    <trkpt lat="-23.6312172" lon="132.7215250"></trkpt>
    <trkpt lat="-23.6312340" lon="132.7213897"></trkpt>
    <trkpt lat="-23.6312101" lon="132.7212055"></trkpt>
    <trkpt lat="-23.6311730" lon="132.7210744"></trkpt>
    <trkpt lat="-23.6311826" lon="132.7209999"></trkpt>
    <trkpt lat="-23.6312166" lon="132.7208724"></trkpt>
    <trkpt lat="-23.6312213" lon="132.7207541"></trkpt>
    <trkpt lat="-23.6311254" lon="132.7206054"></trkpt>
    <trkpt lat="-23.6310391" lon="132.7204333"></trkpt>
    <trkpt lat="-23.6310170" lon="132.7201011"></trkpt>
    <trkpt lat="-23.6310418" lon="132.7199275"></trkpt>
    <trkpt lat="-23.6310735" lon="132.7198797"></trkpt>
    <trkpt lat="-23.6312880" lon="132.7196435"></trkpt>
    <trkpt lat="-23.6313360" lon="132.7195851"></trkpt>
    <trkpt lat="-23.6313728" lon="132.7193875"></trkpt>
    <trkpt lat="-23.6313524" lon="132.7192031"></trkpt>
    <trkpt lat="-23.6313648" lon="132.7190859"></trkpt>
    <trkpt lat="-23.6313550" lon="132.7191001"></trkpt>
    <trkpt lat="-23.6313695" lon="132.7190395"></trkpt>
    <trkpt lat="-23.6314152" lon="132.7189691"></trkpt>
    <trkpt lat="-23.6314590" lon="132.7187376"></trkpt>
    <trkpt lat="-23.6314528" lon="132.7185673"></trkpt>
    <trkpt lat="-23.6314803" lon="132.7185469"></trkpt>
    <trkpt lat="-23.6315055" lon="132.7184980"></trkpt>
    <trkpt lat="-23.6315083" lon="132.7184692"></trkpt>
    <trkpt lat="-23.6315130" lon="132.7184743"></trkpt>
    <trkpt lat="-23.6315116" lon="132.7184440"></trkpt>
    <trkpt lat="-23.6314889" lon="132.7183956"></trkpt>
    <trkpt lat="-23.6314717" lon="132.7182667"></trkpt>
    <trkpt lat="-23.6314510" lon="132.7182512"></trkpt>
    <trkpt lat="-23.6314402" lon="132.7182213"></trkpt>
    <trkpt lat="-23.6314365" lon="132.7180885"></trkpt>
    <trkpt lat="-23.6314587" lon="132.7180123"></trkpt>
    <trkpt lat="-23.6314394" lon="132.7179463"></trkpt>
    <trkpt lat="-23.6314604" lon="132.7178363"></trkpt>
    <trkpt lat="-23.6313949" lon="132.7177426"></trkpt>
    <trkpt lat="-23.6313739" lon="132.7176086"></trkpt>
    <trkpt lat="-23.6313959" lon="132.7174615"></trkpt>
    <trkpt lat="-23.6313843" lon="132.7173144"></trkpt>
    <trkpt lat="-23.6314031" lon="132.7172540"></trkpt>
    <trkpt lat="-23.6314817" lon="132.7171820"></trkpt>
    <trkpt lat="-23.6315336" lon="132.7171494"></trkpt>
    <trkpt lat="-23.6315880" lon="132.7170379"></trkpt>
    <trkpt lat="-23.6317784" lon="132.7168203"></trkpt>
    <trkpt lat="-23.6318339" lon="132.7167152"></trkpt>
    <trkpt lat="-23.6319629" lon="132.7163709"></trkpt>
    <trkpt lat="-23.6319709" lon="132.7161625"></trkpt>
    <trkpt lat="-23.6319291" lon="132.7159978"></trkpt>
    <trkpt lat="-23.6319112" lon="132.7159753"></trkpt>
    <trkpt lat="-23.6319381" lon="132.7159124"></trkpt>
    <trkpt lat="-23.6319782" lon="132.7158018"></trkpt>
    <trkpt lat="-23.6320196" lon="132.7157436"></trkpt>
    <trkpt lat="-23.6320423" lon="132.7157219"></trkpt>
    <trkpt lat="-23.6320788" lon="132.7156834"></trkpt>
    <trkpt lat="-23.6321415" lon="132.7155639"></trkpt>
    <trkpt lat="-23.6322678" lon="132.7154484"></trkpt>
    <trkpt lat="-23.6325298" lon="132.7154968"></trkpt>
    <trkpt lat="-23.6326004" lon="132.7154972"></trkpt>
    <trkpt lat="-23.6326127" lon="132.7154862"></trkpt>
    <trkpt lat="-23.6327887" lon="132.7153585"></trkpt>
    <trkpt lat="-23.6327998" lon="132.7153229"></trkpt>
    <trkpt lat="-23.6328513" lon="132.7152607"></trkpt>
    <trkpt lat="-23.6328894" lon="132.7151786"></trkpt>
    <trkpt lat="-23.6328914" lon="132.7151289"></trkpt>
    <trkpt lat="-23.6329047" lon="132.7151104"></trkpt>
    <trkpt lat="-23.6329051" lon="132.7149896"></trkpt>
    <trkpt lat="-23.6329234" lon="132.7149408"></trkpt>
    <trkpt lat="-23.6329382" lon="132.7149250"></trkpt>
    <trkpt lat="-23.6329838" lon="132.7147657"></trkpt>
    <trkpt lat="-23.6330572" lon="132.7146153"></trkpt>
    <trkpt lat="-23.6331106" lon="132.7142666"></trkpt>
    <trkpt lat="-23.6331434" lon="132.7141844"></trkpt>
    <trkpt lat="-23.6331574" lon="132.7140368"></trkpt>
    <trkpt lat="-23.6332669" lon="132.7139134"></trkpt>
    <trkpt lat="-23.6334083" lon="132.7138277"></trkpt>
    <trkpt lat="-23.6335115" lon="132.7136722"></trkpt>
    <trkpt lat="-23.6338349" lon="132.7133689"></trkpt>
    <trkpt lat="-23.6338640" lon="132.7133047"></trkpt>
    <trkpt lat="-23.6339790" lon="132.7131841"></trkpt>
    <trkpt lat="-23.6340707" lon="132.7130758"></trkpt>
    <trkpt lat="-23.6341561" lon="132.7129476"></trkpt>
    <trkpt lat="-23.6343033" lon="132.7128158"></trkpt>
    <trkpt lat="-23.6344106" lon="132.7127480"></trkpt>
    <trkpt lat="-23.6344874" lon="132.7126787"></trkpt>
    <trkpt lat="-23.6345560" lon="132.7125997"></trkpt>
    <trkpt lat="-23.6346694" lon="132.7125806"></trkpt>
    <trkpt lat="-23.6348685" lon="132.7123828"></trkpt>
    <trkpt lat="-23.6350747" lon="132.7121659"></trkpt>
    <trkpt lat="-23.6351688" lon="132.7120974"></trkpt>
    <trkpt lat="-23.6352013" lon="132.7120132"></trkpt>
    <trkpt lat="-23.6353397" lon="132.7119243"></trkpt>
    <trkpt lat="-23.6355189" lon="132.7117145"></trkpt>
    <trkpt lat="-23.6355876" lon="132.7116079"></trkpt>
    <trkpt lat="-23.6356429" lon="132.7114957"></trkpt>
    <trkpt lat="-23.6356725" lon="132.7113503"></trkpt>
    <trkpt lat="-23.6356910" lon="132.7111500"></trkpt>
    <trkpt lat="-23.6357629" lon="132.7109414"></trkpt>
    <trkpt lat="-23.6358530" lon="132.7107533"></trkpt>
    <trkpt lat="-23.6359483" lon="132.7103887"></trkpt>
    <trkpt lat="-23.6359882" lon="132.7103100"></trkpt>
    <trkpt lat="-23.6360608" lon="132.7102309"></trkpt>
    <trkpt lat="-23.6360763" lon="132.7100121"></trkpt>
    <trkpt lat="-23.6361192" lon="132.7098662"></trkpt>
    <trkpt lat="-23.6362387" lon="132.7097108"></trkpt>
    <trkpt lat="-23.6362908" lon="132.7095520"></trkpt>
    <trkpt lat="-23.6363268" lon="132.7093924"></trkpt>
    <trkpt lat="-23.6362407" lon="132.7091623"></trkpt>
    <trkpt lat="-23.6362423" lon="132.7089194"></trkpt>
    <trkpt lat="-23.6362933" lon="132.7087653"></trkpt>
    <trkpt lat="-23.6363054" lon="132.7087121"></trkpt>
    <trkpt lat="-23.6363349" lon="132.7085297"></trkpt>
    <trkpt lat="-23.6364279" lon="132.7081157"></trkpt>
    <trkpt lat="-23.6365255" lon="132.7078826"></trkpt>
    <trkpt lat="-23.6365835" lon="132.7077768"></trkpt>
    <trkpt lat="-23.6365785" lon="132.7077634"></trkpt>
    <trkpt lat="-23.6365882" lon="132.7077555"></trkpt>
    <trkpt lat="-23.6365979" lon="132.7077075"></trkpt>
    <trkpt lat="-23.6366245" lon="132.7076823"></trkpt>
    <trkpt lat="-23.6366564" lon="132.7074777"></trkpt>
    <trkpt lat="-23.6366691" lon="132.7073281"></trkpt>
    <trkpt lat="-23.6367625" lon="132.7070813"></trkpt>
    <trkpt lat="-23.6368492" lon="132.7069436"></trkpt>
    <trkpt lat="-23.6369865" lon="132.7068807"></trkpt>
    <trkpt lat="-23.6371333" lon="132.7068466"></trkpt>
    <trkpt lat="-23.6372521" lon="132.7067766"></trkpt>
    <trkpt lat="-23.6373669" lon="132.7066736"></trkpt>
    <trkpt lat="-23.6377601" lon="132.7064280"></trkpt>
    <trkpt lat="-23.6379755" lon="132.7063747"></trkpt>
    <trkpt lat="-23.6382105" lon="132.7062958"></trkpt>
    <trkpt lat="-23.6383760" lon="132.7061614"></trkpt>
    <trkpt lat="-23.6385906" lon="132.7060674"></trkpt>
    <trkpt lat="-23.6386885" lon="132.7060324"></trkpt>
    <trkpt lat="-23.6387733" lon="132.7058370"></trkpt>
    <trkpt lat="-23.6388955" lon="132.7056466"></trkpt>
    <trkpt lat="-23.6389666" lon="132.7055120"></trkpt>
    <trkpt lat="-23.6390253" lon="132.7054147"></trkpt>
    <trkpt lat="-23.6390610" lon="132.7053746"></trkpt>
    <trkpt lat="-23.6390697" lon="132.7052546"></trkpt>
    <trkpt lat="-23.6390399" lon="132.7050881"></trkpt>
    <trkpt lat="-23.6391082" lon="132.7047147"></trkpt>
    <trkpt lat="-23.6391385" lon="132.7046808"></trkpt>
    <trkpt lat="-23.6392039" lon="132.7045179"></trkpt>
    <trkpt lat="-23.6392108" lon="132.7043288"></trkpt>
    <trkpt lat="-23.6393008" lon="132.7041955"></trkpt>
    <trkpt lat="-23.6395376" lon="132.7037148"></trkpt>
    <trkpt lat="-23.6395994" lon="132.7035488"></trkpt>
    <trkpt lat="-23.6395917" lon="132.7035203"></trkpt>
    <trkpt lat="-23.6396054" lon="132.7032808"></trkpt>
    <trkpt lat="-23.6396184" lon="132.7031665"></trkpt>
    <trkpt lat="-23.6396749" lon="132.7028249"></trkpt>
    <trkpt lat="-23.6397289" lon="132.7026424"></trkpt>
    <trkpt lat="-23.6397865" lon="132.7024226"></trkpt>
    <trkpt lat="-23.6398165" lon="132.7019977"></trkpt>
    <trkpt lat="-23.6398740" lon="132.7019083"></trkpt>
    <trkpt lat="-23.6398804" lon="132.7018194"></trkpt>
    <trkpt lat="-23.6399786" lon="132.7016203"></trkpt>
    <trkpt lat="-23.6400193" lon="132.7014640"></trkpt>
    <trkpt lat="-23.6401188" lon="132.7012838"></trkpt>
    <trkpt lat="-23.6401566" lon="132.7011826"></trkpt>
    <trkpt lat="-23.6401933" lon="132.7010951"></trkpt>
    <trkpt lat="-23.6402655" lon="132.7009678"></trkpt>
    <trkpt lat="-23.6403871" lon="132.7008478"></trkpt>
    <trkpt lat="-23.6405575" lon="132.7007232"></trkpt>
    <trkpt lat="-23.6405519" lon="132.7007443"></trkpt>
    <trkpt lat="-23.6406190" lon="132.7007115"></trkpt>
    <trkpt lat="-23.6407141" lon="132.7005998"></trkpt>
    <trkpt lat="-23.6408001" lon="132.7005225"></trkpt>
    <trkpt lat="-23.6409236" lon="132.7004503"></trkpt>
    <trkpt lat="-23.6410812" lon="132.7003882"></trkpt>
    <trkpt lat="-23.6413885" lon="132.7002900"></trkpt>
    <trkpt lat="-23.6415794" lon="132.7001504"></trkpt>
    <trkpt lat="-23.6417264" lon="132.7000803"></trkpt>
    <trkpt lat="-23.6418226" lon="132.6999017"></trkpt>
    <trkpt lat="-23.6419118" lon="132.6998289"></trkpt>
    <trkpt lat="-23.6420766" lon="132.6996714"></trkpt>
    <trkpt lat="-23.6424196" lon="132.6995106"></trkpt>
    <trkpt lat="-23.6425040" lon="132.6994579"></trkpt>
    <trkpt lat="-23.6425442" lon="132.6994565"></trkpt>
    <trkpt lat="-23.6427403" lon="132.6993318"></trkpt>
    <trkpt lat="-23.6428900" lon="132.6992647"></trkpt>
    <trkpt lat="-23.6430810" lon="132.6992554"></trkpt>
    <trkpt lat="-23.6432451" lon="132.6992280"></trkpt>
    <trkpt lat="-23.6435486" lon="132.6991022"></trkpt>
    <trkpt lat="-23.6437177" lon="132.6990976"></trkpt>
    <trkpt lat="-23.6438988" lon="132.6990853"></trkpt>
    <trkpt lat="-23.6440891" lon="132.6990697"></trkpt>
    <trkpt lat="-23.6442261" lon="132.6990787"></trkpt>
    <trkpt lat="-23.6443812" lon="132.6990794"></trkpt>
    <trkpt lat="-23.6445607" lon="132.6991379"></trkpt>
    <trkpt lat="-23.6448631" lon="132.6992550"></trkpt>
    <trkpt lat="-23.6450765" lon="132.6993799"></trkpt>
    <trkpt lat="-23.6451357" lon="132.6993786"></trkpt>
    <trkpt lat="-23.6452301" lon="132.6994223"></trkpt>
    <trkpt lat="-23.6453049" lon="132.6994340"></trkpt>
    <trkpt lat="-23.6453769" lon="132.6994156"></trkpt>
    <trkpt lat="-23.6454308" lon="132.6993923"></trkpt>
    <trkpt lat="-23.6455580" lon="132.6993112"></trkpt>
    <trkpt lat="-23.6455784" lon="132.6992810"></trkpt>
    <trkpt lat="-23.6457126" lon="132.6991934"></trkpt>
    <trkpt lat="-23.6459358" lon="132.6991757"></trkpt>
    <trkpt lat="-23.6460276" lon="132.6992369"></trkpt>
    <trkpt lat="-23.6461238" lon="132.6992557"></trkpt>
    <trkpt lat="-23.6461910" lon="132.6992873"></trkpt>
    <trkpt lat="-23.6463775" lon="132.6993332"></trkpt>
    <trkpt lat="-23.6464489" lon="132.6993282"></trkpt>
    <trkpt lat="-23.6464562" lon="132.6993322"></trkpt>
    <trkpt lat="-23.6464706" lon="132.6994002"></trkpt>
    <trkpt lat="-23.6464297" lon="132.6995220"></trkpt>
    <trkpt lat="-23.6464814" lon="132.6997555"></trkpt>
    <trkpt lat="-23.6465010" lon="132.7001165"></trkpt>
    <trkpt lat="-23.6465576" lon="132.7004071"></trkpt>
    <trkpt lat="-23.6465729" lon="132.7006037"></trkpt>
    <trkpt lat="-23.6466146" lon="132.7008886"></trkpt>
    <trkpt lat="-23.6466115" lon="132.7010474"></trkpt>
    <trkpt lat="-23.6466286" lon="132.7011445"></trkpt>
    <trkpt lat="-23.6466708" lon="132.7012085"></trkpt>
    <trkpt lat="-23.6468061" lon="132.7013433"></trkpt>
    <trkpt lat="-23.6468593" lon="132.7014662"></trkpt>
    <trkpt lat="-23.6468759" lon="132.7016207"></trkpt>
    <trkpt lat="-23.6468964" lon="132.7017589"></trkpt>
    <trkpt lat="-23.6469242" lon="132.7019302"></trkpt>
    <trkpt lat="-23.6469870" lon="132.7020753"></trkpt>
    <trkpt lat="-23.6470479" lon="132.7021922"></trkpt>
    <trkpt lat="-23.6472138" lon="132.7024027"></trkpt>
    <trkpt lat="-23.6473453" lon="132.7025173"></trkpt>
    <trkpt lat="-23.6474115" lon="132.7026355"></trkpt>
    <trkpt lat="-23.6474318" lon="132.7027904"></trkpt>
    <trkpt lat="-23.6474549" lon="132.7029164"></trkpt>
    <trkpt lat="-23.6475039" lon="132.7030323"></trkpt>
    <trkpt lat="-23.6475405" lon="132.7030475"></trkpt>
    <trkpt lat="-23.6475962" lon="132.7030348"></trkpt>
    <trkpt lat="-23.6476261" lon="132.7030120"></trkpt>
    <trkpt lat="-23.6478374" lon="132.7029657"></trkpt>
    <trkpt lat="-23.6478706" lon="132.7029242"></trkpt>
    <trkpt lat="-23.6479136" lon="132.7028262"></trkpt>
    <trkpt lat="-23.6479820" lon="132.7027747"></trkpt>
    <trkpt lat="-23.6480304" lon="132.7027026"></trkpt>
    <trkpt lat="-23.6480724" lon="132.7026617"></trkpt>
    <trkpt lat="-23.6481091" lon="132.7024623"></trkpt>
    <trkpt lat="-23.6481637" lon="132.7023201"></trkpt>
    <trkpt lat="-23.6481932" lon="132.7022989"></trkpt>
    <trkpt lat="-23.6483078" lon="132.7021758"></trkpt>
    <trkpt lat="-23.6484501" lon="132.7022083"></trkpt>
    <trkpt lat="-23.6484645" lon="132.7023559"></trkpt>
    <trkpt lat="-23.6484355" lon="132.7025690"></trkpt>
    <trkpt lat="-23.6484883" lon="132.7027745"></trkpt>
    <trkpt lat="-23.6486006" lon="132.7029807"></trkpt>
    <trkpt lat="-23.6489152" lon="132.7032085"></trkpt>
    <trkpt lat="-23.6489671" lon="132.7031939"></trkpt>
    <trkpt lat="-23.6490363" lon="132.7031907"></trkpt>
    <trkpt lat="-23.6492472" lon="132.7031968"></trkpt>
    <trkpt lat="-23.6493664" lon="132.7032447"></trkpt>
    <trkpt lat="-23.6494087" lon="132.7032203"></trkpt>
    <trkpt lat="-23.6494567" lon="132.7031494"></trkpt>
    <trkpt lat="-23.6495011" lon="132.7030408"></trkpt>
    <trkpt lat="-23.6495870" lon="132.7029993"></trkpt>
    <trkpt lat="-23.6497982" lon="132.7029981"></trkpt>
    <trkpt lat="-23.6498198" lon="132.7029794"></trkpt>
    <trkpt lat="-23.6498565" lon="132.7029036"></trkpt>
    <trkpt lat="-23.6500128" lon="132.7028307"></trkpt>
    <trkpt lat="-23.6500413" lon="132.7027166"></trkpt>
    <trkpt lat="-23.6501024" lon="132.7026499"></trkpt>
    <trkpt lat="-23.6501729" lon="132.7026348"></trkpt>
    <trkpt lat="-23.6502973" lon="132.7028538"></trkpt>
    <trkpt lat="-23.6503401" lon="132.7028986"></trkpt>
    <trkpt lat="-23.6505347" lon="132.7029707"></trkpt>
    <trkpt lat="-23.6506478" lon="132.7030019"></trkpt>
    <trkpt lat="-23.6507955" lon="132.7030011"></trkpt>
    <trkpt lat="-23.6507937" lon="132.7029911"></trkpt>
    <trkpt lat="-23.6508426" lon="132.7029746"></trkpt>
    <trkpt lat="-23.6508790" lon="132.7029376"></trkpt>
    <trkpt lat="-23.6508794" lon="132.7028971"></trkpt>
    <trkpt lat="-23.6508945" lon="132.7028566"></trkpt>
    <trkpt lat="-23.6508974" lon="132.7028267"></trkpt>
    <trkpt lat="-23.6508884" lon="132.7028070"></trkpt>
    <trkpt lat="-23.6508732" lon="132.7027575"></trkpt>
    <trkpt lat="-23.6508819" lon="132.7026476"></trkpt>
    <trkpt lat="-23.6508635" lon="132.7025459"></trkpt>
    <trkpt lat="-23.6508988" lon="132.7023957"></trkpt>
    <trkpt lat="-23.6509174" lon="132.7022683"></trkpt>
    <trkpt lat="-23.6509785" lon="132.7021493"></trkpt>
    <trkpt lat="-23.6510149" lon="132.7021146"></trkpt>
    <trkpt lat="-23.6510567" lon="132.7020718"></trkpt>
    <trkpt lat="-23.6510716" lon="132.7020175"></trkpt>
    <trkpt lat="-23.6511498" lon="132.7019007"></trkpt>
    <trkpt lat="-23.6512293" lon="132.7018388"></trkpt>
    <trkpt lat="-23.6513588" lon="132.7016108"></trkpt>
    <trkpt lat="-23.6513271" lon="132.7015664"></trkpt>
    <trkpt lat="-23.6513347" lon="132.7014437"></trkpt>
    <trkpt lat="-23.6513631" lon="132.7012803"></trkpt>
    <trkpt lat="-23.6514441" lon="132.7010890"></trkpt>
    <trkpt lat="-23.6514275" lon="132.7009151"></trkpt>
    <trkpt lat="-23.6514343" lon="132.7008848"></trkpt>
    <trkpt lat="-23.6513892" lon="132.7006370"></trkpt>
    <trkpt lat="-23.6513532" lon="132.7005356"></trkpt>
    <trkpt lat="-23.6513123" lon="132.7004942"></trkpt>
    <trkpt lat="-23.6512548" lon="132.7004699"></trkpt>
    <trkpt lat="-23.6511496" lon="132.7003940"></trkpt>
    <trkpt lat="-23.6510570" lon="132.7003826"></trkpt>
    <trkpt lat="-23.6510136" lon="132.7003758"></trkpt>
    <trkpt lat="-23.6510690" lon="132.7003191"></trkpt>
    <trkpt lat="-23.6511434" lon="132.7003152"></trkpt>
    <trkpt lat="-23.6511601" lon="132.7002851"></trkpt>
    <trkpt lat="-23.6512137" lon="132.7002751"></trkpt>
    <trkpt lat="-23.6513503" lon="132.7003081"></trkpt>
    <trkpt lat="-23.6514440" lon="132.7002924"></trkpt>
    <trkpt lat="-23.6517921" lon="132.7001759"></trkpt>
    <trkpt lat="-23.6518568" lon="132.7001515"></trkpt>
    <trkpt lat="-23.6518978" lon="132.7001098"></trkpt>
    <trkpt lat="-23.6519350" lon="132.6999382"></trkpt>
    <trkpt lat="-23.6519774" lon="132.6997270"></trkpt>
    <trkpt lat="-23.6520163" lon="132.6996615"></trkpt>
    <trkpt lat="-23.6520703" lon="132.6996548"></trkpt>
    <trkpt lat="-23.6522122" lon="132.6996677"></trkpt>
    <trkpt lat="-23.6523326" lon="132.6997605"></trkpt>
    <trkpt lat="-23.6523800" lon="132.6998311"></trkpt>
    <trkpt lat="-23.6524423" lon="132.6998636"></trkpt>
    <trkpt lat="-23.6527134" lon="132.6998518"></trkpt>
    <trkpt lat="-23.6528731" lon="132.6998906"></trkpt>
    <trkpt lat="-23.6529787" lon="132.6998766"></trkpt>
    <trkpt lat="-23.6530676" lon="132.6998565"></trkpt>
    <trkpt lat="-23.6532390" lon="132.6998651"></trkpt>
    <trkpt lat="-23.6533860" lon="132.6998494"></trkpt>
    <trkpt lat="-23.6534957" lon="132.6998659"></trkpt>
    <trkpt lat="-23.6535573" lon="132.6997409"></trkpt>
    <trkpt lat="-23.6536058" lon="132.6997256"></trkpt>
    <trkpt lat="-23.6536671" lon="132.6997406"></trkpt>
    <trkpt lat="-23.6537211" lon="132.6997466"></trkpt>
    <trkpt lat="-23.6538293" lon="132.6997103"></trkpt>
    <trkpt lat="-23.6538812" lon="132.6997000"></trkpt>
    <trkpt lat="-23.6540023" lon="132.6996403"></trkpt>
    <trkpt lat="-23.6540290" lon="132.6996205"></trkpt>
    <trkpt lat="-23.6541590" lon="132.6996371"></trkpt>
    <trkpt lat="-23.6542241" lon="132.6996764"></trkpt>
    <trkpt lat="-23.6542746" lon="132.6997299"></trkpt>
    <trkpt lat="-23.6544822" lon="132.6998808"></trkpt>
    <trkpt lat="-23.6545443" lon="132.6998375"></trkpt>
    <trkpt lat="-23.6546272" lon="132.6998307"></trkpt>
    <trkpt lat="-23.6546923" lon="132.6998333"></trkpt>
    <trkpt lat="-23.6548373" lon="132.6998233"></trkpt>
    <trkpt lat="-23.6549759" lon="132.6998627"></trkpt>
    <trkpt lat="-23.6550238" lon="132.6998375"></trkpt>
    <trkpt lat="-23.6553032" lon="132.6998953"></trkpt>
    <trkpt lat="-23.6553921" lon="132.6999020"></trkpt>
    <trkpt lat="-23.6554423" lon="132.6999082"></trkpt>
    <trkpt lat="-23.6554821" lon="132.6999449"></trkpt>
    <trkpt lat="-23.6555061" lon="132.7000019"></trkpt>
    <trkpt lat="-23.6555891" lon="132.7001338"></trkpt>
    <trkpt lat="-23.6556715" lon="132.7001948"></trkpt>
    <trkpt lat="-23.6557987" lon="132.7001855"></trkpt>
    <trkpt lat="-23.6559131" lon="132.7002415"></trkpt>
    <trkpt lat="-23.6559538" lon="132.7002826"></trkpt>
    <trkpt lat="-23.6559728" lon="132.7002743"></trkpt>
    <trkpt lat="-23.6560641" lon="132.7003228"></trkpt>
    <trkpt lat="-23.6561233" lon="132.7003393"></trkpt>
    <trkpt lat="-23.6562670" lon="132.7004094"></trkpt>
    <trkpt lat="-23.6563472" lon="132.7004873"></trkpt>
    <trkpt lat="-23.6564040" lon="132.7006065"></trkpt>
    <trkpt lat="-23.6565090" lon="132.7007250"></trkpt>
    <trkpt lat="-23.6565541" lon="132.7007184"></trkpt>
    <trkpt lat="-23.6565795" lon="132.7007096"></trkpt>
    <trkpt lat="-23.6566028" lon="132.7006936"></trkpt>
    <trkpt lat="-23.6566004" lon="132.7005616"></trkpt>
    <trkpt lat="-23.6565567" lon="132.7004200"></trkpt>
    <trkpt lat="-23.6565734" lon="132.7003534"></trkpt>
    <trkpt lat="-23.6565518" lon="132.7001843"></trkpt>
    <trkpt lat="-23.6565527" lon="132.6999726"></trkpt>
    <trkpt lat="-23.6566035" lon="132.6999165"></trkpt>
    <trkpt lat="-23.6568577" lon="132.6998736"></trkpt>
    <trkpt lat="-23.6569580" lon="132.6998427"></trkpt>
    <trkpt lat="-23.6570594" lon="132.6997679"></trkpt>
    <trkpt lat="-23.6571620" lon="132.6997835"></trkpt>
    <trkpt lat="-23.6572167" lon="132.6998000"></trkpt>
    <trkpt lat="-23.6572445" lon="132.6996885"></trkpt>
    <trkpt lat="-23.6572612" lon="132.6995416"></trkpt>
    <trkpt lat="-23.6573447" lon="132.6993975"></trkpt>
    <trkpt lat="-23.6574760" lon="132.6992958"></trkpt>
    <trkpt lat="-23.6575160" lon="132.6992374"></trkpt>
    <trkpt lat="-23.6576267" lon="132.6992251"></trkpt>
    <trkpt lat="-23.6577130" lon="132.6991585"></trkpt>
    <trkpt lat="-23.6578460" lon="132.6990296"></trkpt>
    <trkpt lat="-23.6578839" lon="132.6990029"></trkpt>
    <trkpt lat="-23.6580328" lon="132.6989568"></trkpt>
    <trkpt lat="-23.6582330" lon="132.6989294"></trkpt>
    <trkpt lat="-23.6583180" lon="132.6988872"></trkpt>
    <trkpt lat="-23.6583252" lon="132.6988513"></trkpt>
    <trkpt lat="-23.6583374" lon="132.6988313"></trkpt>
    <trkpt lat="-23.6583816" lon="132.6986893"></trkpt>
    <trkpt lat="-23.6585397" lon="132.6984046"></trkpt>
    <trkpt lat="-23.6586087" lon="132.6983216"></trkpt>
    <trkpt lat="-23.6586423" lon="132.6982220"></trkpt>
    <trkpt lat="-23.6586409" lon="132.6980903"></trkpt>
    <trkpt lat="-23.6586064" lon="132.6978169"></trkpt>
    <trkpt lat="-23.6585805" lon="132.6975602"></trkpt>
    <trkpt lat="-23.6585614" lon="132.6975266"></trkpt>
    <trkpt lat="-23.6585980" lon="132.6974096"></trkpt>
    <trkpt lat="-23.6586277" lon="132.6972490"></trkpt>
    <trkpt lat="-23.6586522" lon="132.6970693"></trkpt>
    <trkpt lat="-23.6586771" lon="132.6969631"></trkpt>
    <trkpt lat="-23.6586199" lon="132.6967878"></trkpt>
    <trkpt lat="-23.6585826" lon="132.6965177"></trkpt>
    <trkpt lat="-23.6585653" lon="132.6963490"></trkpt>
    <trkpt lat="-23.6585357" lon="132.6962581"></trkpt>
    <trkpt lat="-23.6584975" lon="132.6961042"></trkpt>
    <trkpt lat="-23.6584085" lon="132.6959920"></trkpt>
    <trkpt lat="-23.6583809" lon="132.6958572"></trkpt>
    <trkpt lat="-23.6583919" lon="132.6958302"></trkpt>
    <trkpt lat="-23.6583948" lon="132.6957148"></trkpt>
    <trkpt lat="-23.6584338" lon="132.6956223"></trkpt>
    <trkpt lat="-23.6585852" lon="132.6953220"></trkpt>
    <trkpt lat="-23.6585934" lon="132.6953110"></trkpt>
    <trkpt lat="-23.6587444" lon="132.6951246"></trkpt>
    <trkpt lat="-23.6587715" lon="132.6949870"></trkpt>
    <trkpt lat="-23.6587860" lon="132.6949591"></trkpt>
    <trkpt lat="-23.6588083" lon="132.6947591"></trkpt>
    <trkpt lat="-23.6588725" lon="132.6946265"></trkpt>
    <trkpt lat="-23.6588826" lon="132.6945189"></trkpt>
    <trkpt lat="-23.6589379" lon="132.6943515"></trkpt>
    <trkpt lat="-23.6589587" lon="132.6942214"></trkpt>
    <trkpt lat="-23.6589598" lon="132.6940120"></trkpt>
    <trkpt lat="-23.6589727" lon="132.6939931"></trkpt>
    <trkpt lat="-23.6589690" lon="132.6939117"></trkpt>
    <trkpt lat="-23.6589511" lon="132.6938727"></trkpt>
    <trkpt lat="-23.6587737" lon="132.6937829"></trkpt>
    <trkpt lat="-23.6587423" lon="132.6937865"></trkpt>
    <trkpt lat="-23.6585967" lon="132.6936837"></trkpt>
    <trkpt lat="-23.6584586" lon="132.6936211"></trkpt>
    <trkpt lat="-23.6583528" lon="132.6935488"></trkpt>
    <trkpt lat="-23.6582689" lon="132.6934570"></trkpt>
    <trkpt lat="-23.6582430" lon="132.6934024"></trkpt>
    <trkpt lat="-23.6580838" lon="132.6933311"></trkpt>
    <trkpt lat="-23.6579095" lon="132.6932484"></trkpt>
    <trkpt lat="-23.6579008" lon="132.6932232"></trkpt>
    <trkpt lat="-23.6577590" lon="132.6931110"></trkpt>
    <trkpt lat="-23.6574501" lon="132.6929386"></trkpt>
    <trkpt lat="-23.6572821" lon="132.6928104"></trkpt>
    <trkpt lat="-23.6572226" lon="132.6926744"></trkpt>
    <trkpt lat="-23.6571452" lon="132.6925523"></trkpt>
    <trkpt lat="-23.6570586" lon="132.6924670"></trkpt>
    <trkpt lat="-23.6570517" lon="132.6924509"></trkpt>
    <trkpt lat="-23.6569731" lon="132.6923060"></trkpt>
    <trkpt lat="-23.6568511" lon="132.6921730"></trkpt>
    <trkpt lat="-23.6565047" lon="132.6916282"></trkpt>
    <trkpt lat="-23.6564943" lon="132.6916057"></trkpt>
    <trkpt lat="-23.6563176" lon="132.6913825"></trkpt>
    <trkpt lat="-23.6561979" lon="132.6912743"></trkpt>
    <trkpt lat="-23.6561784" lon="132.6912011"></trkpt>
    <trkpt lat="-23.6560470" lon="132.6910147"></trkpt>
    <trkpt lat="-23.6557335" lon="132.6908751"></trkpt>
    <trkpt lat="-23.6555406" lon="132.6907393"></trkpt>
    <trkpt lat="-23.6554739" lon="132.6906614"></trkpt>
    <trkpt lat="-23.6554328" lon="132.6906023"></trkpt>
    <trkpt lat="-23.6553645" lon="132.6905055"></trkpt>
    <trkpt lat="-23.6552866" lon="132.6902683"></trkpt>
    <trkpt lat="-23.6551689" lon="132.6899737"></trkpt>
    <trkpt lat="-23.6551490" lon="132.6899367"></trkpt>
    <trkpt lat="-23.6551195" lon="132.6898930"></trkpt>
    <trkpt lat="-23.6551137" lon="132.6898670"></trkpt>
    <trkpt lat="-23.6549804" lon="132.6895537"></trkpt>
    <trkpt lat="-23.6547871" lon="132.6893120"></trkpt>
    <trkpt lat="-23.6547328" lon="132.6891420"></trkpt>
    <trkpt lat="-23.6547424" lon="132.6890458"></trkpt>
    <trkpt lat="-23.6548021" lon="132.6887463"></trkpt>
    <trkpt lat="-23.6548238" lon="132.6885960"></trkpt>
    <trkpt lat="-23.6548322" lon="132.6885548"></trkpt>
    <trkpt lat="-23.6549321" lon="132.6884481"></trkpt>
    <trkpt lat="-23.6552774" lon="132.6882113"></trkpt>
    <trkpt lat="-23.6554166" lon="132.6880911"></trkpt>
    <trkpt lat="-23.6554334" lon="132.6880438"></trkpt>
    <trkpt lat="-23.6554655" lon="132.6878171"></trkpt>
    <trkpt lat="-23.6554734" lon="132.6877309"></trkpt>
    <trkpt lat="-23.6554734" lon="132.6876589"></trkpt>
    <trkpt lat="-23.6555149" lon="132.6874644"></trkpt>
    <trkpt lat="-23.6555889" lon="132.6873317"></trkpt>
    <trkpt lat="-23.6555965" lon="132.6872331"></trkpt>
    <trkpt lat="-23.6556800" lon="132.6871389"></trkpt>
    <trkpt lat="-23.6557867" lon="132.6870176"></trkpt>
    <trkpt lat="-23.6558442" lon="132.6868177"></trkpt>
    <trkpt lat="-23.6558502" lon="132.6867760"></trkpt>
    <trkpt lat="-23.6558543" lon="132.6867068"></trkpt>
    <trkpt lat="-23.6558487" lon="132.6866382"></trkpt>
    <trkpt lat="-23.6558787" lon="132.6865109"></trkpt>
    <trkpt lat="-23.6558828" lon="132.6864384"></trkpt>
    <trkpt lat="-23.6558499" lon="132.6862933"></trkpt>
    <trkpt lat="-23.6557860" lon="132.6861836"></trkpt>
    <trkpt lat="-23.6557511" lon="132.6861030"></trkpt>
    <trkpt lat="-23.6556402" lon="132.6856191"></trkpt>
    <trkpt lat="-23.6556239" lon="132.6854753"></trkpt>
    <trkpt lat="-23.6556207" lon="132.6854532"></trkpt>
    <trkpt lat="-23.6556222" lon="132.6851697"></trkpt>
    <trkpt lat="-23.6556760" lon="132.6850769"></trkpt>
    <trkpt lat="-23.6556893" lon="132.6850629"></trkpt>
    <trkpt lat="-23.6556836" lon="132.6850014"></trkpt>
    <trkpt lat="-23.6556789" lon="132.6849282"></trkpt>
    <trkpt lat="-23.6556417" lon="132.6848361"></trkpt>
    <trkpt lat="-23.6556086" lon="132.6846688"></trkpt>
    <trkpt lat="-23.6556087" lon="132.6845109"></trkpt>
    <trkpt lat="-23.6555639" lon="132.6844074"></trkpt>
    <trkpt lat="-23.6554939" lon="132.6842386"></trkpt>
    <trkpt lat="-23.6554766" lon="132.6841642"></trkpt>
    <trkpt lat="-23.6554794" lon="132.6840667"></trkpt>
    <trkpt lat="-23.6555051" lon="132.6840595"></trkpt>
    <trkpt lat="-23.6555359" lon="132.6840192"></trkpt>
    <trkpt lat="-23.6556457" lon="132.6840547"></trkpt>
    <trkpt lat="-23.6557701" lon="132.6841272"></trkpt>
    <trkpt lat="-23.6558295" lon="132.6840816"></trkpt>
    <trkpt lat="-23.6558183" lon="132.6839967"></trkpt>
    <trkpt lat="-23.6558070" lon="132.6838795"></trkpt>
    <trkpt lat="-23.6557850" lon="132.6836704"></trkpt>
    <trkpt lat="-23.6557203" lon="132.6836269"></trkpt>
    <trkpt lat="-23.6557106" lon="132.6836072"></trkpt>
    <trkpt lat="-23.6555976" lon="132.6834471"></trkpt>
    <trkpt lat="-23.6554573" lon="132.6832955"></trkpt>
    <trkpt lat="-23.6553422" lon="132.6831043"></trkpt>
    <trkpt lat="-23.6552866" lon="132.6829755"></trkpt>
    <trkpt lat="-23.6551903" lon="132.6827586"></trkpt>
    <trkpt lat="-23.6550845" lon="132.6825939"></trkpt>
    <trkpt lat="-23.6549047" lon="132.6822492"></trkpt>
    <trkpt lat="-23.6548361" lon="132.6820746"></trkpt>
    <trkpt lat="-23.6548107" lon="132.6819430"></trkpt>
    <trkpt lat="-23.6547976" lon="132.6818960"></trkpt>
    <trkpt lat="-23.6548337" lon="132.6814788"></trkpt>
    <trkpt lat="-23.6549168" lon="132.6813549"></trkpt>
    <trkpt lat="-23.6550503" lon="132.6812737"></trkpt>
    <trkpt lat="-23.6551190" lon="132.6811881"></trkpt>
    <trkpt lat="-23.6551734" lon="132.6810799"></trkpt>
    <trkpt lat="-23.6552457" lon="132.6808953"></trkpt>
    <trkpt lat="-23.6552829" lon="132.6808223"></trkpt>
    <trkpt lat="-23.6553311" lon="132.6807221"></trkpt>
    <trkpt lat="-23.6553742" lon="132.6805792"></trkpt>
    <trkpt lat="-23.6553843" lon="132.6805448"></trkpt>
    <trkpt lat="-23.6554963" lon="132.6804451"></trkpt>
    <trkpt lat="-23.6558693" lon="132.6803352"></trkpt>
    <trkpt lat="-23.6559244" lon="132.6803335"></trkpt>
    <trkpt lat="-23.6560097" lon="132.6802642"></trkpt>
    <trkpt lat="-23.6560172" lon="132.6802291"></trkpt>
    <trkpt lat="-23.6561096" lon="132.6800425"></trkpt>
    <trkpt lat="-23.6561840" lon="132.6797971"></trkpt>
    <trkpt lat="-23.6562889" lon="132.6796471"></trkpt>
    <trkpt lat="-23.6563678" lon="132.6794912"></trkpt>
    <trkpt lat="-23.6563833" lon="132.6794463"></trkpt>
    <trkpt lat="-23.6564761" lon="132.6793008"></trkpt>
    <trkpt lat="-23.6565988" lon="132.6791599"></trkpt>
    <trkpt lat="-23.6567626" lon="132.6790645"></trkpt>
    <trkpt lat="-23.6568523" lon="132.6790648"></trkpt>
    <trkpt lat="-23.6569255" lon="132.6790426"></trkpt>
    <trkpt lat="-23.6570181" lon="132.6788941"></trkpt>
    <trkpt lat="-23.6573006" lon="132.6787118"></trkpt>
    <trkpt lat="-23.6573776" lon="132.6786590"></trkpt>
    <trkpt lat="-23.6575370" lon="132.6785370"></trkpt>
    <trkpt lat="-23.6576531" lon="132.6784791"></trkpt>
    <trkpt lat="-23.6578179" lon="132.6784139"></trkpt>
    <trkpt lat="-23.6579339" lon="132.6783902"></trkpt>
    <trkpt lat="-23.6579995" lon="132.6782686"></trkpt>
    <trkpt lat="-23.6580105" lon="132.6782650"></trkpt>
    <trkpt lat="-23.6580501" lon="132.6781925"></trkpt>
    <trkpt lat="-23.6580232" lon="132.6781353"></trkpt>
    <trkpt lat="-23.6580090" lon="132.6780601"></trkpt>
    <trkpt lat="-23.6577336" lon="132.6775841"></trkpt>
    <trkpt lat="-23.6575442" lon="132.6772052"></trkpt>
    <trkpt lat="-23.6575045" lon="132.6771258"></trkpt>
    <trkpt lat="-23.6574416" lon="132.6768548"></trkpt>
    <trkpt lat="-23.6575936" lon="132.6764399"></trkpt>
    <trkpt lat="-23.6575416" lon="132.6763656"></trkpt>
    <trkpt lat="-23.6574999" lon="132.6761470"></trkpt>
    <trkpt lat="-23.6572895" lon="132.6754379"></trkpt>
    <trkpt lat="-23.6572380" lon="132.6751222"></trkpt>
    <trkpt lat="-23.6573659" lon="132.6750705"></trkpt>
    <trkpt lat="-23.6574932" lon="132.6749222"></trkpt>
    <trkpt lat="-23.6575554" lon="132.6747863"></trkpt>
    <trkpt lat="-23.6576289" lon="132.6746690"></trkpt>
    <trkpt lat="-23.6576827" lon="132.6745424"></trkpt>
    <trkpt lat="-23.6577194" lon="132.6743324"></trkpt>
    <trkpt lat="-23.6577554" lon="132.6742754"></trkpt>
    <trkpt lat="-23.6578383" lon="132.6742058"></trkpt>
    <trkpt lat="-23.6580051" lon="132.6740699"></trkpt>
    <trkpt lat="-23.6580589" lon="132.6739556"></trkpt>
    <trkpt lat="-23.6581070" lon="132.6738939"></trkpt>
    <trkpt lat="-23.6581381" lon="132.6737302"></trkpt>
    <trkpt lat="-23.6582031" lon="132.6736098"></trkpt>
    <trkpt lat="-23.6582625" lon="132.6733257"></trkpt>
    <trkpt lat="-23.6582993" lon="132.6732454"></trkpt>
    <trkpt lat="-23.6582953" lon="132.6732113"></trkpt>
    <trkpt lat="-23.6583615" lon="132.6730971"></trkpt>
    <trkpt lat="-23.6585030" lon="132.6729273"></trkpt>
    <trkpt lat="-23.6585511" lon="132.6728871"></trkpt>
    <trkpt lat="-23.6586105" lon="132.6728068"></trkpt>
    <trkpt lat="-23.6586359" lon="132.6726679"></trkpt>
    <trkpt lat="-23.6587575" lon="132.6724641"></trkpt>
    <trkpt lat="-23.6588792" lon="132.6723313"></trkpt>
    <trkpt lat="-23.6589697" lon="132.6722819"></trkpt>
    <trkpt lat="-23.6590296" lon="132.6722671"></trkpt>
    <trkpt lat="-23.6591266" lon="132.6721343"></trkpt>
    <trkpt lat="-23.6591442" lon="132.6720402"></trkpt>
    <trkpt lat="-23.6591669" lon="132.6719528"></trkpt>
    <trkpt lat="-23.6591859" lon="132.6718581"></trkpt>
    <trkpt lat="-23.6591404" lon="132.6717711"></trkpt>
    <trkpt lat="-23.6590248" lon="132.6714851"></trkpt>
    <trkpt lat="-23.6589632" lon="132.6713614"></trkpt>
    <trkpt lat="-23.6589222" lon="132.6713218"></trkpt>
    <trkpt lat="-23.6588121" lon="132.6711837"></trkpt>
    <trkpt lat="-23.6587169" lon="132.6709720"></trkpt>
    <trkpt lat="-23.6586771" lon="132.6708309"></trkpt>
    <trkpt lat="-23.6586104" lon="132.6706744"></trkpt>
    <trkpt lat="-23.6585710" lon="132.6703381"></trkpt>
    <trkpt lat="-23.6585869" lon="132.6701306"></trkpt>
    <trkpt lat="-23.6585972" lon="132.6698947"></trkpt>
    <trkpt lat="-23.6585710" lon="132.6697914"></trkpt>
    <trkpt lat="-23.6584842" lon="132.6695738"></trkpt>
    <trkpt lat="-23.6584262" lon="132.6694526"></trkpt>
    <trkpt lat="-23.6584032" lon="132.6694444"></trkpt>
    <trkpt lat="-23.6582401" lon="132.6694243"></trkpt>
    <trkpt lat="-23.6581247" lon="132.6692899"></trkpt>
    <trkpt lat="-23.6580045" lon="132.6691749"></trkpt>
    <trkpt lat="-23.6579773" lon="132.6691432"></trkpt>
    <trkpt lat="-23.6579457" lon="132.6690235"></trkpt>
    <trkpt lat="-23.6578583" lon="132.6688094"></trkpt>
    <trkpt lat="-23.6578299" lon="132.6686949"></trkpt>
    <trkpt lat="-23.6578017" lon="132.6686343"></trkpt>
    <trkpt lat="-23.6577421" lon="132.6684775"></trkpt>
    <trkpt lat="-23.6576993" lon="132.6682232"></trkpt>
    <trkpt lat="-23.6577280" lon="132.6680344"></trkpt>
    <trkpt lat="-23.6576815" lon="132.6678009"></trkpt>
    <trkpt lat="-23.6576240" lon="132.6673593"></trkpt>
    <trkpt lat="-23.6576065" lon="132.6672605"></trkpt>
    <trkpt lat="-23.6576068" lon="132.6671686"></trkpt>
    <trkpt lat="-23.6575877" lon="132.6668421"></trkpt>
    <trkpt lat="-23.6574846" lon="132.6666075"></trkpt>
    <trkpt lat="-23.6573480" lon="132.6663714"></trkpt>
    <trkpt lat="-23.6570738" lon="132.6661533"></trkpt>
    <trkpt lat="-23.6569212" lon="132.6660544"></trkpt>
    <trkpt lat="-23.6568616" lon="132.6659929"></trkpt>
    <trkpt lat="-23.6568006" lon="132.6659101"></trkpt>
    <trkpt lat="-23.6567638" lon="132.6658348"></trkpt>
    <trkpt lat="-23.6566691" lon="132.6657774"></trkpt>
    <trkpt lat="-23.6565116" lon="132.6657581"></trkpt>
    <trkpt lat="-23.6561748" lon="132.6657837"></trkpt>
    <trkpt lat="-23.6559742" lon="132.6656988"></trkpt>
    <trkpt lat="-23.6556938" lon="132.6655571"></trkpt>
    <trkpt lat="-23.6556593" lon="132.6655042"></trkpt>
    <trkpt lat="-23.6555598" lon="132.6654076"></trkpt>
    <trkpt lat="-23.6554248" lon="132.6652578"></trkpt>
    <trkpt lat="-23.6553241" lon="132.6651187"></trkpt>
    <trkpt lat="-23.6551628" lon="132.6650303"></trkpt>
    <trkpt lat="-23.6550208" lon="132.6650295"></trkpt>
    <trkpt lat="-23.6548563" lon="132.6650418"></trkpt>
    <trkpt lat="-23.6546863" lon="132.6651208"></trkpt>
    <trkpt lat="-23.6545679" lon="132.6651823"></trkpt>
    <trkpt lat="-23.6544992" lon="132.6652218"></trkpt>
    <trkpt lat="-23.6543689" lon="132.6653519"></trkpt>
    <trkpt lat="-23.6541670" lon="132.6654110"></trkpt>
    <trkpt lat="-23.6540848" lon="132.6653984"></trkpt>
    <trkpt lat="-23.6540325" lon="132.6654239"></trkpt>
    <trkpt lat="-23.6539146" lon="132.6654661"></trkpt>
    <trkpt lat="-23.6537017" lon="132.6654948"></trkpt>
    <trkpt lat="-23.6535461" lon="132.6656156"></trkpt>
    <trkpt lat="-23.6534003" lon="132.6656862"></trkpt>
    <trkpt lat="-23.6531889" lon="132.6656492"></trkpt>
    <trkpt lat="-23.6530559" lon="132.6655572"></trkpt>
    <trkpt lat="-23.6529462" lon="132.6654448"></trkpt>
    <trkpt lat="-23.6527877" lon="132.6653217"></trkpt>
    <trkpt lat="-23.6526390" lon="132.6652661"></trkpt>
    <trkpt lat="-23.6526585" lon="132.6652590"></trkpt>
    <trkpt lat="-23.6526470" lon="132.6652492"></trkpt>
    <trkpt lat="-23.6524079" lon="132.6651876"></trkpt>
    <trkpt lat="-23.6522230" lon="132.6652266"></trkpt>
    <trkpt lat="-23.6520975" lon="132.6652948"></trkpt>
    <trkpt lat="-23.6520785" lon="132.6652986"></trkpt>
    <trkpt lat="-23.6519480" lon="132.6653015"></trkpt>
    <trkpt lat="-23.6518712" lon="132.6652836"></trkpt>
    <trkpt lat="-23.6514855" lon="132.6651350"></trkpt>
    <trkpt lat="-23.6510737" lon="132.6649708"></trkpt>
    <trkpt lat="-23.6510219" lon="132.6649574"></trkpt>
    <trkpt lat="-23.6509005" lon="132.6649260"></trkpt>
    <trkpt lat="-23.6507639" lon="132.6648716"></trkpt>
    <trkpt lat="-23.6505267" lon="132.6648291"></trkpt>
    <trkpt lat="-23.6502363" lon="132.6646123"></trkpt>
    <trkpt lat="-23.6500864" lon="132.6645270"></trkpt>
    <trkpt lat="-23.6498715" lon="132.6645033"></trkpt>
    <trkpt lat="-23.6497031" lon="132.6644533"></trkpt>
    <trkpt lat="-23.6495462" lon="132.6643914"></trkpt>
    <trkpt lat="-23.6492225" lon="132.6642678"></trkpt>
    <trkpt lat="-23.6490484" lon="132.6641396"></trkpt>
    <trkpt lat="-23.6489413" lon="132.6640180"></trkpt>
    <trkpt lat="-23.6487967" lon="132.6639326"></trkpt>
    <trkpt lat="-23.6486680" lon="132.6638232"></trkpt>
    <trkpt lat="-23.6486028" lon="132.6636728"></trkpt>
    <trkpt lat="-23.6486064" lon="132.6636638"></trkpt>
    <trkpt lat="-23.6486020" lon="132.6636268"></trkpt>
    <trkpt lat="-23.6485923" lon="132.6635721"></trkpt>
    <trkpt lat="-23.6485646" lon="132.6634918"></trkpt>
    <trkpt lat="-23.6483457" lon="132.6634032"></trkpt>
    <trkpt lat="-23.6482628" lon="132.6633477"></trkpt>
    <trkpt lat="-23.6481214" lon="132.6632229"></trkpt>
    <trkpt lat="-23.6479992" lon="132.6631245"></trkpt>
    <trkpt lat="-23.6478258" lon="132.6629600"></trkpt>
    <trkpt lat="-23.6476928" lon="132.6627931"></trkpt>
    <trkpt lat="-23.6476318" lon="132.6627010"></trkpt>
    <trkpt lat="-23.6475251" lon="132.6625314"></trkpt>
    <trkpt lat="-23.6474635" lon="132.6624739"></trkpt>
    <trkpt lat="-23.6473769" lon="132.6624251"></trkpt>
    <trkpt lat="-23.6472558" lon="132.6623102"></trkpt>
    <trkpt lat="-23.6471310" lon="132.6622146"></trkpt>
    <trkpt lat="-23.6470020" lon="132.6621366"></trkpt>
    <trkpt lat="-23.6469940" lon="132.6621240"></trkpt>
    <trkpt lat="-23.6469706" lon="132.6619158"></trkpt>
    <trkpt lat="-23.6468596" lon="132.6618473"></trkpt>
    <trkpt lat="-23.6466782" lon="132.6617804"></trkpt>
    <trkpt lat="-23.6465224" lon="132.6617588"></trkpt>
    <trkpt lat="-23.6463440" lon="132.6617493"></trkpt>
    <trkpt lat="-23.6463213" lon="132.6617411"></trkpt>
    <trkpt lat="-23.6462398" lon="132.6616549"></trkpt>
    <trkpt lat="-23.6461990" lon="132.6614486"></trkpt>
    <trkpt lat="-23.6462816" lon="132.6610444"></trkpt>
    <trkpt lat="-23.6464064" lon="132.6608220"></trkpt>
    <trkpt lat="-23.6464554" lon="132.6606221"></trkpt>
    <trkpt lat="-23.6465250" lon="132.6604627"></trkpt>
    <trkpt lat="-23.6465996" lon="132.6603363"></trkpt>
    <trkpt lat="-23.6466090" lon="132.6603230"></trkpt>
    <trkpt lat="-23.6466400" lon="132.6602832"></trkpt>
    <trkpt lat="-23.6465816" lon="132.6601218"></trkpt>
    <trkpt lat="-23.6465708" lon="132.6601061"></trkpt>
    <trkpt lat="-23.6463995" lon="132.6599707"></trkpt>
    <trkpt lat="-23.6460534" lon="132.6596842"></trkpt>
    <trkpt lat="-23.6459643" lon="132.6595740"></trkpt>
    <trkpt lat="-23.6458161" lon="132.6594260"></trkpt>
    <trkpt lat="-23.6456341" lon="132.6593162"></trkpt>
    <trkpt lat="-23.6455692" lon="132.6592839"></trkpt>
    <trkpt lat="-23.6455277" lon="132.6592638"></trkpt>
    <trkpt lat="-23.6454361" lon="132.6591654"></trkpt>
    <trkpt lat="-23.6453489" lon="132.6589643"></trkpt>
    <trkpt lat="-23.6452490" lon="132.6588053"></trkpt>
    <trkpt lat="-23.6451372" lon="132.6586258"></trkpt>
    <trkpt lat="-23.6451077" lon="132.6585742"></trkpt>
    <trkpt lat="-23.6451005" lon="132.6585577"></trkpt>
    <trkpt lat="-23.6450392" lon="132.6583775"></trkpt>
    <trkpt lat="-23.6449516" lon="132.6582015"></trkpt>
    <trkpt lat="-23.6447897" lon="132.6581484"></trkpt>
    <trkpt lat="-23.6447103" lon="132.6580807"></trkpt>
    <trkpt lat="-23.6447154" lon="132.6580748"></trkpt>
    <trkpt lat="-23.6447006" lon="132.6580275"></trkpt>
    <trkpt lat="-23.6447442" lon="132.6579843"></trkpt>
    <trkpt lat="-23.6448120" lon="132.6579012"></trkpt>
    <trkpt lat="-23.6447504" lon="132.6578540"></trkpt>
    <trkpt lat="-23.6446303" lon="132.6577406"></trkpt>
    <trkpt lat="-23.6446007" lon="132.6575682"></trkpt>
    <trkpt lat="-23.6445542" lon="132.6573738"></trkpt>
    <trkpt lat="-23.6445027" lon="132.6572069"></trkpt>
    <trkpt lat="-23.6444882" lon="132.6571668"></trkpt>
    <trkpt lat="-23.6444587" lon="132.6570558"></trkpt>
    <trkpt lat="-23.6444165" lon="132.6568794"></trkpt>
    <trkpt lat="-23.6442842" lon="132.6566673"></trkpt>
    <trkpt lat="-23.6441980" lon="132.6564559"></trkpt>
    <trkpt lat="-23.6441742" lon="132.6563111"></trkpt>
    <trkpt lat="-23.6441483" lon="132.6560879"></trkpt>
    <trkpt lat="-23.6440819" lon="132.6558317"></trkpt>
    <trkpt lat="-23.6440127" lon="132.6556392"></trkpt>
    <trkpt lat="-23.6439993" lon="132.6555975"></trkpt>
    <trkpt lat="-23.6439792" lon="132.6554007"></trkpt>
    <trkpt lat="-23.6438941" lon="132.6551850"></trkpt>
    <trkpt lat="-23.6437217" lon="132.6547706"></trkpt>
    <trkpt lat="-23.6436294" lon="132.6545262"></trkpt>
    <trkpt lat="-23.6435602" lon="132.6543258"></trkpt>
    <trkpt lat="-23.6435328" lon="132.6542684"></trkpt>
    <trkpt lat="-23.6435173" lon="132.6541259"></trkpt>
    <trkpt lat="-23.6435295" lon="132.6539437"></trkpt>
    <trkpt lat="-23.6434509" lon="132.6538283"></trkpt>
    <trkpt lat="-23.6433363" lon="132.6536158"></trkpt>
    <trkpt lat="-23.6432440" lon="132.6534918"></trkpt>
    <trkpt lat="-23.6431329" lon="132.6533135"></trkpt>
    <trkpt lat="-23.6430367" lon="132.6531226"></trkpt>
    <trkpt lat="-23.6429281" lon="132.6529518"></trkpt>
    <trkpt lat="-23.6428467" lon="132.6528432"></trkpt>
    <trkpt lat="-23.6426934" lon="132.6526385"></trkpt>
    <trkpt lat="-23.6425204" lon="132.6524905"></trkpt>
    <trkpt lat="-23.6423098" lon="132.6523390"></trkpt>
    <trkpt lat="-23.6422788" lon="132.6522957"></trkpt>
    <trkpt lat="-23.6422510" lon="132.6522784"></trkpt>
    <trkpt lat="-23.6422243" lon="132.6522142"></trkpt>
    <trkpt lat="-23.6422207" lon="132.6521890"></trkpt>
    <trkpt lat="-23.6421659" lon="132.6521406"></trkpt>
    <trkpt lat="-23.6420433" lon="132.6519914"></trkpt>
    <trkpt lat="-23.6419258" lon="132.6518631"></trkpt>
    <trkpt lat="-23.6419254" lon="132.6517490"></trkpt>
    <trkpt lat="-23.6419053" lon="132.6516663"></trkpt>
    <trkpt lat="-23.6418667" lon="132.6515616"></trkpt>
    <trkpt lat="-23.6418721" lon="132.6515199"></trkpt>
    <trkpt lat="-23.6418638" lon="132.6513420"></trkpt>
    <trkpt lat="-23.6418479" lon="132.6511460"></trkpt>
    <trkpt lat="-23.6418746" lon="132.6509764"></trkpt>
    <trkpt lat="-23.6418577" lon="132.6507733"></trkpt>
    <trkpt lat="-23.6418285" lon="132.6506658"></trkpt>
    <trkpt lat="-23.6417617" lon="132.6504934"></trkpt>
    <trkpt lat="-23.6417592" lon="132.6504769"></trkpt>
    <trkpt lat="-23.6416904" lon="132.6502967"></trkpt>
    <trkpt lat="-23.6414715" lon="132.6500180"></trkpt>
    <trkpt lat="-23.6414037" lon="132.6499121"></trkpt>
    <trkpt lat="-23.6413958" lon="132.6499027"></trkpt>
    <trkpt lat="-23.6413684" lon="132.6498125"></trkpt>
    <trkpt lat="-23.6413594" lon="132.6497633"></trkpt>
    <trkpt lat="-23.6413641" lon="132.6497157"></trkpt>
    <trkpt lat="-23.6413565" lon="132.6495996"></trkpt>
    <trkpt lat="-23.6413626" lon="132.6495571"></trkpt>
    <trkpt lat="-23.6413680" lon="132.6494674"></trkpt>
    <trkpt lat="-23.6413619" lon="132.6492805"></trkpt>
    <trkpt lat="-23.6413177" lon="132.6492094"></trkpt>
    <trkpt lat="-23.6412741" lon="132.6491477"></trkpt>
    <trkpt lat="-23.6410216" lon="132.6488923"></trkpt>
    <trkpt lat="-23.6406646" lon="132.6485608"></trkpt>
    <trkpt lat="-23.6404174" lon="132.6484376"></trkpt>
    <trkpt lat="-23.6397456" lon="132.6483672"></trkpt>
    <trkpt lat="-23.6394819" lon="132.6483142"></trkpt>
    <trkpt lat="-23.6391329" lon="132.6482440"></trkpt>
    <trkpt lat="-23.6382139" lon="132.6480621"></trkpt>
    <trkpt lat="-23.6377034" lon="132.6476456"></trkpt>
    <trkpt lat="-23.6368596" lon="132.6475283"></trkpt>
    <trkpt lat="-23.6357525" lon="132.6474520"></trkpt>
    <trkpt lat="-23.6352951" lon="132.6475751"></trkpt>
    <trkpt lat="-23.6351113" lon="132.6475829"></trkpt>
    <trkpt lat="-23.6348197" lon="132.6477729"></trkpt>
    <trkpt lat="-23.6346023" lon="132.6477981"></trkpt>
    <trkpt lat="-23.6339179" lon="132.6477821"></trkpt>
    <trkpt lat="-23.6338080" lon="132.6478401"></trkpt>
    <trkpt lat="-23.6333742" lon="132.6479708"></trkpt>
    <trkpt lat="-23.6330961" lon="132.6480720"></trkpt>
    <trkpt lat="-23.6329666" lon="132.6480353"></trkpt>
    <trkpt lat="-23.6328070" lon="132.6479637"></trkpt>
    <trkpt lat="-23.6325876" lon="132.6479708"></trkpt>
    <trkpt lat="-23.6324915" lon="132.6480128"></trkpt>
    <trkpt lat="-23.6323716" lon="132.6480634"></trkpt>
    <trkpt lat="-23.6322751" lon="132.6481833"></trkpt>
    <trkpt lat="-23.6321677" lon="132.6482589"></trkpt>
    <trkpt lat="-23.6321328" lon="132.6482966"></trkpt>
    <trkpt lat="-23.6319419" lon="132.6482573"></trkpt>
    <trkpt lat="-23.6318052" lon="132.6483561"></trkpt>
    <trkpt lat="-23.6315678" lon="132.6484233"></trkpt>
    <trkpt lat="-23.6312775" lon="132.6483241"></trkpt>
    <trkpt lat="-23.6312238" lon="132.6482729"></trkpt>
    <trkpt lat="-23.6310953" lon="132.6480542"></trkpt>
    <trkpt lat="-23.6310183" lon="132.6479167"></trkpt>
    <trkpt lat="-23.6309851" lon="132.6478455"></trkpt>
    <trkpt lat="-23.6309637" lon="132.6477297"></trkpt>
    <trkpt lat="-23.6309066" lon="132.6476073"></trkpt>
    <trkpt lat="-23.6308857" lon="132.6475900"></trkpt>
    <trkpt lat="-23.6308444" lon="132.6474676"></trkpt>
    <trkpt lat="-23.6307929" lon="132.6473975"></trkpt>
    <trkpt lat="-23.6306935" lon="132.6473051"></trkpt>
    <trkpt lat="-23.6306328" lon="132.6471142"></trkpt>
    <trkpt lat="-23.6306068" lon="132.6469823"></trkpt>
    <trkpt lat="-23.6305900" lon="132.6469517"></trkpt>
    <trkpt lat="-23.6305706" lon="132.6468888"></trkpt>
    <trkpt lat="-23.6305742" lon="132.6468743"></trkpt>
    <trkpt lat="-23.6305737" lon="132.6466634"></trkpt>
    <trkpt lat="-23.6304411" lon="132.6465031"></trkpt>
    <trkpt lat="-23.6303611" lon="132.6464118"></trkpt>
    <trkpt lat="-23.6302948" lon="132.6463551"></trkpt>
    <trkpt lat="-23.6301867" lon="132.6462671"></trkpt>
    <trkpt lat="-23.6301418" lon="132.6462159"></trkpt>
    <trkpt lat="-23.6301270" lon="132.6461998"></trkpt>
    <trkpt lat="-23.6300979" lon="132.6461323"></trkpt>
    <trkpt lat="-23.6300638" lon="132.6460529"></trkpt>
    <trkpt lat="-23.6300342" lon="132.6460556"></trkpt>
    <trkpt lat="-23.6298644" lon="132.6461146"></trkpt>
    <trkpt lat="-23.6296936" lon="132.6462365"></trkpt>
    <trkpt lat="-23.6296110" lon="132.6462783"></trkpt>
    <trkpt lat="-23.6295218" lon="132.6462844"></trkpt>
    <trkpt lat="-23.6293306" lon="132.6462549"></trkpt>
    <trkpt lat="-23.6291547" lon="132.6462003"></trkpt>
    <trkpt lat="-23.6289579" lon="132.6462042"></trkpt>
    <trkpt lat="-23.6287871" lon="132.6461213"></trkpt>
    <trkpt lat="-23.6286958" lon="132.6460378"></trkpt>
    <trkpt lat="-23.6285388" lon="132.6459566"></trkpt>
    <trkpt lat="-23.6285260" lon="132.6459555"></trkpt>
    <trkpt lat="-23.6284791" lon="132.6459388"></trkpt>
    <trkpt lat="-23.6283940" lon="132.6459332"></trkpt>
    <trkpt lat="-23.6282670" lon="132.6459226"></trkpt>
    <trkpt lat="-23.6281028" lon="132.6458425"></trkpt>
    <trkpt lat="-23.6279315" lon="132.6457896"></trkpt>
    <trkpt lat="-23.6278754" lon="132.6457674"></trkpt>
    <trkpt lat="-23.6277908" lon="132.6457635"></trkpt>
    <trkpt lat="-23.6276011" lon="132.6457045"></trkpt>
    <trkpt lat="-23.6274777" lon="132.6456416"></trkpt>
    <trkpt lat="-23.6274512" lon="132.6456399"></trkpt>
    <trkpt lat="-23.6272952" lon="132.6455748"></trkpt>
    <trkpt lat="-23.6272503" lon="132.6455503"></trkpt>
    <trkpt lat="-23.6270962" lon="132.6455507"></trkpt>
    <trkpt lat="-23.6270450" lon="132.6455495"></trkpt>
    <trkpt lat="-23.6269729" lon="132.6455322"></trkpt>
    <trkpt lat="-23.6268871" lon="132.6455511"></trkpt>
    <trkpt lat="-23.6267017" lon="132.6454350"></trkpt>
    <trkpt lat="-23.6265406" lon="132.6453417"></trkpt>
    <trkpt lat="-23.6264126" lon="132.6452343"></trkpt>
    <trkpt lat="-23.6263437" lon="132.6451843"></trkpt>
    <trkpt lat="-23.6262889" lon="132.6451387"></trkpt>
    <trkpt lat="-23.6261754" lon="132.6450151"></trkpt>
    <trkpt lat="-23.6260402" lon="132.6449096"></trkpt>
    <trkpt lat="-23.6258819" lon="132.6448156"></trkpt>
    <trkpt lat="-23.6258347" lon="132.6448026"></trkpt>
    <trkpt lat="-23.6256944" lon="132.6448337"></trkpt>
    <trkpt lat="-23.6256684" lon="132.6448518"></trkpt>
    <trkpt lat="-23.6256159" lon="132.6448745"></trkpt>
    <trkpt lat="-23.6255581" lon="132.6448994"></trkpt>
    <trkpt lat="-23.6253602" lon="132.6449254"></trkpt>
    <trkpt lat="-23.6253440" lon="132.6449254"></trkpt>
    <trkpt lat="-23.6252290" lon="132.6448750"></trkpt>
    <trkpt lat="-23.6251193" lon="132.6447719"></trkpt>
    <trkpt lat="-23.6250231" lon="132.6446389"></trkpt>
    <trkpt lat="-23.6250047" lon="132.6446224"></trkpt>
    <trkpt lat="-23.6249301" lon="132.6445826"></trkpt>
    <trkpt lat="-23.6247660" lon="132.6446106"></trkpt>
    <trkpt lat="-23.6245944" lon="132.6446330"></trkpt>
    <trkpt lat="-23.6244300" lon="132.6446452"></trkpt>
    <trkpt lat="-23.6243168" lon="132.6446444"></trkpt>
    <trkpt lat="-23.6243045" lon="132.6446358"></trkpt>
    <trkpt lat="-23.6242858" lon="132.6446023"></trkpt>
    <trkpt lat="-23.6241491" lon="132.6444748"></trkpt>
    <trkpt lat="-23.6239155" lon="132.6443111"></trkpt>
    <trkpt lat="-23.6237641" lon="132.6442501"></trkpt>
    <trkpt lat="-23.6237287" lon="132.6442155"></trkpt>
    <trkpt lat="-23.6236808" lon="132.6440691"></trkpt>
    <trkpt lat="-23.6235636" lon="132.6440116"></trkpt>
    <trkpt lat="-23.6235167" lon="132.6439900"></trkpt>
    <trkpt lat="-23.6234872" lon="132.6439699"></trkpt>
    <trkpt lat="-23.6233660" lon="132.6439554"></trkpt>
    <trkpt lat="-23.6232121" lon="132.6439105"></trkpt>
    <trkpt lat="-23.6231933" lon="132.6439089"></trkpt>
    <trkpt lat="-23.6231454" lon="132.6439164"></trkpt>
    <trkpt lat="-23.6227156" lon="132.6437952"></trkpt>
    <trkpt lat="-23.6227088" lon="132.6437889"></trkpt>
    <trkpt lat="-23.6226057" lon="132.6437220"></trkpt>
    <trkpt lat="-23.6224531" lon="132.6436228"></trkpt>
    <trkpt lat="-23.6224430" lon="132.6436165"></trkpt>
    <trkpt lat="-23.6223262" lon="132.6434973"></trkpt>
    <trkpt lat="-23.6223201" lon="132.6434859"></trkpt>
    <trkpt lat="-23.6221117" lon="132.6433001"></trkpt>
    <trkpt lat="-23.6220216" lon="132.6431959"></trkpt>
    <trkpt lat="-23.6220064" lon="132.6432010"></trkpt>
    <trkpt lat="-23.6219898" lon="132.6432077"></trkpt>
    <trkpt lat="-23.6218092" lon="132.6431738"></trkpt>
    <trkpt lat="-23.6216001" lon="132.6431459"></trkpt>
    <trkpt lat="-23.6214205" lon="132.6430865"></trkpt>
    <trkpt lat="-23.6212413" lon="132.6430617"></trkpt>
    <trkpt lat="-23.6210452" lon="132.6430569"></trkpt>
    <trkpt lat="-23.6208534" lon="132.6430648"></trkpt>
    <trkpt lat="-23.6208191" lon="132.6430672"></trkpt>
    <trkpt lat="-23.6207131" lon="132.6430278"></trkpt>
    <trkpt lat="-23.6205505" lon="132.6430286"></trkpt>
    <trkpt lat="-23.6202653" lon="132.6431211"></trkpt>
    <trkpt lat="-23.6200378" lon="132.6432982"></trkpt>
    <trkpt lat="-23.6199152" lon="132.6432651"></trkpt>
    <trkpt lat="-23.6198413" lon="132.6432175"></trkpt>
    <trkpt lat="-23.6196499" lon="132.6431715"></trkpt>
    <trkpt lat="-23.6195136" lon="132.6431223"></trkpt>
    <trkpt lat="-23.6193715" lon="132.6430589"></trkpt>
    <trkpt lat="-23.6192590" lon="132.6430644"></trkpt>
    <trkpt lat="-23.6191988" lon="132.6431168"></trkpt>
    <trkpt lat="-23.6191184" lon="132.6431789"></trkpt>
    <trkpt lat="-23.6190776" lon="132.6432022"></trkpt>
    <trkpt lat="-23.6190290" lon="132.6431825"></trkpt>
    <trkpt lat="-23.6189057" lon="132.6429475"></trkpt>
    <trkpt lat="-23.6188184" lon="132.6428496"></trkpt>
    <trkpt lat="-23.6187337" lon="132.6427653"></trkpt>
    <trkpt lat="-23.6186926" lon="132.6426072"></trkpt>
    <trkpt lat="-23.6186666" lon="132.6424525"></trkpt>
    <trkpt lat="-23.6186363" lon="132.6424100"></trkpt>
    <trkpt lat="-23.6185689" lon="132.6423592"></trkpt>
    <trkpt lat="-23.6185260" lon="132.6423482"></trkpt>
    <trkpt lat="-23.6184095" lon="132.6423880"></trkpt>
    <trkpt lat="-23.6183010" lon="132.6424147"></trkpt>
    <trkpt lat="-23.6182765" lon="132.6424092"></trkpt>
    <trkpt lat="-23.6181579" lon="132.6423573"></trkpt>
    <trkpt lat="-23.6180349" lon="132.6422644"></trkpt>
    <trkpt lat="-23.6180061" lon="132.6419940"></trkpt>
    <trkpt lat="-23.6179112" lon="132.6418197"></trkpt>
    <trkpt lat="-23.6177991" lon="132.6416895"></trkpt>
    <trkpt lat="-23.6177032" lon="132.6415950"></trkpt>
    <trkpt lat="-23.6176015" lon="132.6414833"></trkpt>
    <trkpt lat="-23.6174797" lon="132.6414120"></trkpt>
    <trkpt lat="-23.6173910" lon="132.6413798"></trkpt>
    <trkpt lat="-23.6173030" lon="132.6413683"></trkpt>
    <trkpt lat="-23.6171865" lon="132.6413066"></trkpt>
    <trkpt lat="-23.6171227" lon="132.6413916"></trkpt>
    <trkpt lat="-23.6170167" lon="132.6415667"></trkpt>
    <trkpt lat="-23.6170109" lon="132.6417028"></trkpt>
    <trkpt lat="-23.6170091" lon="132.6417139"></trkpt>
    <trkpt lat="-23.6170196" lon="132.6417878"></trkpt>
    <trkpt lat="-23.6170290" lon="132.6417800"></trkpt>
    <trkpt lat="-23.6170585" lon="132.6417422"></trkpt>
    <trkpt lat="-23.6171728" lon="132.6416666"></trkpt>
    <trkpt lat="-23.6173015" lon="132.6418315"></trkpt>
    <trkpt lat="-23.6173819" lon="132.6420247"></trkpt>
    <trkpt lat="-23.6173780" lon="132.6422065"></trkpt>
    <trkpt lat="-23.6173646" lon="132.6422518"></trkpt>
    <trkpt lat="-23.6173657" lon="132.6422884"></trkpt>
    <trkpt lat="-23.6173700" lon="132.6423360"></trkpt>
    <trkpt lat="-23.6173434" lon="132.6423435"></trkpt>
    <trkpt lat="-23.6172316" lon="132.6422353"></trkpt>
    <trkpt lat="-23.6171876" lon="132.6422317"></trkpt>
    <trkpt lat="-23.6171905" lon="132.6422510"></trkpt>
    <trkpt lat="-23.6171916" lon="132.6422699"></trkpt>
    <trkpt lat="-23.6171681" lon="132.6423982"></trkpt>
    <trkpt lat="-23.6170419" lon="132.6427398"></trkpt>
    <trkpt lat="-23.6170181" lon="132.6427524"></trkpt>
    <trkpt lat="-23.6169709" lon="132.6427799"></trkpt>
    <trkpt lat="-23.6168858" lon="132.6428019"></trkpt>
    <trkpt lat="-23.6167589" lon="132.6427854"></trkpt>
    <trkpt lat="-23.6166096" lon="132.6427382"></trkpt>
    <trkpt lat="-23.6164661" lon="132.6427228"></trkpt>
    <trkpt lat="-23.6162523" lon="132.6427079"></trkpt>
    <trkpt lat="-23.6161257" lon="132.6426768"></trkpt>
    <trkpt lat="-23.6160143" lon="132.6427268"></trkpt>
    <trkpt lat="-23.6157486" lon="132.6427968"></trkpt>
    <trkpt lat="-23.6157529" lon="132.6428027"></trkpt>
    <trkpt lat="-23.6158901" lon="132.6430075"></trkpt>
    <trkpt lat="-23.6159013" lon="132.6433080"></trkpt>
    <trkpt lat="-23.6159462" lon="132.6435072"></trkpt>
    <trkpt lat="-23.6159472" lon="132.6435584"></trkpt>
    <trkpt lat="-23.6159564" lon="132.6436352"></trkpt>
    <trkpt lat="-23.6159462" lon="132.6439257"></trkpt>
    <trkpt lat="-23.6159278" lon="132.6439691"></trkpt>
    <trkpt lat="-23.6157932" lon="132.6438834"></trkpt>
    <trkpt lat="-23.6157871" lon="132.6438367"></trkpt>
    <trkpt lat="-23.6157677" lon="132.6438155"></trkpt>
    <trkpt lat="-23.6156239" lon="132.6436853"></trkpt>
    <trkpt lat="-23.6155397" lon="132.6435960"></trkpt>
    <trkpt lat="-23.6153223" lon="132.6434767"></trkpt>
    <trkpt lat="-23.6151885" lon="132.6434756"></trkpt>
    <trkpt lat="-23.6151590" lon="132.6434464"></trkpt>
    <trkpt lat="-23.6150541" lon="132.6434445"></trkpt>
    <trkpt lat="-23.6150472" lon="132.6434457"></trkpt>
    <trkpt lat="-23.6149592" lon="132.6434838"></trkpt>
    <trkpt lat="-23.6149621" lon="132.6435019"></trkpt>
    <trkpt lat="-23.6149733" lon="132.6435212"></trkpt>
    <trkpt lat="-23.6149747" lon="132.6435527"></trkpt>
    <trkpt lat="-23.6150158" lon="132.6436440"></trkpt>
    <trkpt lat="-23.6150220" lon="132.6437396"></trkpt>
    <trkpt lat="-23.6149585" lon="132.6438942"></trkpt>
    <trkpt lat="-23.6149070" lon="132.6439911"></trkpt>
    <trkpt lat="-23.6148240" lon="132.6440501"></trkpt>
    <trkpt lat="-23.6147905" lon="132.6440918"></trkpt>
    <trkpt lat="-23.6147523" lon="132.6441071"></trkpt>
    <trkpt lat="-23.6147004" lon="132.6440328"></trkpt>
    <trkpt lat="-23.6146812" lon="132.6440280"></trkpt>
    <trkpt lat="-23.6145201" lon="132.6439179"></trkpt>
    <trkpt lat="-23.6144339" lon="132.6439151"></trkpt>
    <trkpt lat="-23.6144274" lon="132.6439218"></trkpt>
    <trkpt lat="-23.6143957" lon="132.6439737"></trkpt>
    <trkpt lat="-23.6143366" lon="132.6440068"></trkpt>
    <trkpt lat="-23.6142709" lon="132.6440481"></trkpt>
    <trkpt lat="-23.6141891" lon="132.6441292"></trkpt>
    <trkpt lat="-23.6141372" lon="132.6441603"></trkpt>
    <trkpt lat="-23.6141307" lon="132.6441744"></trkpt>
    <trkpt lat="-23.6141249" lon="132.6442059"></trkpt>
    <trkpt lat="-23.6141116" lon="132.6442405"></trkpt>
    <trkpt lat="-23.6140535" lon="132.6443137"></trkpt>
    <trkpt lat="-23.6139688" lon="132.6443444"></trkpt>
    <trkpt lat="-23.6138837" lon="132.6444223"></trkpt>
    <trkpt lat="-23.6138246" lon="132.6444078"></trkpt>
    <trkpt lat="-23.6138156" lon="132.6443956"></trkpt>
    <trkpt lat="-23.6137831" lon="132.6443306"></trkpt>
    <trkpt lat="-23.6137600" lon="132.6442539"></trkpt>
    <trkpt lat="-23.6136948" lon="132.6442098"></trkpt>
    <trkpt lat="-23.6136457" lon="132.6441351"></trkpt>
    <trkpt lat="-23.6135863" lon="132.6440863"></trkpt>
    <trkpt lat="-23.6135834" lon="132.6440532"></trkpt>
    <trkpt lat="-23.6134557" lon="132.6440092"></trkpt>
    <trkpt lat="-23.6134099" lon="132.6440127"></trkpt>
    <trkpt lat="-23.6133739" lon="132.6440831"></trkpt>
    <trkpt lat="-23.6133101" lon="132.6441284"></trkpt>
    <trkpt lat="-23.6132152" lon="132.6442153"></trkpt>
    <trkpt lat="-23.6131475" lon="132.6442653"></trkpt>
    <trkpt lat="-23.6131402" lon="132.6442771"></trkpt>
    <trkpt lat="-23.6130642" lon="132.6443381"></trkpt>
    <trkpt lat="-23.6130216" lon="132.6443853"></trkpt>
    <trkpt lat="-23.6130137" lon="132.6443873"></trkpt>
    <trkpt lat="-23.6129870" lon="132.6444518"></trkpt>
    <trkpt lat="-23.6128875" lon="132.6444566"></trkpt>
    <trkpt lat="-23.6127390" lon="132.6444814"></trkpt>
    <trkpt lat="-23.6126503" lon="132.6444908"></trkpt>
    <trkpt lat="-23.6126203" lon="132.6444876"></trkpt>
    <trkpt lat="-23.6123907" lon="132.6443657"></trkpt>
    <trkpt lat="-23.6122522" lon="132.6443181"></trkpt>
    <trkpt lat="-23.6122378" lon="132.6443287"></trkpt>
    <trkpt lat="-23.6122317" lon="132.6443342"></trkpt>
    <trkpt lat="-23.6119493" lon="132.6444341"></trkpt>
    <trkpt lat="-23.6119093" lon="132.6443979"></trkpt>
    <trkpt lat="-23.6118718" lon="132.6443487"></trkpt>
    <trkpt lat="-23.6117651" lon="132.6443668"></trkpt>
    <trkpt lat="-23.6115902" lon="132.6443759"></trkpt>
    <trkpt lat="-23.6114175" lon="132.6444046"></trkpt>
    <trkpt lat="-23.6113367" lon="132.6444857"></trkpt>
    <trkpt lat="-23.6111925" lon="132.6445270"></trkpt>
    <trkpt lat="-23.6111475" lon="132.6445290"></trkpt>
    <trkpt lat="-23.6110912" lon="132.6445117"></trkpt>
    <trkpt lat="-23.6110216" lon="132.6445128"></trkpt>
    <trkpt lat="-23.6108431" lon="132.6445416"></trkpt>
    <trkpt lat="-23.6108219" lon="132.6445494"></trkpt>
    <trkpt lat="-23.6106921" lon="132.6445636"></trkpt>
    <trkpt lat="-23.6104826" lon="132.6445648"></trkpt>
    <trkpt lat="-23.6104094" lon="132.6445581"></trkpt>
    <trkpt lat="-23.6103391" lon="132.6445726"></trkpt>
    <trkpt lat="-23.6102551" lon="132.6445463"></trkpt>
    <trkpt lat="-23.6102406" lon="132.6445400"></trkpt>
    <trkpt lat="-23.6101912" lon="132.6445538"></trkpt>
    <trkpt lat="-23.6100694" lon="132.6445868"></trkpt>
    <trkpt lat="-23.6100193" lon="132.6446588"></trkpt>
    <trkpt lat="-23.6099695" lon="132.6446502"></trkpt>
    <trkpt lat="-23.6099879" lon="132.6447230"></trkpt>
    <trkpt lat="-23.6099782" lon="132.6447552"></trkpt>
    <trkpt lat="-23.6099482" lon="132.6448552"></trkpt>
    <trkpt lat="-23.6099407" lon="132.6449559"></trkpt>
    <trkpt lat="-23.6099053" lon="132.6450216"></trkpt>
    <trkpt lat="-23.6098628" lon="132.6449724"></trkpt>
    <trkpt lat="-23.6098224" lon="132.6449075"></trkpt>
    <trkpt lat="-23.6097921" lon="132.6449799"></trkpt>
    <trkpt lat="-23.6097467" lon="132.6450287"></trkpt>
    <trkpt lat="-23.6097315" lon="132.6449638"></trkpt>
    <trkpt lat="-23.6097265" lon="132.6449032"></trkpt>
    <trkpt lat="-23.6097149" lon="132.6448847"></trkpt>
    <trkpt lat="-23.6096630" lon="132.6448174"></trkpt>
    <trkpt lat="-23.6096089" lon="132.6448772"></trkpt>
    <trkpt lat="-23.6095812" lon="132.6448544"></trkpt>
    <trkpt lat="-23.6095687" lon="132.6448438"></trkpt>
    <trkpt lat="-23.6095107" lon="132.6448363"></trkpt>
    <trkpt lat="-23.6094674" lon="132.6448756"></trkpt>
    <trkpt lat="-23.6094584" lon="132.6449929"></trkpt>
    <trkpt lat="-23.6094087" lon="132.6450350"></trkpt>
    <trkpt lat="-23.6093964" lon="132.6449512"></trkpt>
    <trkpt lat="-23.6093531" lon="132.6450555"></trkpt>
    <trkpt lat="-23.6092994" lon="132.6451141"></trkpt>
    <trkpt lat="-23.6092125" lon="132.6451648"></trkpt>
    <trkpt lat="-23.6092259" lon="132.6452852"></trkpt>
    <trkpt lat="-23.6091880" lon="132.6452597"></trkpt>
    <trkpt lat="-23.6091941" lon="132.6451401"></trkpt>
    <trkpt lat="-23.6092082" lon="132.6450326"></trkpt>
    <trkpt lat="-23.6091473" lon="132.6449299"></trkpt>
    <trkpt lat="-23.6090921" lon="132.6448823"></trkpt>
    <trkpt lat="-23.6090117" lon="132.6447844"></trkpt>
    <trkpt lat="-23.6089277" lon="132.6447057"></trkpt>
    <trkpt lat="-23.6088336" lon="132.6446006"></trkpt>
    <trkpt lat="-23.6087298" lon="132.6445491"></trkpt>
    <trkpt lat="-23.6086104" lon="132.6444566"></trkpt>
    <trkpt lat="-23.6085116" lon="132.6443582"></trkpt>
    <trkpt lat="-23.6084713" lon="132.6443271"></trkpt>
    <trkpt lat="-23.6084363" lon="132.6443012"></trkpt>
    <trkpt lat="-23.6084154" lon="132.6442516"></trkpt>
    <trkpt lat="-23.6083415" lon="132.6441355"></trkpt>
    <trkpt lat="-23.6083234" lon="132.6440942"></trkpt>
    <trkpt lat="-23.6082694" lon="132.6440069"></trkpt>
    <trkpt lat="-23.6081918" lon="132.6438699"></trkpt>
    <trkpt lat="-23.6081846" lon="132.6438420"></trkpt>
    <trkpt lat="-23.6080981" lon="132.6437055"></trkpt>
    <trkpt lat="-23.6080350" lon="132.6436996"></trkpt>
    <trkpt lat="-23.6079917" lon="132.6437090"></trkpt>
    <trkpt lat="-23.6079016" lon="132.6436775"></trkpt>
    <trkpt lat="-23.6078472" lon="132.6436311"></trkpt>
    <trkpt lat="-23.6078017" lon="132.6435087"></trkpt>
    <trkpt lat="-23.6077776" lon="132.6433911"></trkpt>
    <trkpt lat="-23.6077686" lon="132.6433734"></trkpt>
    <trkpt lat="-23.6077412" lon="132.6433431"></trkpt>
    <trkpt lat="-23.6077040" lon="132.6432715"></trkpt>
    <trkpt lat="-23.6076734" lon="132.6431979"></trkpt>
    <trkpt lat="-23.6076460" lon="132.6431149"></trkpt>
    <trkpt lat="-23.6076366" lon="132.6430728"></trkpt>
    <trkpt lat="-23.6076197" lon="132.6430350"></trkpt>
    <trkpt lat="-23.6075879" lon="132.6429421"></trkpt>
    <trkpt lat="-23.6075699" lon="132.6428977"></trkpt>
    <trkpt lat="-23.6075166" lon="132.6427871"></trkpt>
    <trkpt lat="-23.6074906" lon="132.6426931"></trkpt>
    <trkpt lat="-23.6074452" lon="132.6426159"></trkpt>
    <trkpt lat="-23.6074181" lon="132.6425782"></trkpt>
    <trkpt lat="-23.6074066" lon="132.6425471"></trkpt>
    <trkpt lat="-23.6073745" lon="132.6424920"></trkpt>
    <trkpt lat="-23.6073514" lon="132.6424877"></trkpt>
    <trkpt lat="-23.6073320" lon="132.6423354"></trkpt>
    <trkpt lat="-23.6073136" lon="132.6422390"></trkpt>
    <trkpt lat="-23.6073060" lon="132.6421398"></trkpt>
    <trkpt lat="-23.6072909" lon="132.6420438"></trkpt>
    <trkpt lat="-23.6072624" lon="132.6419199"></trkpt>
    <trkpt lat="-23.6072606" lon="132.6418613"></trkpt>
    <trkpt lat="-23.6072548" lon="132.6417932"></trkpt>
    <trkpt lat="-23.6072591" lon="132.6417570"></trkpt>
    <trkpt lat="-23.6072548" lon="132.6416472"></trkpt>
    <trkpt lat="-23.6072725" lon="132.6415083"></trkpt>
    <trkpt lat="-23.6072707" lon="132.6413985"></trkpt>
    <trkpt lat="-23.6072411" lon="132.6412707"></trkpt>
    <trkpt lat="-23.6071647" lon="132.6411660"></trkpt>
    <trkpt lat="-23.6071272" lon="132.6410606"></trkpt>
    <trkpt lat="-23.6070677" lon="132.6408115"></trkpt>
    <trkpt lat="-23.6070453" lon="132.6406934"></trkpt>
    <trkpt lat="-23.6070821" lon="132.6405805"></trkpt>
    <trkpt lat="-23.6071423" lon="132.6404448"></trkpt>
    <trkpt lat="-23.6071737" lon="132.6402933"></trkpt>
    <trkpt lat="-23.6071737" lon="132.6401894"></trkpt>
    <trkpt lat="-23.6071257" lon="132.6400914"></trkpt>
    <trkpt lat="-23.6071337" lon="132.6399813"></trkpt>
    <trkpt lat="-23.6071185" lon="132.6398872"></trkpt>
    <trkpt lat="-23.6070886" lon="132.6397660"></trkpt>
    <trkpt lat="-23.6072173" lon="132.6394572"></trkpt>
    <trkpt lat="-23.6072314" lon="132.6393627"></trkpt>
    <trkpt lat="-23.6072224" lon="132.6392915"></trkpt>
    <trkpt lat="-23.6072393" lon="132.6391951"></trkpt>
    <trkpt lat="-23.6072368" lon="132.6391499"></trkpt>
    <trkpt lat="-23.6072130" lon="132.6390023"></trkpt>
    <trkpt lat="-23.6072451" lon="132.6388268"></trkpt>
    <trkpt lat="-23.6071535" lon="132.6386962"></trkpt>
    <trkpt lat="-23.6070439" lon="132.6384074"></trkpt>
    <trkpt lat="-23.6070031" lon="132.6382815"></trkpt>
    <trkpt lat="-23.6069811" lon="132.6381591"></trkpt>
    <trkpt lat="-23.6069282" lon="132.6380340"></trkpt>
    <trkpt lat="-23.6068362" lon="132.6378978"></trkpt>
    <trkpt lat="-23.6068359" lon="132.6378345"></trkpt>
    <trkpt lat="-23.6068070" lon="132.6378140"></trkpt>
    <trkpt lat="-23.6067645" lon="132.6377999"></trkpt>
    <trkpt lat="-23.6067079" lon="132.6377157"></trkpt>
    <trkpt lat="-23.6066412" lon="132.6376795"></trkpt>
    <trkpt lat="-23.6065730" lon="132.6376865"></trkpt>
    <trkpt lat="-23.6065182" lon="132.6375602"></trkpt>
    <trkpt lat="-23.6065294" lon="132.6373718"></trkpt>
    <trkpt lat="-23.6064375" lon="132.6372431"></trkpt>
    <trkpt lat="-23.6064043" lon="132.6372242"></trkpt>
    <trkpt lat="-23.6063981" lon="132.6372001"></trkpt>
    <trkpt lat="-23.6063913" lon="132.6371739"></trkpt>
    <trkpt lat="-23.6064093" lon="132.6371278"></trkpt>
    <trkpt lat="-23.6064205" lon="132.6371034"></trkpt>
    <trkpt lat="-23.6064302" lon="132.6370810"></trkpt>
    <trkpt lat="-23.6065031" lon="132.6369724"></trkpt>
    <trkpt lat="-23.6065539" lon="132.6368878"></trkpt>
    <trkpt lat="-23.6067244" lon="132.6368205"></trkpt>
    <trkpt lat="-23.6067868" lon="132.6368134"></trkpt>
    <trkpt lat="-23.6068117" lon="132.6367670"></trkpt>
    <trkpt lat="-23.6068261" lon="132.6367450"></trkpt>
    <trkpt lat="-23.6068578" lon="132.6367135"></trkpt>
    <trkpt lat="-23.6068961" lon="132.6366537"></trkpt>
    <trkpt lat="-23.6069620" lon="132.6366092"></trkpt>
    <trkpt lat="-23.6069469" lon="132.6364880"></trkpt>
    <trkpt lat="-23.6069653" lon="132.6364211"></trkpt>
    <trkpt lat="-23.6069667" lon="132.6363912"></trkpt>
    <trkpt lat="-23.6070370" lon="132.6362464"></trkpt>
    <trkpt lat="-23.6070911" lon="132.6361870"></trkpt>
    <trkpt lat="-23.6071027" lon="132.6361705"></trkpt>
    <trkpt lat="-23.6071827" lon="132.6361359"></trkpt>
    <trkpt lat="-23.6072184" lon="132.6361040"></trkpt>
    <trkpt lat="-23.6072220" lon="132.6360875"></trkpt>
    <trkpt lat="-23.6072346" lon="132.6359930"></trkpt>
    <trkpt lat="-23.6072663" lon="132.6359325"></trkpt>
    <trkpt lat="-23.6072876" lon="132.6358782"></trkpt>
    <trkpt lat="-23.6073439" lon="132.6358439"></trkpt>
    <trkpt lat="-23.6073449" lon="132.6358136"></trkpt>
    <trkpt lat="-23.6073857" lon="132.6356728"></trkpt>
    <trkpt lat="-23.6074062" lon="132.6356558"></trkpt>
    <trkpt lat="-23.6074239" lon="132.6356531"></trkpt>
    <trkpt lat="-23.6075241" lon="132.6356976"></trkpt>
    <trkpt lat="-23.6075775" lon="132.6356889"></trkpt>
    <trkpt lat="-23.6076089" lon="132.6356625"></trkpt>
    <trkpt lat="-23.6076518" lon="132.6355838"></trkpt>
    <trkpt lat="-23.6076629" lon="132.6355504"></trkpt>
    <trkpt lat="-23.6076568" lon="132.6355327"></trkpt>
    <trkpt lat="-23.6076525" lon="132.6354115"></trkpt>
    <trkpt lat="-23.6076377" lon="132.6353438"></trkpt>
    <trkpt lat="-23.6075025" lon="132.6351931"></trkpt>
    <trkpt lat="-23.6075043" lon="132.6351109"></trkpt>
    <trkpt lat="-23.6075166" lon="132.6349866"></trkpt>
    <trkpt lat="-23.6075295" lon="132.6349665"></trkpt>
    <trkpt lat="-23.6075375" lon="132.6348390"></trkpt>
    <trkpt lat="-23.6075313" lon="132.6348000"></trkpt>
    <trkpt lat="-23.6075432" lon="132.6346836"></trkpt>
    <trkpt lat="-23.6075926" lon="132.6346155"></trkpt>
    <trkpt lat="-23.6076045" lon="132.6345447"></trkpt>
    <trkpt lat="-23.6076471" lon="132.6344440"></trkpt>
    <trkpt lat="-23.6076856" lon="132.6344015"></trkpt>
    <trkpt lat="-23.6076875" lon="132.6343566"></trkpt>
    <trkpt lat="-23.6076460" lon="132.6342598"></trkpt>
    <trkpt lat="-23.6076680" lon="132.6341965"></trkpt>
    <trkpt lat="-23.6076763" lon="132.6341622"></trkpt>
    <trkpt lat="-23.6076662" lon="132.6340989"></trkpt>
    <trkpt lat="-23.6076737" lon="132.6340796"></trkpt>
    <trkpt lat="-23.6076723" lon="132.6340666"></trkpt>
    <trkpt lat="-23.6076802" lon="132.6339938"></trkpt>
    <trkpt lat="-23.6076099" lon="132.6338774"></trkpt>
    <trkpt lat="-23.6075955" lon="132.6338443"></trkpt>
    <trkpt lat="-23.6075645" lon="132.6337963"></trkpt>
    <trkpt lat="-23.6075577" lon="132.6337664"></trkpt>
    <trkpt lat="-23.6075746" lon="132.6336338"></trkpt>
    <trkpt lat="-23.6075483" lon="132.6334965"></trkpt>
    <trkpt lat="-23.6074369" lon="132.6331723"></trkpt>
    <trkpt lat="-23.6073922" lon="132.6329618"></trkpt>
    <trkpt lat="-23.6073496" lon="132.6328945"></trkpt>
    <trkpt lat="-23.6073359" lon="132.6327729"></trkpt>
    <trkpt lat="-23.6072862" lon="132.6327162"></trkpt>
    <trkpt lat="-23.6071383" lon="132.6326600"></trkpt>
    <trkpt lat="-23.6070843" lon="132.6325903"></trkpt>
    <trkpt lat="-23.6070572" lon="132.6325392"></trkpt>
    <trkpt lat="-23.6070093" lon="132.6325030"></trkpt>
    <trkpt lat="-23.6070024" lon="132.6325136"></trkpt>
    <trkpt lat="-23.6069765" lon="132.6323932"></trkpt>
    <trkpt lat="-23.6069624" lon="132.6322897"></trkpt>
    <trkpt lat="-23.6069509" lon="132.6322523"></trkpt>
    <trkpt lat="-23.6069033" lon="132.6321272"></trkpt>
    <trkpt lat="-23.6068178" lon="132.6319789"></trkpt>
    <trkpt lat="-23.6067821" lon="132.6318526"></trkpt>
    <trkpt lat="-23.6067331" lon="132.6317644"></trkpt>
    <trkpt lat="-23.6066606" lon="132.6316948"></trkpt>
    <trkpt lat="-23.6065362" lon="132.6315842"></trkpt>
    <trkpt lat="-23.6065261" lon="132.6315677"></trkpt>
    <trkpt lat="-23.6064919" lon="132.6315161"></trkpt>
    <trkpt lat="-23.6064832" lon="132.6314209"></trkpt>
    <trkpt lat="-23.6064421" lon="132.6313839"></trkpt>
    <trkpt lat="-23.6064010" lon="132.6312950"></trkpt>
    <trkpt lat="-23.6063617" lon="132.6312364"></trkpt>
    <trkpt lat="-23.6062864" lon="132.6311660"></trkpt>
    <trkpt lat="-23.6062435" lon="132.6311345"></trkpt>
    <trkpt lat="-23.6061573" lon="132.6310617"></trkpt>
    <trkpt lat="-23.6061011" lon="132.6310495"></trkpt>
    <trkpt lat="-23.6060347" lon="132.6310267"></trkpt>
    <trkpt lat="-23.6060362" lon="132.6310196"></trkpt>
    <trkpt lat="-23.6060719" lon="132.6309527"></trkpt>
    <trkpt lat="-23.6060859" lon="132.6309373"></trkpt>
    <trkpt lat="-23.6061191" lon="132.6308488"></trkpt>
    <trkpt lat="-23.6061277" lon="132.6308350"></trkpt>
    <trkpt lat="-23.6061288" lon="132.6308008"></trkpt>
    <trkpt lat="-23.6061652" lon="132.6307001"></trkpt>
    <trkpt lat="-23.6062103" lon="132.6306497"></trkpt>
    <trkpt lat="-23.6061818" lon="132.6306607"></trkpt>
    <trkpt lat="-23.6061220" lon="132.6306360"></trkpt>
    <trkpt lat="-23.6060596" lon="132.6305848"></trkpt>
    <trkpt lat="-23.6059752" lon="132.6305439"></trkpt>
    <trkpt lat="-23.6059579" lon="132.6305317"></trkpt>
    <trkpt lat="-23.6059204" lon="132.6305258"></trkpt>
    <trkpt lat="-23.6058768" lon="132.6305061"></trkpt>
    <trkpt lat="-23.6058635" lon="132.6304900"></trkpt>
    <trkpt lat="-23.6057441" lon="132.6305262"></trkpt>
    <trkpt lat="-23.6057427" lon="132.6304959"></trkpt>
    <trkpt lat="-23.6057308" lon="132.6303306"></trkpt>
    <trkpt lat="-23.6057578" lon="132.6302472"></trkpt>
    <trkpt lat="-23.6057841" lon="132.6302126"></trkpt>
    <trkpt lat="-23.6057906" lon="132.6302039"></trkpt>
    <trkpt lat="-23.6057791" lon="132.6300572"></trkpt>
    <trkpt lat="-23.6057849" lon="132.6299985"></trkpt>
    <trkpt lat="-23.6058490" lon="132.6298974"></trkpt>
    <trkpt lat="-23.6058249" lon="132.6298537"></trkpt>
    <trkpt lat="-23.6057903" lon="132.6298057"></trkpt>
    <trkpt lat="-23.6057142" lon="132.6297920"></trkpt>
    <trkpt lat="-23.6056554" lon="132.6297617"></trkpt>
    <trkpt lat="-23.6055246" lon="132.6297085"></trkpt>
    <trkpt lat="-23.6054564" lon="132.6297058"></trkpt>
    <trkpt lat="-23.6053987" lon="132.6296739"></trkpt>
    <trkpt lat="-23.6053948" lon="132.6296578"></trkpt>
    <trkpt lat="-23.6053951" lon="132.6296330"></trkpt>
    <trkpt lat="-23.6053976" lon="132.6296102"></trkpt>
    <trkpt lat="-23.6053778" lon="132.6295634"></trkpt>
    <trkpt lat="-23.6053821" lon="132.6294158"></trkpt>
    <trkpt lat="-23.6053526" lon="132.6293426"></trkpt>
    <trkpt lat="-23.6053299" lon="132.6292399"></trkpt>
    <trkpt lat="-23.6053381" lon="132.6291089"></trkpt>
    <trkpt lat="-23.6053129" lon="132.6290109"></trkpt>
    <trkpt lat="-23.6052686" lon="132.6289621"></trkpt>
    <trkpt lat="-23.6052588" lon="132.6289247"></trkpt>
    <trkpt lat="-23.6052430" lon="132.6289173"></trkpt>
    <trkpt lat="-23.6052469" lon="132.6289102"></trkpt>
    <trkpt lat="-23.6052430" lon="132.6289004"></trkpt>
    <trkpt lat="-23.6052325" lon="132.6288657"></trkpt>
    <trkpt lat="-23.6052614" lon="132.6288189"></trkpt>
    <trkpt lat="-23.6052383" lon="132.6287567"></trkpt>
    <trkpt lat="-23.6052376" lon="132.6287194"></trkpt>
    <trkpt lat="-23.6052751" lon="132.6286029"></trkpt>
    <trkpt lat="-23.6053158" lon="132.6285242"></trkpt>
    <trkpt lat="-23.6053097" lon="132.6285163"></trkpt>
    <trkpt lat="-23.6052776" lon="132.6284896"></trkpt>
    <trkpt lat="-23.6052347" lon="132.6284770"></trkpt>
    <trkpt lat="-23.6051928" lon="132.6284719"></trkpt>
    <trkpt lat="-23.6051110" lon="132.6284420"></trkpt>
    <trkpt lat="-23.6050645" lon="132.6284313"></trkpt>
    <trkpt lat="-23.6050050" lon="132.6284290"></trkpt>
    <trkpt lat="-23.6049484" lon="132.6284380"></trkpt>
    <trkpt lat="-23.6049228" lon="132.6284730"></trkpt>
    <trkpt lat="-23.6048355" lon="132.6284911"></trkpt>
    <trkpt lat="-23.6047970" lon="132.6284805"></trkpt>
    <trkpt lat="-23.6047793" lon="132.6284848"></trkpt>
    <trkpt lat="-23.6047440" lon="132.6284833"></trkpt>
    <trkpt lat="-23.6047173" lon="132.6284868"></trkpt>
    <trkpt lat="-23.6046783" lon="132.6284616"></trkpt>
    <trkpt lat="-23.6045738" lon="132.6284298"></trkpt>
    <trkpt lat="-23.6044963" lon="132.6284180"></trkpt>
    <trkpt lat="-23.6043420" lon="132.6284384"></trkpt>
    <trkpt lat="-23.6042843" lon="132.6284443"></trkpt>
    <trkpt lat="-23.6042619" lon="132.6284510"></trkpt>
    <trkpt lat="-23.6041985" lon="132.6284656"></trkpt>
    <trkpt lat="-23.6041253" lon="132.6285144"></trkpt>
    <trkpt lat="-23.6039605" lon="132.6286666"></trkpt>
    <trkpt lat="-23.6038141" lon="132.6287532"></trkpt>
    <trkpt lat="-23.6037773" lon="132.6287599"></trkpt>
    <trkpt lat="-23.6037723" lon="132.6287599"></trkpt>
    <trkpt lat="-23.6037074" lon="132.6286167"></trkpt>
    <trkpt lat="-23.6036531" lon="132.6284687"></trkpt>
    <trkpt lat="-23.6036297" lon="132.6283204"></trkpt>
    <trkpt lat="-23.6036470" lon="132.6282657"></trkpt>
    <trkpt lat="-23.6036510" lon="132.6282448"></trkpt>
    <trkpt lat="-23.6036333" lon="132.6282303"></trkpt>
    <trkpt lat="-23.6036365" lon="132.6282260"></trkpt>
    <trkpt lat="-23.6036286" lon="132.6281658"></trkpt>
    <trkpt lat="-23.6036171" lon="132.6280064"></trkpt>
    <trkpt lat="-23.6035998" lon="132.6279073"></trkpt>
    <trkpt lat="-23.6035817" lon="132.6278793"></trkpt>
    <trkpt lat="-23.6035158" lon="132.6275984"></trkpt>
    <trkpt lat="-23.6035046" lon="132.6275732"></trkpt>
    <trkpt lat="-23.6034696" lon="132.6274182"></trkpt>
    <trkpt lat="-23.6034729" lon="132.6273080"></trkpt>
    <trkpt lat="-23.6034296" lon="132.6270881"></trkpt>
    <trkpt lat="-23.6034101" lon="132.6270173"></trkpt>
    <trkpt lat="-23.6032843" lon="132.6268992"></trkpt>
    <trkpt lat="-23.6031855" lon="132.6267674"></trkpt>
    <trkpt lat="-23.6031422" lon="132.6266718"></trkpt>
    <trkpt lat="-23.6031239" lon="132.6266419"></trkpt>
    <trkpt lat="-23.6031076" lon="132.6266254"></trkpt>
    <trkpt lat="-23.6030889" lon="132.6265471"></trkpt>
    <trkpt lat="-23.6030954" lon="132.6263488"></trkpt>
    <trkpt lat="-23.6030936" lon="132.6262229"></trkpt>
    <trkpt lat="-23.6030842" lon="132.6260746"></trkpt>
    <trkpt lat="-23.6031199" lon="132.6259376"></trkpt>
    <trkpt lat="-23.6031019" lon="132.6257570"></trkpt>
    <trkpt lat="-23.6030770" lon="132.6256040"></trkpt>
    <trkpt lat="-23.6030651" lon="132.6254029"></trkpt>
    <trkpt lat="-23.6030651" lon="132.6252589"></trkpt>
    <trkpt lat="-23.6030694" lon="132.6251712"></trkpt>
    <trkpt lat="-23.6030449" lon="132.6249930"></trkpt>
    <trkpt lat="-23.6030377" lon="132.6248934"></trkpt>
    <trkpt lat="-23.6029851" lon="132.6248230"></trkpt>
    <trkpt lat="-23.6029573" lon="132.6247931"></trkpt>
    <trkpt lat="-23.6029367" lon="132.6247333"></trkpt>
    <trkpt lat="-23.6029140" lon="132.6247396"></trkpt>
    <trkpt lat="-23.6028960" lon="132.6247486"></trkpt>
    <trkpt lat="-23.6028596" lon="132.6247825"></trkpt>
    <trkpt lat="-23.6028066" lon="132.6248210"></trkpt>
    <trkpt lat="-23.6027788" lon="132.6248427"></trkpt>
    <trkpt lat="-23.6027046" lon="132.6249111"></trkpt>
    <trkpt lat="-23.6026483" lon="132.6249241"></trkpt>
    <trkpt lat="-23.6026397" lon="132.6249025"></trkpt>
    <trkpt lat="-23.6025874" lon="132.6247293"></trkpt>
    <trkpt lat="-23.6025996" lon="132.6246263"></trkpt>
    <trkpt lat="-23.6026040" lon="132.6245259"></trkpt>
    <trkpt lat="-23.6026079" lon="132.6244575"></trkpt>
    <trkpt lat="-23.6026141" lon="132.6244520"></trkpt>
    <trkpt lat="-23.6026234" lon="132.6244484"></trkpt>
    <trkpt lat="-23.6026429" lon="132.6243678"></trkpt>
    <trkpt lat="-23.6026382" lon="132.6243371"></trkpt>
    <trkpt lat="-23.6026371" lon="132.6242785"></trkpt>
    <trkpt lat="-23.6026184" lon="132.6241832"></trkpt>
    <trkpt lat="-23.6026112" lon="132.6240314"></trkpt>
    <trkpt lat="-23.6026115" lon="132.6239066"></trkpt>
    <trkpt lat="-23.6025957" lon="132.6238205"></trkpt>
    <trkpt lat="-23.6025557" lon="132.6238468"></trkpt>
    <trkpt lat="-23.6025355" lon="132.6238673"></trkpt>
    <trkpt lat="-23.6024749" lon="132.6239228"></trkpt>
    <trkpt lat="-23.6023750" lon="132.6240979"></trkpt>
    <trkpt lat="-23.6023411" lon="132.6241274"></trkpt>
    <trkpt lat="-23.6023282" lon="132.6241215"></trkpt>
    <trkpt lat="-23.6023040" lon="132.6241022"></trkpt>
    <trkpt lat="-23.6023130" lon="132.6240357"></trkpt>
    <trkpt lat="-23.6023328" lon="132.6238339"></trkpt>
    <trkpt lat="-23.6023242" lon="132.6237477"></trkpt>
    <trkpt lat="-23.6023170" lon="132.6237516"></trkpt>
    <trkpt lat="-23.6022979" lon="132.6237733"></trkpt>
    <trkpt lat="-23.6022034" lon="132.6239169"></trkpt>
    <trkpt lat="-23.6021609" lon="132.6239633"></trkpt>
    <trkpt lat="-23.6021497" lon="132.6239641"></trkpt>
    <trkpt lat="-23.6019810" lon="132.6237044"></trkpt>
    <trkpt lat="-23.6019572" lon="132.6236163"></trkpt>
    <trkpt lat="-23.6019993" lon="132.6235348"></trkpt>
    <trkpt lat="-23.6019132" lon="132.6235155"></trkpt>
    <trkpt lat="-23.6018155" lon="132.6234203"></trkpt>
    <trkpt lat="-23.6018162" lon="132.6233715"></trkpt>
    <trkpt lat="-23.6018068" lon="132.6232850"></trkpt>
    <trkpt lat="-23.6017733" lon="132.6231752"></trkpt>
    <trkpt lat="-23.6017870" lon="132.6231064"></trkpt>
    <trkpt lat="-23.6017664" lon="132.6230906"></trkpt>
    <trkpt lat="-23.6017008" lon="132.6229124"></trkpt>
    <trkpt lat="-23.6016237" lon="132.6227385"></trkpt>
    <trkpt lat="-23.6015894" lon="132.6225689"></trkpt>
    <trkpt lat="-23.6015804" lon="132.6224336"></trkpt>
    <trkpt lat="-23.6015851" lon="132.6223706"></trkpt>
    <trkpt lat="-23.6014654" lon="132.6221625"></trkpt>
    <trkpt lat="-23.6011413" lon="132.6219901"></trkpt>
    <trkpt lat="-23.6010515" lon="132.6219185"></trkpt>
    <trkpt lat="-23.6010605" lon="132.6217726"></trkpt>
    <trkpt lat="-23.6010587" lon="132.6215927"></trkpt>
    <trkpt lat="-23.6009296" lon="132.6214535"></trkpt>
    <trkpt lat="-23.6008568" lon="132.6212886"></trkpt>
    <trkpt lat="-23.6008301" lon="132.6211820"></trkpt>
    <trkpt lat="-23.6007968" lon="132.6210750"></trkpt>
    <trkpt lat="-23.6007939" lon="132.6210824"></trkpt>
    <trkpt lat="-23.6007207" lon="132.6209160"></trkpt>
    <trkpt lat="-23.6006248" lon="132.6208058"></trkpt>
    <trkpt lat="-23.6005595" lon="132.6207043"></trkpt>
    <trkpt lat="-23.6004178" lon="132.6205293"></trkpt>
    <trkpt lat="-23.6003911" lon="132.6204643"></trkpt>
    <trkpt lat="-23.6002862" lon="132.6203188"></trkpt>
    <trkpt lat="-23.6002325" lon="132.6202975"></trkpt>
    <trkpt lat="-23.6001114" lon="132.6202133"></trkpt>
    <trkpt lat="-23.6001099" lon="132.6201984"></trkpt>
    <trkpt lat="-23.5999992" lon="132.6200339"></trkpt>
    <trkpt lat="-23.5998918" lon="132.6198958"></trkpt>
    <trkpt lat="-23.5998309" lon="132.6197498"></trkpt>
    <trkpt lat="-23.5997988" lon="132.6196955"></trkpt>
    <trkpt lat="-23.5997173" lon="132.6194965"></trkpt>
    <trkpt lat="-23.5996657" lon="132.6194013"></trkpt>
    <trkpt lat="-23.5996647" lon="132.6193631"></trkpt>
    <trkpt lat="-23.5996223" lon="132.6191754"></trkpt>
    <trkpt lat="-23.5996100" lon="132.6189814"></trkpt>
    <trkpt lat="-23.5996306" lon="132.6188209"></trkpt>
    <trkpt lat="-23.5996731" lon="132.6187418"></trkpt>
    <trkpt lat="-23.5996450" lon="132.6186002"></trkpt>
    <trkpt lat="-23.5997276" lon="132.6184208"></trkpt>
    <trkpt lat="-23.5997687" lon="132.6182382"></trkpt>
    <trkpt lat="-23.5997676" lon="132.6180537"></trkpt>
    <trkpt lat="-23.5998711" lon="132.6177004"></trkpt>
    <trkpt lat="-23.5998541" lon="132.6175371"></trkpt>
    <trkpt lat="-23.5997918" lon="132.6173628"></trkpt>
    <trkpt lat="-23.5997712" lon="132.6172853"></trkpt>
    <trkpt lat="-23.5996868" lon="132.6171499"></trkpt>
    <trkpt lat="-23.5996111" lon="132.6170193"></trkpt>
    <trkpt lat="-23.5996057" lon="132.6169890"></trkpt>
    <trkpt lat="-23.5995899" lon="132.6169268"></trkpt>
    <trkpt lat="-23.5995214" lon="132.6168344"></trkpt>
    <trkpt lat="-23.5994673" lon="132.6167100"></trkpt>
    <trkpt lat="-23.5994550" lon="132.6166668"></trkpt>
    <trkpt lat="-23.5993782" lon="132.6165251"></trkpt>
    <trkpt lat="-23.5992881" lon="132.6164047"></trkpt>
    <trkpt lat="-23.5992185" lon="132.6161919"></trkpt>
    <trkpt lat="-23.5992030" lon="132.6159786"></trkpt>
    <trkpt lat="-23.5992080" lon="132.6159448"></trkpt>
    <trkpt lat="-23.5991727" lon="132.6158629"></trkpt>
    <trkpt lat="-23.5991749" lon="132.6157972"></trkpt>
    <trkpt lat="-23.5991482" lon="132.6157386"></trkpt>
    <trkpt lat="-23.5991143" lon="132.6156788"></trkpt>
    <trkpt lat="-23.5991121" lon="132.6156702"></trkpt>
    <trkpt lat="-23.5990238" lon="132.6155419"></trkpt>
    <trkpt lat="-23.5990069" lon="132.6153979"></trkpt>
    <trkpt lat="-23.5990040" lon="132.6153538"></trkpt>
    <trkpt lat="-23.5989387" lon="132.6152468"></trkpt>
    <trkpt lat="-23.5989582" lon="132.6150426"></trkpt>
    <trkpt lat="-23.5989412" lon="132.6150123"></trkpt>
    <trkpt lat="-23.5988778" lon="132.6147562"></trkpt>
    <trkpt lat="-23.5988489" lon="132.6147282"></trkpt>
    <trkpt lat="-23.5988367" lon="132.6146633"></trkpt>
    <trkpt lat="-23.5988504" lon="132.6146279"></trkpt>
    <trkpt lat="-23.5987646" lon="132.6145370"></trkpt>
    <trkpt lat="-23.5987440" lon="132.6144851"></trkpt>
    <trkpt lat="-23.5987372" lon="132.6143749"></trkpt>
    <trkpt lat="-23.5988954" lon="132.6139685"></trkpt>
    <trkpt lat="-23.5989164" lon="132.6138737"></trkpt>
    <trkpt lat="-23.5989221" lon="132.6138264"></trkpt>
    <trkpt lat="-23.5989265" lon="132.6138264"></trkpt>
    <trkpt lat="-23.5989751" lon="132.6136242"></trkpt>
    <trkpt lat="-23.5990155" lon="132.6134330"></trkpt>
    <trkpt lat="-23.5990833" lon="132.6132618"></trkpt>
    <trkpt lat="-23.5991536" lon="132.6130553"></trkpt>
    <trkpt lat="-23.5991911" lon="132.6129369"></trkpt>
    <trkpt lat="-23.5991943" lon="132.6129022"></trkpt>
    <trkpt lat="-23.5992120" lon="132.6128243"></trkpt>
    <trkpt lat="-23.5992502" lon="132.6127873"></trkpt>
    <trkpt lat="-23.5992596" lon="132.6127079"></trkpt>
    <trkpt lat="-23.5992686" lon="132.6125104"></trkpt>
    <trkpt lat="-23.5993227" lon="132.6123994"></trkpt>
    <trkpt lat="-23.5994143" lon="132.6122196"></trkpt>
    <trkpt lat="-23.5994424" lon="132.6121771"></trkpt>
    <trkpt lat="-23.5995502" lon="132.6121448"></trkpt>
    <trkpt lat="-23.5996465" lon="132.6120433"></trkpt>
    <trkpt lat="-23.5996486" lon="132.6120311"></trkpt>
    <trkpt lat="-23.5996367" lon="132.6119155"></trkpt>
    <trkpt lat="-23.5996360" lon="132.6118077"></trkpt>
    <trkpt lat="-23.5996465" lon="132.6116546"></trkpt>
    <trkpt lat="-23.5996569" lon="132.6115240"></trkpt>
    <trkpt lat="-23.5997741" lon="132.6110908"></trkpt>
    <trkpt lat="-23.5997910" lon="132.6110479"></trkpt>
    <trkpt lat="-23.5997882" lon="132.6110420"></trkpt>
    <trkpt lat="-23.5997932" lon="132.6109027"></trkpt>
    <trkpt lat="-23.5997979" lon="132.6108520"></trkpt>
    <trkpt lat="-23.5998300" lon="132.6107686"></trkpt>
    <trkpt lat="-23.5998808" lon="132.6107025"></trkpt>
    <trkpt lat="-23.6000651" lon="132.6105470"></trkpt>
    <trkpt lat="-23.6001570" lon="132.6104573"></trkpt>
    <trkpt lat="-23.6001912" lon="132.6104203"></trkpt>
    <trkpt lat="-23.6002987" lon="132.6102913"></trkpt>
    <trkpt lat="-23.6004260" lon="132.6101874"></trkpt>
    <trkpt lat="-23.6005172" lon="132.6100422"></trkpt>
    <trkpt lat="-23.6005691" lon="132.6099215"></trkpt>
    <trkpt lat="-23.6007090" lon="132.6098243"></trkpt>
    <trkpt lat="-23.6007248" lon="132.6098203"></trkpt>
    <trkpt lat="-23.6007281" lon="132.6098156"></trkpt>
    <trkpt lat="-23.6008251" lon="132.6096449"></trkpt>
    <trkpt lat="-23.6008453" lon="132.6095768"></trkpt>
    <trkpt lat="-23.6010086" lon="132.6093635"></trkpt>
    <trkpt lat="-23.6010425" lon="132.6093289"></trkpt>
    <trkpt lat="-23.6011052" lon="132.6091829"></trkpt>
    <trkpt lat="-23.6011380" lon="132.6091176"></trkpt>
    <trkpt lat="-23.6012419" lon="132.6089244"></trkpt>
    <trkpt lat="-23.6013143" lon="132.6087761"></trkpt>
    <trkpt lat="-23.6013313" lon="132.6087592"></trkpt>
    <trkpt lat="-23.6013205" lon="132.6087368"></trkpt>
    <trkpt lat="-23.6015058" lon="132.6086368"></trkpt>
    <trkpt lat="-23.6016565" lon="132.6085703"></trkpt>
    <trkpt lat="-23.6016954" lon="132.6085428"></trkpt>
    <trkpt lat="-23.6017434" lon="132.6084397"></trkpt>
    <trkpt lat="-23.6018043" lon="132.6082473"></trkpt>
    <trkpt lat="-23.6018663" lon="132.6080655"></trkpt>
    <trkpt lat="-23.6018771" lon="132.6080002"></trkpt>
    <trkpt lat="-23.6019171" lon="132.6078181"></trkpt>
    <trkpt lat="-23.6019507" lon="132.6077244"></trkpt>
    <trkpt lat="-23.6019860" lon="132.6076564"></trkpt>
    <trkpt lat="-23.6020693" lon="132.6075493"></trkpt>
    <trkpt lat="-23.6021688" lon="132.6073703"></trkpt>
    <trkpt lat="-23.6021778" lon="132.6073408"></trkpt>
    <trkpt lat="-23.6022049" lon="132.6071201"></trkpt>
    <trkpt lat="-23.6022204" lon="132.6069190"></trkpt>
    <trkpt lat="-23.6022550" lon="132.6067723"></trkpt>
    <trkpt lat="-23.6022658" lon="132.6067168"></trkpt>
    <trkpt lat="-23.6023163" lon="132.6065952"></trkpt>
    <trkpt lat="-23.6023116" lon="132.6065417"></trkpt>
    <trkpt lat="-23.6023451" lon="132.6063627"></trkpt>
    <trkpt lat="-23.6024003" lon="132.6062529"></trkpt>
    <trkpt lat="-23.6024151" lon="132.6062053"></trkpt>
    <trkpt lat="-23.6024248" lon="132.6060050"></trkpt>
    <trkpt lat="-23.6024792" lon="132.6058913"></trkpt>
    <trkpt lat="-23.6024713" lon="132.6058752"></trkpt>
    <trkpt lat="-23.6023678" lon="132.6057658"></trkpt>
    <trkpt lat="-23.6023613" lon="132.6057595"></trkpt>
    <trkpt lat="-23.6023570" lon="132.6056895"></trkpt>
    <trkpt lat="-23.6023437" lon="132.6056411"></trkpt>
    <trkpt lat="-23.6023047" lon="132.6055797"></trkpt>
    <trkpt lat="-23.6022798" lon="132.6055282"></trkpt>
    <trkpt lat="-23.6022791" lon="132.6054802"></trkpt>
    <trkpt lat="-23.6022997" lon="132.6053342"></trkpt>
    <trkpt lat="-23.6023213" lon="132.6051461"></trkpt>
    <trkpt lat="-23.6023246" lon="132.6051276"></trkpt>
    <trkpt lat="-23.6023772" lon="132.6050891"></trkpt>
    <trkpt lat="-23.6025362" lon="132.6050497"></trkpt>
    <trkpt lat="-23.6027154" lon="132.6049569"></trkpt>
    <trkpt lat="-23.6028001" lon="132.6049498"></trkpt>
    <trkpt lat="-23.6028473" lon="132.6049132"></trkpt>
    <trkpt lat="-23.6030049" lon="132.6048267"></trkpt>
    <trkpt lat="-23.6030611" lon="132.6047865"></trkpt>
    <trkpt lat="-23.6031513" lon="132.6046925"></trkpt>
    <trkpt lat="-23.6032151" lon="132.6046441"></trkpt>
    <trkpt lat="-23.6033063" lon="132.6046445"></trkpt>
    <trkpt lat="-23.6034238" lon="132.6045312"></trkpt>
    <trkpt lat="-23.6034999" lon="132.6045131"></trkpt>
    <trkpt lat="-23.6035201" lon="132.6044832"></trkpt>
    <trkpt lat="-23.6035363" lon="132.6044076"></trkpt>
    <trkpt lat="-23.6035922" lon="132.6043667"></trkpt>
    <trkpt lat="-23.6036416" lon="132.6043345"></trkpt>
    <trkpt lat="-23.6037815" lon="132.6042687"></trkpt>
    <trkpt lat="-23.6039170" lon="132.6042377"></trkpt>
    <trkpt lat="-23.6039866" lon="132.6042133"></trkpt>
    <trkpt lat="-23.6041449" lon="132.6041385"></trkpt>
    <trkpt lat="-23.6042462" lon="132.6040882"></trkpt>
    <trkpt lat="-23.6044261" lon="132.6040224"></trkpt>
    <trkpt lat="-23.6044687" lon="132.6040142"></trkpt>
    <trkpt lat="-23.6045516" lon="132.6039634"></trkpt>
    <trkpt lat="-23.6046547" lon="132.6039040"></trkpt>
    <trkpt lat="-23.6047971" lon="132.6038446"></trkpt>
    <trkpt lat="-23.6048274" lon="132.6038379"></trkpt>
    <trkpt lat="-23.6049045" lon="132.6038155"></trkpt>
    <trkpt lat="-23.6049117" lon="132.6038096"></trkpt>
    <trkpt lat="-23.6049903" lon="132.6037832"></trkpt>
    <trkpt lat="-23.6051111" lon="132.6037179"></trkpt>
    <trkpt lat="-23.6051414" lon="132.6037069"></trkpt>
    <trkpt lat="-23.6053303" lon="132.6036479"></trkpt>
    <trkpt lat="-23.6053844" lon="132.6036317"></trkpt>
    <trkpt lat="-23.6054626" lon="132.6036463"></trkpt>
    <trkpt lat="-23.6055221" lon="132.6036392"></trkpt>
    <trkpt lat="-23.6057204" lon="132.6035413"></trkpt>
    <trkpt lat="-23.6058196" lon="132.6035070"></trkpt>
    <trkpt lat="-23.6058794" lon="132.6034909"></trkpt>
    <trkpt lat="-23.6059374" lon="132.6034626"></trkpt>
    <trkpt lat="-23.6059407" lon="132.6034696"></trkpt>
    <trkpt lat="-23.6060863" lon="132.6034618"></trkpt>
    <trkpt lat="-23.6062075" lon="132.6034209"></trkpt>
    <trkpt lat="-23.6063484" lon="132.6033882"></trkpt>
    <trkpt lat="-23.6064130" lon="132.6033945"></trkpt>
    <trkpt lat="-23.6065698" lon="132.6033847"></trkpt>
    <trkpt lat="-23.6066884" lon="132.6033953"></trkpt>
    <trkpt lat="-23.6067832" lon="132.6033764"></trkpt>
    <trkpt lat="-23.6069184" lon="132.6033465"></trkpt>
    <trkpt lat="-23.6070183" lon="132.6033142"></trkpt>
    <trkpt lat="-23.6070745" lon="132.6033119"></trkpt>
    <trkpt lat="-23.6070875" lon="132.6033036"></trkpt>
    <trkpt lat="-23.6071993" lon="132.6032792"></trkpt>
    <trkpt lat="-23.6073035" lon="132.6032505"></trkpt>
    <trkpt lat="-23.6073777" lon="132.6032178"></trkpt>
    <trkpt lat="-23.6074142" lon="132.6032084"></trkpt>
    <trkpt lat="-23.6075202" lon="132.6031895"></trkpt>
    <trkpt lat="-23.6075699" lon="132.6031702"></trkpt>
    <trkpt lat="-23.6075969" lon="132.6031273"></trkpt>
    <trkpt lat="-23.6076308" lon="132.6031096"></trkpt>
    <trkpt lat="-23.6076835" lon="132.6030911"></trkpt>
    <trkpt lat="-23.6077210" lon="132.6030471"></trkpt>
    <trkpt lat="-23.6077653" lon="132.6030361"></trkpt>
    <trkpt lat="-23.6079001" lon="132.6029900"></trkpt>
    <trkpt lat="-23.6079232" lon="132.6029896"></trkpt>
    <trkpt lat="-23.6079589" lon="132.6029727"></trkpt>
    <trkpt lat="-23.6080645" lon="132.6029353"></trkpt>
    <trkpt lat="-23.6082066" lon="132.6028952"></trkpt>
    <trkpt lat="-23.6083151" lon="132.6028543"></trkpt>
    <trkpt lat="-23.6083266" lon="132.6028472"></trkpt>
    <trkpt lat="-23.6083508" lon="132.6028445"></trkpt>
    <trkpt lat="-23.6083681" lon="132.6028633"></trkpt>
    <trkpt lat="-23.6085347" lon="132.6028161"></trkpt>
    <trkpt lat="-23.6085808" lon="132.6027933"></trkpt>
    <trkpt lat="-23.6085974" lon="132.6027646"></trkpt>
    <trkpt lat="-23.6085595" lon="132.6026265"></trkpt>
    <trkpt lat="-23.6085682" lon="132.6025419"></trkpt>
    <trkpt lat="-23.6085873" lon="132.6024372"></trkpt>
    <trkpt lat="-23.6085931" lon="132.6024121"></trkpt>
    <trkpt lat="-23.6085988" lon="132.6023947"></trkpt>
    <trkpt lat="-23.6086096" lon="132.6021779"></trkpt>
    <trkpt lat="-23.6085754" lon="132.6019537"></trkpt>
    <trkpt lat="-23.6085330" lon="132.6019029"></trkpt>
    <trkpt lat="-23.6084818" lon="132.6018121"></trkpt>
    <trkpt lat="-23.6083694" lon="132.6015835"></trkpt>
    <trkpt lat="-23.6083077" lon="132.6014017"></trkpt>
    <trkpt lat="-23.6082655" lon="132.6012018"></trkpt>
    <trkpt lat="-23.6082468" lon="132.6011373"></trkpt>
    <trkpt lat="-23.6082659" lon="132.6010893"></trkpt>
    <trkpt lat="-23.6082890" lon="132.6010523"></trkpt>
    <trkpt lat="-23.6082940" lon="132.6009937"></trkpt>
    <trkpt lat="-23.6083037" lon="132.6009185"></trkpt>
    <trkpt lat="-23.6083030" lon="132.6008898"></trkpt>
    <trkpt lat="-23.6083084" lon="132.6008367"></trkpt>
    <trkpt lat="-23.6082439" lon="132.6006419"></trkpt>
    <trkpt lat="-23.6081887" lon="132.6004259"></trkpt>
    <trkpt lat="-23.6081177" lon="132.6003299"></trkpt>
    <trkpt lat="-23.6080993" lon="132.6002792"></trkpt>
    <trkpt lat="-23.6080449" lon="132.6000470"></trkpt>
    <trkpt lat="-23.6079760" lon="132.5998487"></trkpt>
    <trkpt lat="-23.6079292" lon="132.5996064"></trkpt>
    <trkpt lat="-23.6078203" lon="132.5992562"></trkpt>
    <trkpt lat="-23.6077428" lon="132.5991157"></trkpt>
    <trkpt lat="-23.6077219" lon="132.5990909"></trkpt>
    <trkpt lat="-23.6077067" lon="132.5990398"></trkpt>
    <trkpt lat="-23.6076826" lon="132.5990091"></trkpt>
    <trkpt lat="-23.6076653" lon="132.5989509"></trkpt>
    <trkpt lat="-23.6074882" lon="132.5986798"></trkpt>
    <trkpt lat="-23.6074850" lon="132.5986715"></trkpt>
    <trkpt lat="-23.6074648" lon="132.5985598"></trkpt>
    <trkpt lat="-23.6074789" lon="132.5985303"></trkpt>
    <trkpt lat="-23.6074850" lon="132.5984772"></trkpt>
    <trkpt lat="-23.6074547" lon="132.5982946"></trkpt>
    <trkpt lat="-23.6074479" lon="132.5980967"></trkpt>
    <trkpt lat="-23.6074147" lon="132.5980357"></trkpt>
    <trkpt lat="-23.6072485" lon="132.5979582"></trkpt>
    <trkpt lat="-23.6072453" lon="132.5978807"></trkpt>
    <trkpt lat="-23.6071789" lon="132.5976686"></trkpt>
    <trkpt lat="-23.6072045" lon="132.5975057"></trkpt>
    <trkpt lat="-23.6071180" lon="132.5973184"></trkpt>
    <trkpt lat="-23.6069860" lon="132.5972240"></trkpt>
    <trkpt lat="-23.6069637" lon="132.5971788"></trkpt>
    <trkpt lat="-23.6069269" lon="132.5971319"></trkpt>
    <trkpt lat="-23.6069038" lon="132.5970556"></trkpt>
    <trkpt lat="-23.6068487" lon="132.5969506"></trkpt>
    <trkpt lat="-23.6067672" lon="132.5967605"></trkpt>
    <trkpt lat="-23.6067326" lon="132.5965854"></trkpt>
    <trkpt lat="-23.6067210" lon="132.5965921"></trkpt>
    <trkpt lat="-23.6067200" lon="132.5965544"></trkpt>
    <trkpt lat="-23.6065779" lon="132.5963124"></trkpt>
    <trkpt lat="-23.6064492" lon="132.5958733"></trkpt>
    <trkpt lat="-23.6064117" lon="132.5956868"></trkpt>
    <trkpt lat="-23.6063118" lon="132.5955298"></trkpt>
    <trkpt lat="-23.6063025" lon="132.5955082"></trkpt>
    <trkpt lat="-23.6061489" lon="132.5954031"></trkpt>
    <trkpt lat="-23.6059243" lon="132.5953158"></trkpt>
    <trkpt lat="-23.6057036" lon="132.5952154"></trkpt>
    <trkpt lat="-23.6057018" lon="132.5951973"></trkpt>
    <trkpt lat="-23.6054567" lon="132.5950895"></trkpt>
    <trkpt lat="-23.6054066" lon="132.5950537"></trkpt>
    <trkpt lat="-23.6054149" lon="132.5950097"></trkpt>
    <trkpt lat="-23.6054134" lon="132.5949935"></trkpt>
    <trkpt lat="-23.6054361" lon="132.5949219"></trkpt>
    <trkpt lat="-23.6054682" lon="132.5946945"></trkpt>
    <trkpt lat="-23.6053453" lon="132.5945619"></trkpt>
    <trkpt lat="-23.6053348" lon="132.5943805"></trkpt>
    <trkpt lat="-23.6053557" lon="132.5943518"></trkpt>
    <trkpt lat="-23.6053528" lon="132.5943298"></trkpt>
    <trkpt lat="-23.6053471" lon="132.5942228"></trkpt>
    <trkpt lat="-23.6054058" lon="132.5940009"></trkpt>
    <trkpt lat="-23.6053752" lon="132.5937766"></trkpt>
    <trkpt lat="-23.6051942" lon="132.5935393"></trkpt>
    <trkpt lat="-23.6051026" lon="132.5932883"></trkpt>
    <trkpt lat="-23.6051070" lon="132.5932490"></trkpt>
    <trkpt lat="-23.6051016" lon="132.5931183"></trkpt>
    <trkpt lat="-23.6050788" lon="132.5928244"></trkpt>
    <trkpt lat="-23.6050687" lon="132.5926824"></trkpt>
    <trkpt lat="-23.6050680" lon="132.5926128"></trkpt>
    <trkpt lat="-23.6049732" lon="132.5924408"></trkpt>
    <trkpt lat="-23.6048878" lon="132.5922185"></trkpt>
    <trkpt lat="-23.6050020" lon="132.5920371"></trkpt>
    <trkpt lat="-23.6050489" lon="132.5917932"></trkpt>
    <trkpt lat="-23.6050558" lon="132.5917802"></trkpt>
    <trkpt lat="-23.6050641" lon="132.5917495"></trkpt>
    <trkpt lat="-23.6050633" lon="132.5915662"></trkpt>
    <trkpt lat="-23.6050666" lon="132.5913596"></trkpt>
    <trkpt lat="-23.6050814" lon="132.5912042"></trkpt>
    <trkpt lat="-23.6050853" lon="132.5911778"></trkpt>
    <trkpt lat="-23.6050828" lon="132.5911653"></trkpt>
    <trkpt lat="-23.6050691" lon="132.5911346"></trkpt>
    <trkpt lat="-23.6050349" lon="132.5911054"></trkpt>
    <trkpt lat="-23.6050262" lon="132.5910704"></trkpt>
    <trkpt lat="-23.6048427" lon="132.5908245"></trkpt>
    <trkpt lat="-23.6047399" lon="132.5907092"></trkpt>
    <trkpt lat="-23.6046466" lon="132.5904677"></trkpt>
    <trkpt lat="-23.6045449" lon="132.5901832"></trkpt>
    <trkpt lat="-23.6045330" lon="132.5901092"></trkpt>
    <trkpt lat="-23.6045031" lon="132.5899806"></trkpt>
    <trkpt lat="-23.6043765" lon="132.5898015"></trkpt>
    <trkpt lat="-23.6042575" lon="132.5895934"></trkpt>
    <trkpt lat="-23.6042226" lon="132.5895356"></trkpt>
    <trkpt lat="-23.6041598" lon="132.5894943"></trkpt>
    <trkpt lat="-23.6040593" lon="132.5893105"></trkpt>
    <trkpt lat="-23.6040423" lon="132.5892228"></trkpt>
    <trkpt lat="-23.6040351" lon="132.5892283"></trkpt>
    <trkpt lat="-23.6040470" lon="132.5891315"></trkpt>
    <trkpt lat="-23.6040474" lon="132.5891118"></trkpt>
    <trkpt lat="-23.6039803" lon="132.5889092"></trkpt>
    <trkpt lat="-23.6039662" lon="132.5888368"></trkpt>
    <trkpt lat="-23.6038747" lon="132.5886637"></trkpt>
    <trkpt lat="-23.6035340" lon="132.5882037"></trkpt>
    <trkpt lat="-23.6034287" lon="132.5881188"></trkpt>
    <trkpt lat="-23.6033440" lon="132.5881172"></trkpt>
    <trkpt lat="-23.6032124" lon="132.5880357"></trkpt>
    <trkpt lat="-23.6031990" lon="132.5880322"></trkpt>
    <trkpt lat="-23.6031327" lon="132.5878304"></trkpt>
    <trkpt lat="-23.6031233" lon="132.5876856"></trkpt>
    <trkpt lat="-23.6031356" lon="132.5876269"></trkpt>
    <trkpt lat="-23.6031457" lon="132.5874762"></trkpt>
    <trkpt lat="-23.6031500" lon="132.5874180"></trkpt>
    <trkpt lat="-23.6031604" lon="132.5873118"></trkpt>
    <trkpt lat="-23.6031914" lon="132.5871107"></trkpt>
    <trkpt lat="-23.6032311" lon="132.5868991"></trkpt>
    <trkpt lat="-23.6031471" lon="132.5867421"></trkpt>
    <trkpt lat="-23.6030260" lon="132.5866134"></trkpt>
    <trkpt lat="-23.6030220" lon="132.5866075"></trkpt>
    <trkpt lat="-23.6030025" lon="132.5865335"></trkpt>
    <trkpt lat="-23.6030101" lon="132.5865107"></trkpt>
    <trkpt lat="-23.6030079" lon="132.5864383"></trkpt>
    <trkpt lat="-23.6029481" lon="132.5862420"></trkpt>
    <trkpt lat="-23.6028565" lon="132.5860748"></trkpt>
    <trkpt lat="-23.6027988" lon="132.5856982"></trkpt>
    <trkpt lat="-23.6028352" lon="132.5854366"></trkpt>
    <trkpt lat="-23.6028778" lon="132.5852950"></trkpt>
    <trkpt lat="-23.6028756" lon="132.5852470"></trkpt>
    <trkpt lat="-23.6028756" lon="132.5850365"></trkpt>
    <trkpt lat="-23.6028507" lon="132.5849475"></trkpt>
    <trkpt lat="-23.6028850" lon="132.5849121"></trkpt>
    <trkpt lat="-23.6029672" lon="132.5847363"></trkpt>
    <trkpt lat="-23.6029719" lon="132.5847040"></trkpt>
    <trkpt lat="-23.6029769" lon="132.5844573"></trkpt>
    <trkpt lat="-23.6028915" lon="132.5842543"></trkpt>
    <trkpt lat="-23.6028626" lon="132.5840328"></trkpt>
    <trkpt lat="-23.6027949" lon="132.5838423"></trkpt>
    <trkpt lat="-23.6027220" lon="132.5836731"></trkpt>
    <trkpt lat="-23.6026625" lon="132.5834745"></trkpt>
    <trkpt lat="-23.6025248" lon="132.5834154"></trkpt>
    <trkpt lat="-23.6022944" lon="132.5833596"></trkpt>
    <trkpt lat="-23.6022879" lon="132.5833600"></trkpt>
    <trkpt lat="-23.6022133" lon="132.5832541"></trkpt>
    <trkpt lat="-23.6022169" lon="132.5831727"></trkpt>
    <trkpt lat="-23.6022371" lon="132.5831318"></trkpt>
    <trkpt lat="-23.6022923" lon="132.5831015"></trkpt>
    <trkpt lat="-23.6023345" lon="132.5830326"></trkpt>
    <trkpt lat="-23.6023543" lon="132.5829681"></trkpt>
    <trkpt lat="-23.6023536" lon="132.5829350"></trkpt>
    <trkpt lat="-23.6023756" lon="132.5828925"></trkpt>
    <trkpt lat="-23.6023738" lon="132.5827198"></trkpt>
    <trkpt lat="-23.6023575" lon="132.5826769"></trkpt>
    <trkpt lat="-23.6023161" lon="132.5826431"></trkpt>
    <trkpt lat="-23.6021729" lon="132.5825683"></trkpt>
    <trkpt lat="-23.6021156" lon="132.5824574"></trkpt>
    <trkpt lat="-23.6019620" lon="132.5823842"></trkpt>
    <trkpt lat="-23.6018055" lon="132.5823472"></trkpt>
    <trkpt lat="-23.6016505" lon="132.5823323"></trkpt>
    <trkpt lat="-23.6016361" lon="132.5823425"></trkpt>
    <trkpt lat="-23.6015625" lon="132.5822488"></trkpt>
    <trkpt lat="-23.6014847" lon="132.5820911"></trkpt>
    <trkpt lat="-23.6014273" lon="132.5819207"></trkpt>
    <trkpt lat="-23.6013725" lon="132.5816787"></trkpt>
    <trkpt lat="-23.6013495" lon="132.5815623"></trkpt>
    <trkpt lat="-23.6013044" lon="132.5814852"></trkpt>
    <trkpt lat="-23.6012298" lon="132.5813172"></trkpt>
    <trkpt lat="-23.6011782" lon="132.5811216"></trkpt>
    <trkpt lat="-23.6011155" lon="132.5809347"></trkpt>
    <trkpt lat="-23.6011656" lon="132.5807884"></trkpt>
    <trkpt lat="-23.6011501" lon="132.5806703"></trkpt>
    <trkpt lat="-23.6011605" lon="132.5806463"></trkpt>
    <trkpt lat="-23.6011699" lon="132.5805676"></trkpt>
    <trkpt lat="-23.6012215" lon="132.5804850"></trkpt>
    <trkpt lat="-23.6012258" lon="132.5804268"></trkpt>
    <trkpt lat="-23.6012301" lon="132.5802371"></trkpt>
    <trkpt lat="-23.6012979" lon="132.5801171"></trkpt>
    <trkpt lat="-23.6012990" lon="132.5800955"></trkpt>
    <trkpt lat="-23.6012871" lon="132.5799924"></trkpt>
    <trkpt lat="-23.6012038" lon="132.5798114"></trkpt>
    <trkpt lat="-23.6011047" lon="132.5796359"></trkpt>
    <trkpt lat="-23.6010506" lon="132.5794573"></trkpt>
    <trkpt lat="-23.6010690" lon="132.5793334"></trkpt>
    <trkpt lat="-23.6010462" lon="132.5792445"></trkpt>
    <trkpt lat="-23.6010563" lon="132.5791351"></trkpt>
    <trkpt lat="-23.6011191" lon="132.5790851"></trkpt>
    <trkpt lat="-23.6011905" lon="132.5789981"></trkpt>
    <trkpt lat="-23.6011955" lon="132.5789195"></trkpt>
    <trkpt lat="-23.6011901" lon="132.5788805"></trkpt>
    <trkpt lat="-23.6011912" lon="132.5788577"></trkpt>
    <trkpt lat="-23.6011966" lon="132.5788219"></trkpt>
    <trkpt lat="-23.6013138" lon="132.5786822"></trkpt>
    <trkpt lat="-23.6013747" lon="132.5785866"></trkpt>
    <trkpt lat="-23.6013902" lon="132.5784874"></trkpt>
    <trkpt lat="-23.6014555" lon="132.5782254"></trkpt>
    <trkpt lat="-23.6015139" lon="132.5781526"></trkpt>
    <trkpt lat="-23.6015286" lon="132.5780995"></trkpt>
    <trkpt lat="-23.6014699" lon="132.5779665"></trkpt>
    <trkpt lat="-23.6014443" lon="132.5779299"></trkpt>
    <trkpt lat="-23.6013559" lon="132.5777804"></trkpt>
    <trkpt lat="-23.6013350" lon="132.5777419"></trkpt>
    <trkpt lat="-23.6012683" lon="132.5775400"></trkpt>
    <trkpt lat="-23.6011984" lon="132.5772953"></trkpt>
    <trkpt lat="-23.6011988" lon="132.5772685"></trkpt>
    <trkpt lat="-23.6011818" lon="132.5772194"></trkpt>
    <trkpt lat="-23.6011926" lon="132.5770852"></trkpt>
    <trkpt lat="-23.6012431" lon="132.5769195"></trkpt>
    <trkpt lat="-23.6012330" lon="132.5768275"></trkpt>
    <trkpt lat="-23.6013329" lon="132.5765650"></trkpt>
    <trkpt lat="-23.6014154" lon="132.5764348"></trkpt>
    <trkpt lat="-23.6014847" lon="132.5763380"></trkpt>
    <trkpt lat="-23.6015395" lon="132.5762656"></trkpt>
    <trkpt lat="-23.6015510" lon="132.5762345"></trkpt>
    <trkpt lat="-23.6015867" lon="132.5761728"></trkpt>
    <trkpt lat="-23.6016750" lon="132.5760347"></trkpt>
    <trkpt lat="-23.6017013" lon="132.5760016"></trkpt>
    <trkpt lat="-23.6017940" lon="132.5758037"></trkpt>
    <trkpt lat="-23.6018531" lon="132.5756310"></trkpt>
    <trkpt lat="-23.6019584" lon="132.5754398"></trkpt>
    <trkpt lat="-23.6020392" lon="132.5752635"></trkpt>
    <trkpt lat="-23.6021466" lon="132.5751305"></trkpt>
    <trkpt lat="-23.6022861" lon="132.5750322"></trkpt>
    <trkpt lat="-23.6023954" lon="132.5749472"></trkpt>
    <trkpt lat="-23.6024163" lon="132.5749240"></trkpt>
    <trkpt lat="-23.6024462" lon="132.5748992"></trkpt>
    <trkpt lat="-23.6025097" lon="132.5748527"></trkpt>
    <trkpt lat="-23.6026910" lon="132.5747280"></trkpt>
    <trkpt lat="-23.6027462" lon="132.5746112"></trkpt>
    <trkpt lat="-23.6027065" lon="132.5743893"></trkpt>
    <trkpt lat="-23.6026737" lon="132.5743877"></trkpt>
    <trkpt lat="-23.6025890" lon="132.5742677"></trkpt>
    <trkpt lat="-23.6025620" lon="132.5741567"></trkpt>
    <trkpt lat="-23.6025580" lon="132.5741245"></trkpt>
    <trkpt lat="-23.6025493" lon="132.5740883"></trkpt>
    <trkpt lat="-23.6025558" lon="132.5740639"></trkpt>
    <trkpt lat="-23.6025843" lon="132.5739773"></trkpt>
    <trkpt lat="-23.6025955" lon="132.5739144"></trkpt>
    <trkpt lat="-23.6026272" lon="132.5737731"></trkpt>
    <trkpt lat="-23.6026276" lon="132.5736976"></trkpt>
    <trkpt lat="-23.6026600" lon="132.5733875"></trkpt>
    <trkpt lat="-23.6026939" lon="132.5732144"></trkpt>
    <trkpt lat="-23.6025876" lon="132.5730661"></trkpt>
    <trkpt lat="-23.6024722" lon="132.5729177"></trkpt>
    <trkpt lat="-23.6023705" lon="132.5727344"></trkpt>
    <trkpt lat="-23.6023568" lon="132.5725381"></trkpt>
    <trkpt lat="-23.6023597" lon="132.5723036"></trkpt>
    <trkpt lat="-23.6022685" lon="132.5720813"></trkpt>
    <trkpt lat="-23.6022450" lon="132.5720222"></trkpt>
    <trkpt lat="-23.6022151" lon="132.5719676"></trkpt>
    <trkpt lat="-23.6021517" lon="132.5718180"></trkpt>
    <trkpt lat="-23.6021026" lon="132.5717700"></trkpt>
    <trkpt lat="-23.6019325" lon="132.5716201"></trkpt>
    <trkpt lat="-23.6017828" lon="132.5715131"></trkpt>
    <trkpt lat="-23.6016465" lon="132.5713416"></trkpt>
    <trkpt lat="-23.6016408" lon="132.5710850"></trkpt>
    <trkpt lat="-23.6016714" lon="132.5709308"></trkpt>
    <trkpt lat="-23.6016916" lon="132.5709336"></trkpt>
    <trkpt lat="-23.6017129" lon="132.5708608"></trkpt>
    <trkpt lat="-23.6017183" lon="132.5708513"></trkpt>
    <trkpt lat="-23.6016527" lon="132.5706538"></trkpt>
    <trkpt lat="-23.6014984" lon="132.5705952"></trkpt>
    <trkpt lat="-23.6013628" lon="132.5704933"></trkpt>
    <trkpt lat="-23.6012500" lon="132.5702997"></trkpt>
    <trkpt lat="-23.6011739" lon="132.5702045"></trkpt>
    <trkpt lat="-23.6011324" lon="132.5701116"></trkpt>
    <trkpt lat="-23.6011209" lon="132.5700247"></trkpt>
    <trkpt lat="-23.6011184" lon="132.5699586"></trkpt>
    <trkpt lat="-23.6011018" lon="132.5699401"></trkpt>
    <trkpt lat="-23.6010953" lon="132.5698945"></trkpt>
    <trkpt lat="-23.6011115" lon="132.5698712"></trkpt>
    <trkpt lat="-23.6011050" lon="132.5698406"></trkpt>
    <trkpt lat="-23.6010924" lon="132.5698063"></trkpt>
    <trkpt lat="-23.6010888" lon="132.5697729"></trkpt>
    <trkpt lat="-23.6010628" lon="132.5697709"></trkpt>
    <trkpt lat="-23.6010354" lon="132.5697390"></trkpt>
    <trkpt lat="-23.6008642" lon="132.5695758"></trkpt>
    <trkpt lat="-23.6008227" lon="132.5695167"></trkpt>
    <trkpt lat="-23.6007052" lon="132.5694813"></trkpt>
    <trkpt lat="-23.6006633" lon="132.5694121"></trkpt>
    <trkpt lat="-23.6006612" lon="132.5693267"></trkpt>
    <trkpt lat="-23.6006796" lon="132.5692602"></trkpt>
    <trkpt lat="-23.6006936" lon="132.5692657"></trkpt>
    <trkpt lat="-23.6007124" lon="132.5692295"></trkpt>
    <trkpt lat="-23.6006969" lon="132.5691253"></trkpt>
    <trkpt lat="-23.6007102" lon="132.5690631"></trkpt>
    <trkpt lat="-23.6006507" lon="132.5689226"></trkpt>
    <trkpt lat="-23.6006259" lon="132.5687830"></trkpt>
    <trkpt lat="-23.6006370" lon="132.5687476"></trkpt>
    <trkpt lat="-23.6006763" lon="132.5686992"></trkpt>
    <trkpt lat="-23.6007690" lon="132.5686150"></trkpt>
    <trkpt lat="-23.6007776" lon="132.5684241"></trkpt>
    <trkpt lat="-23.6007149" lon="132.5682278"></trkpt>
    <trkpt lat="-23.6006118" lon="132.5680071"></trkpt>
    <trkpt lat="-23.6005793" lon="132.5677926"></trkpt>
    <trkpt lat="-23.6005440" lon="132.5676290"></trkpt>
    <trkpt lat="-23.6005646" lon="132.5674704"></trkpt>
    <trkpt lat="-23.6006392" lon="132.5673937"></trkpt>
    <trkpt lat="-23.6006702" lon="132.5673776"></trkpt>
    <trkpt lat="-23.6007182" lon="132.5672996"></trkpt>
    <trkpt lat="-23.6007708" lon="132.5672257"></trkpt>
    <trkpt lat="-23.6008242" lon="132.5670836"></trkpt>
    <trkpt lat="-23.6008429" lon="132.5669176"></trkpt>
    <trkpt lat="-23.6008764" lon="132.5668562"></trkpt>
    <trkpt lat="-23.6008418" lon="132.5666394"></trkpt>
    <trkpt lat="-23.6008389" lon="132.5664659"></trkpt>
    <trkpt lat="-23.6009092" lon="132.5663019"></trkpt>
    <trkpt lat="-23.6009172" lon="132.5661354"></trkpt>
    <trkpt lat="-23.6008786" lon="132.5659348"></trkpt>
    <trkpt lat="-23.6008242" lon="132.5656833"></trkpt>
    <trkpt lat="-23.6008728" lon="132.5654776"></trkpt>
    <trkpt lat="-23.6008000" lon="132.5652655"></trkpt>
    <trkpt lat="-23.6008667" lon="132.5650696"></trkpt>
    <trkpt lat="-23.6008790" lon="132.5650283"></trkpt>
    <trkpt lat="-23.6008804" lon="132.5648398"></trkpt>
    <trkpt lat="-23.6008970" lon="132.5646667"></trkpt>
    <trkpt lat="-23.6010069" lon="132.5644963"></trkpt>
    <trkpt lat="-23.6010170" lon="132.5642941"></trkpt>
    <trkpt lat="-23.6009648" lon="132.5641288"></trkpt>
    <trkpt lat="-23.6008591" lon="132.5639797"></trkpt>
    <trkpt lat="-23.6007939" lon="132.5637964"></trkpt>
    <trkpt lat="-23.6006879" lon="132.5636346"></trkpt>
    <trkpt lat="-23.6005754" lon="132.5635461"></trkpt>
    <trkpt lat="-23.6004874" lon="132.5634332"></trkpt>
    <trkpt lat="-23.6004809" lon="132.5634367"></trkpt>
    <trkpt lat="-23.6003814" lon="132.5632337"></trkpt>
    <trkpt lat="-23.6002859" lon="132.5630732"></trkpt>
    <trkpt lat="-23.6001907" lon="132.5629611"></trkpt>
    <trkpt lat="-23.6001820" lon="132.5629433"></trkpt>
    <trkpt lat="-23.6001546" lon="132.5629146"></trkpt>
    <trkpt lat="-23.6001283" lon="132.5627482"></trkpt>
    <trkpt lat="-23.5999884" lon="132.5625349"></trkpt>
    <trkpt lat="-23.5998958" lon="132.5623634"></trkpt>
    <trkpt lat="-23.5998500" lon="132.5622993"></trkpt>
    <trkpt lat="-23.5998168" lon="132.5622261"></trkpt>
    <trkpt lat="-23.5996892" lon="132.5620494"></trkpt>
    <trkpt lat="-23.5995889" lon="132.5619239"></trkpt>
    <trkpt lat="-23.5995010" lon="132.5617697"></trkpt>
    <trkpt lat="-23.5994671" lon="132.5617677"></trkpt>
    <trkpt lat="-23.5994591" lon="132.5615049"></trkpt>
    <trkpt lat="-23.5993823" lon="132.5613255"></trkpt>
    <trkpt lat="-23.5993650" lon="132.5612861"></trkpt>
    <trkpt lat="-23.5993632" lon="132.5610473"></trkpt>
    <trkpt lat="-23.5994353" lon="132.5608034"></trkpt>
    <trkpt lat="-23.5995129" lon="132.5606212"></trkpt>
    <trkpt lat="-23.5995211" lon="132.5604634"></trkpt>
    <trkpt lat="-23.5995139" lon="132.5602325"></trkpt>
    <trkpt lat="-23.5994299" lon="132.5600070"></trkpt>
    <trkpt lat="-23.5992958" lon="132.5599169"></trkpt>
    <trkpt lat="-23.5992305" lon="132.5597584"></trkpt>
    <trkpt lat="-23.5991624" lon="132.5596942"></trkpt>
    <trkpt lat="-23.5991491" lon="132.5596974"></trkpt>
    <trkpt lat="-23.5990178" lon="132.5597308"></trkpt>
    <trkpt lat="-23.5989601" lon="132.5597391"></trkpt>
    <trkpt lat="-23.5987806" lon="132.5597218"></trkpt>
    <trkpt lat="-23.5987045" lon="132.5596950"></trkpt>
    <trkpt lat="-23.5986627" lon="132.5595679"></trkpt>
    <trkpt lat="-23.5986465" lon="132.5595518"></trkpt>
    <trkpt lat="-23.5986457" lon="132.5595164"></trkpt>
    <trkpt lat="-23.5986072" lon="132.5593968"></trkpt>
    <trkpt lat="-23.5985989" lon="132.5593456"></trkpt>
    <trkpt lat="-23.5984799" lon="132.5592748"></trkpt>
    <trkpt lat="-23.5983270" lon="132.5592142"></trkpt>
    <trkpt lat="-23.5983029" lon="132.5592256"></trkpt>
    <trkpt lat="-23.5982055" lon="132.5592256"></trkpt>
    <trkpt lat="-23.5981907" lon="132.5592154"></trkpt>
    <trkpt lat="-23.5981651" lon="132.5592166"></trkpt>
    <trkpt lat="-23.5979650" lon="132.5592799"></trkpt>
    <trkpt lat="-23.5978035" lon="132.5593413"></trkpt>
    <trkpt lat="-23.5977678" lon="132.5593393"></trkpt>
    <trkpt lat="-23.5976733" lon="132.5592673"></trkpt>
    <trkpt lat="-23.5975652" lon="132.5590938"></trkpt>
    <trkpt lat="-23.5974617" lon="132.5590065"></trkpt>
    <trkpt lat="-23.5974314" lon="132.5589321"></trkpt>
    <trkpt lat="-23.5973986" lon="132.5589140"></trkpt>
    <trkpt lat="-23.5972814" lon="132.5588558"></trkpt>
    <trkpt lat="-23.5971531" lon="132.5587326"></trkpt>
    <trkpt lat="-23.5969937" lon="132.5587039"></trkpt>
    <trkpt lat="-23.5969620" lon="132.5587059"></trkpt>
    <trkpt lat="-23.5968268" lon="132.5586756"></trkpt>
    <trkpt lat="-23.5966663" lon="132.5585044"></trkpt>
    <trkpt lat="-23.5966501" lon="132.5584552"></trkpt>
    <trkpt lat="-23.5966288" lon="132.5583703"></trkpt>
    <trkpt lat="-23.5964395" lon="132.5583026"></trkpt>
    <trkpt lat="-23.5963497" lon="132.5582534"></trkpt>
    <trkpt lat="-23.5963252" lon="132.5582251"></trkpt>
    <trkpt lat="-23.5962895" lon="132.5581432"></trkpt>
    <trkpt lat="-23.5962070" lon="132.5579870"></trkpt>
    <trkpt lat="-23.5961853" lon="132.5579626"></trkpt>
    <trkpt lat="-23.5961720" lon="132.5579563"></trkpt>
    <trkpt lat="-23.5959971" lon="132.5579650"></trkpt>
    <trkpt lat="-23.5958106" lon="132.5580438"></trkpt>
    <trkpt lat="-23.5957533" lon="132.5580529"></trkpt>
    <trkpt lat="-23.5957122" lon="132.5580761"></trkpt>
    <trkpt lat="-23.5956740" lon="132.5580899"></trkpt>
    <trkpt lat="-23.5955954" lon="132.5580533"></trkpt>
    <trkpt lat="-23.5954998" lon="132.5580651"></trkpt>
    <trkpt lat="-23.5953689" lon="132.5580320"></trkpt>
    <trkpt lat="-23.5953199" lon="132.5579990"></trkpt>
    <trkpt lat="-23.5952792" lon="132.5580100"></trkpt>
    <trkpt lat="-23.5951559" lon="132.5581174"></trkpt>
    <trkpt lat="-23.5950246" lon="132.5582024"></trkpt>
    <trkpt lat="-23.5948577" lon="132.5582901"></trkpt>
    <trkpt lat="-23.5946821" lon="132.5583393"></trkpt>
    <trkpt lat="-23.5946735" lon="132.5583342"></trkpt>
    <trkpt lat="-23.5945094" lon="132.5583420"></trkpt>
    <trkpt lat="-23.5944056" lon="132.5584172"></trkpt>
    <trkpt lat="-23.5942459" lon="132.5584628"></trkpt>
    <trkpt lat="-23.5941759" lon="132.5584447"></trkpt>
    <trkpt lat="-23.5940573" lon="132.5584502"></trkpt>
    <trkpt lat="-23.5939340" lon="132.5584030"></trkpt>
    <trkpt lat="-23.5939080" lon="132.5583826"></trkpt>
    <trkpt lat="-23.5938334" lon="132.5583932"></trkpt>
    <trkpt lat="-23.5937519" lon="132.5583904"></trkpt>
    <trkpt lat="-23.5936265" lon="132.5583763"></trkpt>
    <trkpt lat="-23.5936164" lon="132.5583653"></trkpt>
    <trkpt lat="-23.5936009" lon="132.5583562"></trkpt>
    <trkpt lat="-23.5934754" lon="132.5582386"></trkpt>
    <trkpt lat="-23.5933297" lon="132.5580753"></trkpt>
    <trkpt lat="-23.5932634" lon="132.5579337"></trkpt>
    <trkpt lat="-23.5931769" lon="132.5578046"></trkpt>
    <trkpt lat="-23.5931242" lon="132.5577314"></trkpt>
    <trkpt lat="-23.5930590" lon="132.5576284"></trkpt>
    <trkpt lat="-23.5929775" lon="132.5574568"></trkpt>
    <trkpt lat="-23.5928884" lon="132.5573239"></trkpt>
    <trkpt lat="-23.5927925" lon="132.5572483"></trkpt>
    <trkpt lat="-23.5926948" lon="132.5572058"></trkpt>
    <trkpt lat="-23.5926775" lon="132.5571936"></trkpt>
    <trkpt lat="-23.5926649" lon="132.5571885"></trkpt>
    <trkpt lat="-23.5925758" lon="132.5571031"></trkpt>
    <trkpt lat="-23.5923732" lon="132.5569493"></trkpt>
    <trkpt lat="-23.5921594" lon="132.5568584"></trkpt>
    <trkpt lat="-23.5921338" lon="132.5568423"></trkpt>
    <trkpt lat="-23.5921053" lon="132.5568124"></trkpt>
    <trkpt lat="-23.5920448" lon="132.5567640"></trkpt>
    <trkpt lat="-23.5919755" lon="132.5567546"></trkpt>
    <trkpt lat="-23.5917675" lon="132.5568218"></trkpt>
    <trkpt lat="-23.5916287" lon="132.5568525"></trkpt>
    <trkpt lat="-23.5914336" lon="132.5568777"></trkpt>
    <trkpt lat="-23.5913648" lon="132.5569048"></trkpt>
    <trkpt lat="-23.5912984" lon="132.5569249"></trkpt>
    <trkpt lat="-23.5912736" lon="132.5569237"></trkpt>
    <trkpt lat="-23.5910414" lon="132.5569473"></trkpt>
    <trkpt lat="-23.5908405" lon="132.5568486"></trkpt>
    <trkpt lat="-23.5906974" lon="132.5568714"></trkpt>
    <trkpt lat="-23.5906772" lon="132.5568824"></trkpt>
    <trkpt lat="-23.5905662" lon="132.5569422"></trkpt>
    <trkpt lat="-23.5903682" lon="132.5568875"></trkpt>
    <trkpt lat="-23.5903278" lon="132.5568848"></trkpt>
    <trkpt lat="-23.5902395" lon="132.5566066"></trkpt>
    <trkpt lat="-23.5901869" lon="132.5565807"></trkpt>
    <trkpt lat="-23.5900517" lon="132.5564642"></trkpt>
    <trkpt lat="-23.5898772" lon="132.5563226"></trkpt>
    <trkpt lat="-23.5897809" lon="132.5562282"></trkpt>
    <trkpt lat="-23.5897603" lon="132.5562195"></trkpt>
    <trkpt lat="-23.5897297" lon="132.5561703"></trkpt>
    <trkpt lat="-23.5896835" lon="132.5560204"></trkpt>
    <trkpt lat="-23.5896691" lon="132.5558823"></trkpt>
    <trkpt lat="-23.5896417" lon="132.5557974"></trkpt>
    <trkpt lat="-23.5894881" lon="132.5558280"></trkpt>
    <trkpt lat="-23.5893536" lon="132.5558434"></trkpt>
    <trkpt lat="-23.5893053" lon="132.5558001"></trkpt>
    <trkpt lat="-23.5892970" lon="132.5557989"></trkpt>
    <trkpt lat="-23.5892837" lon="132.5557966"></trkpt>
    <trkpt lat="-23.5891752" lon="132.5557340"></trkpt>
    <trkpt lat="-23.5891582" lon="132.5557486"></trkpt>
    <trkpt lat="-23.5891344" lon="132.5557210"></trkpt>
    <trkpt lat="-23.5891023" lon="132.5556990"></trkpt>
    <trkpt lat="-23.5890263" lon="132.5556002"></trkpt>
    <trkpt lat="-23.5889985" lon="132.5555825"></trkpt>
    <trkpt lat="-23.5889815" lon="132.5555519"></trkpt>
    <trkpt lat="-23.5889340" lon="132.5555290"></trkpt>
    <trkpt lat="-23.5887472" lon="132.5555566"></trkpt>
    <trkpt lat="-23.5885561" lon="132.5555046"></trkpt>
    <trkpt lat="-23.5883913" lon="132.5555286"></trkpt>
    <trkpt lat="-23.5880336" lon="132.5556317"></trkpt>
    <trkpt lat="-23.5878267" lon="132.5556451"></trkpt>
    <trkpt lat="-23.5876500" lon="132.5555884"></trkpt>
    <trkpt lat="-23.5875368" lon="132.5554362"></trkpt>
    <trkpt lat="-23.5874773" lon="132.5552997"></trkpt>
    <trkpt lat="-23.5874488" lon="132.5551938"></trkpt>
    <trkpt lat="-23.5874200" lon="132.5551159"></trkpt>
    <trkpt lat="-23.5873929" lon="132.5548622"></trkpt>
    <trkpt lat="-23.5874106" lon="132.5546580"></trkpt>
    <trkpt lat="-23.5873230" lon="132.5544141"></trkpt>
    <trkpt lat="-23.5873392" lon="132.5541945"></trkpt>
    <trkpt lat="-23.5872959" lon="132.5539777"></trkpt>
    <trkpt lat="-23.5872815" lon="132.5539073"></trkpt>
    <trkpt lat="-23.5873091" lon="132.5538255"></trkpt>
    <trkpt lat="-23.5872197" lon="132.5536622"></trkpt>
    <trkpt lat="-23.5870874" lon="132.5535556"></trkpt>
    <trkpt lat="-23.5870088" lon="132.5535261"></trkpt>
    <trkpt lat="-23.5869068" lon="132.5533723"></trkpt>
    <trkpt lat="-23.5868721" lon="132.5531634"></trkpt>
    <trkpt lat="-23.5867979" lon="132.5529789"></trkpt>
    <trkpt lat="-23.5867694" lon="132.5528884"></trkpt>
    <trkpt lat="-23.5867643" lon="132.5526968"></trkpt>
    <trkpt lat="-23.5866969" lon="132.5525879"></trkpt>
    <trkpt lat="-23.5867056" lon="132.5525591"></trkpt>
    <trkpt lat="-23.5866490" lon="132.5524277"></trkpt>
    <trkpt lat="-23.5866421" lon="132.5523691"></trkpt>
    <trkpt lat="-23.5866230" lon="132.5523467"></trkpt>
    <trkpt lat="-23.5866068" lon="132.5523428"></trkpt>
    <trkpt lat="-23.5865588" lon="132.5522841"></trkpt>
    <trkpt lat="-23.5865441" lon="132.5521972"></trkpt>
    <trkpt lat="-23.5865246" lon="132.5520536"></trkpt>
    <trkpt lat="-23.5865130" lon="132.5520099"></trkpt>
    <trkpt lat="-23.5864975" lon="132.5519446"></trkpt>
    <trkpt lat="-23.5864143" lon="132.5518298"></trkpt>
    <trkpt lat="-23.5864251" lon="132.5516016"></trkpt>
    <trkpt lat="-23.5863454" lon="132.5515087"></trkpt>
    <trkpt lat="-23.5862783" lon="132.5514883"></trkpt>
    <trkpt lat="-23.5862120" lon="132.5512393"></trkpt>
    <trkpt lat="-23.5862088" lon="132.5512263"></trkpt>
    <trkpt lat="-23.5861132" lon="132.5510776"></trkpt>
    <trkpt lat="-23.5860829" lon="132.5509033"></trkpt>
    <trkpt lat="-23.5859968" lon="132.5508093"></trkpt>
    <trkpt lat="-23.5859344" lon="132.5507983"></trkpt>
    <trkpt lat="-23.5858035" lon="132.5508262"></trkpt>
    <trkpt lat="-23.5856373" lon="132.5507868"></trkpt>
    <trkpt lat="-23.5856326" lon="132.5507176"></trkpt>
    <trkpt lat="-23.5856211" lon="132.5506488"></trkpt>
    <trkpt lat="-23.5856041" lon="132.5506751"></trkpt>
    <trkpt lat="-23.5854920" lon="132.5505839"></trkpt>
    <trkpt lat="-23.5854552" lon="132.5505449"></trkpt>
    <trkpt lat="-23.5854368" lon="132.5504934"></trkpt>
    <trkpt lat="-23.5854444" lon="132.5504167"></trkpt>
    <trkpt lat="-23.5854505" lon="132.5503297"></trkpt>
    <trkpt lat="-23.5854682" lon="132.5502892"></trkpt>
    <trkpt lat="-23.5854963" lon="132.5502164"></trkpt>
    <trkpt lat="-23.5855223" lon="132.5501334"></trkpt>
    <trkpt lat="-23.5855511" lon="132.5500709"></trkpt>
    <trkpt lat="-23.5856225" lon="132.5500150"></trkpt>
    <trkpt lat="-23.5856445" lon="132.5498443"></trkpt>
    <trkpt lat="-23.5855598" lon="132.5496243"></trkpt>
    <trkpt lat="-23.5854707" lon="132.5494202"></trkpt>
    <trkpt lat="-23.5854047" lon="132.5492073"></trkpt>
    <trkpt lat="-23.5853615" lon="132.5490346"></trkpt>
    <trkpt lat="-23.5853582" lon="132.5489386"></trkpt>
    <trkpt lat="-23.5852854" lon="132.5488600"></trkpt>
    <trkpt lat="-23.5852220" lon="132.5487742"></trkpt>
    <trkpt lat="-23.5851917" lon="132.5486932"></trkpt>
    <trkpt lat="-23.5851935" lon="132.5486306"></trkpt>
    <trkpt lat="-23.5851823" lon="132.5486019"></trkpt>
    <trkpt lat="-23.5851982" lon="132.5485633"></trkpt>
    <trkpt lat="-23.5852209" lon="132.5485326"></trkpt>
    <trkpt lat="-23.5852043" lon="132.5484839"></trkpt>
    <trkpt lat="-23.5851953" lon="132.5484563"></trkpt>
    <trkpt lat="-23.5850709" lon="132.5483037"></trkpt>
    <trkpt lat="-23.5849883" lon="132.5481424"></trkpt>
    <trkpt lat="-23.5849916" lon="132.5481011"></trkpt>
    <trkpt lat="-23.5850164" lon="132.5480440"></trkpt>
    <trkpt lat="-23.5850161" lon="132.5480189"></trkpt>
    <trkpt lat="-23.5850438" lon="132.5479378"></trkpt>
    <trkpt lat="-23.5850637" lon="132.5477635"></trkpt>
    <trkpt lat="-23.5850406" lon="132.5476160"></trkpt>
    <trkpt lat="-23.5849162" lon="132.5474756"></trkpt>
    <trkpt lat="-23.5849130" lon="132.5474319"></trkpt>
    <trkpt lat="-23.5849166" lon="132.5472836"></trkpt>
    <trkpt lat="-23.5849288" lon="132.5472439"></trkpt>
    <trkpt lat="-23.5848985" lon="132.5471549"></trkpt>
    <trkpt lat="-23.5849054" lon="132.5470857"></trkpt>
    <trkpt lat="-23.5848693" lon="132.5469586"></trkpt>
    <trkpt lat="-23.5848921" lon="132.5469075"></trkpt>
    <trkpt lat="-23.5849040" lon="132.5468355"></trkpt>
    <trkpt lat="-23.5848603" lon="132.5466396"></trkpt>
    <trkpt lat="-23.5848470" lon="132.5464968"></trkpt>
    <trkpt lat="-23.5847918" lon="132.5463304"></trkpt>
    <trkpt lat="-23.5847742" lon="132.5462497"></trkpt>
    <trkpt lat="-23.5847644" lon="132.5462072"></trkpt>
    <trkpt lat="-23.5847734" lon="132.5461919"></trkpt>
    <trkpt lat="-23.5847410" lon="132.5461384"></trkpt>
    <trkpt lat="-23.5847269" lon="132.5460562"></trkpt>
    <trkpt lat="-23.5846884" lon="132.5460121"></trkpt>
    <trkpt lat="-23.5846451" lon="132.5459838"></trkpt>
    <trkpt lat="-23.5845924" lon="132.5459114"></trkpt>
    <trkpt lat="-23.5844684" lon="132.5458028"></trkpt>
    <trkpt lat="-23.5841043" lon="132.5456872"></trkpt>
    <trkpt lat="-23.5839857" lon="132.5455097"></trkpt>
    <trkpt lat="-23.5839579" lon="132.5454515"></trkpt>
    <trkpt lat="-23.5839583" lon="132.5454275"></trkpt>
    <trkpt lat="-23.5839701" lon="132.5453630"></trkpt>
    <trkpt lat="-23.5839593" lon="132.5452717"></trkpt>
    <trkpt lat="-23.5839492" lon="132.5452198"></trkpt>
    <trkpt lat="-23.5839153" lon="132.5451989"></trkpt>
    <trkpt lat="-23.5839042" lon="132.5452072"></trkpt>
    <trkpt lat="-23.5837931" lon="132.5452119"></trkpt>
    <trkpt lat="-23.5837048" lon="132.5452115"></trkpt>
    <trkpt lat="-23.5836619" lon="132.5452029"></trkpt>
    <trkpt lat="-23.5836071" lon="132.5451663"></trkpt>
    <trkpt lat="-23.5836247" lon="132.5451041"></trkpt>
    <trkpt lat="-23.5836201" lon="132.5449802"></trkpt>
    <trkpt lat="-23.5835443" lon="132.5448040"></trkpt>
    <trkpt lat="-23.5834456" lon="132.5446387"></trkpt>
    <trkpt lat="-23.5834102" lon="132.5444192"></trkpt>
    <trkpt lat="-23.5833028" lon="132.5442642"></trkpt>
    <trkpt lat="-23.5832664" lon="132.5441966"></trkpt>
    <trkpt lat="-23.5831286" lon="132.5440892"></trkpt>
    <trkpt lat="-23.5830580" lon="132.5440652"></trkpt>
    <trkpt lat="-23.5830291" lon="132.5440671"></trkpt>
    <trkpt lat="-23.5828607" lon="132.5441006"></trkpt>
    <trkpt lat="-23.5827021" lon="132.5440364"></trkpt>
    <trkpt lat="-23.5827064" lon="132.5440219"></trkpt>
    <trkpt lat="-23.5827079" lon="132.5440117"></trkpt>
    <trkpt lat="-23.5826030" lon="132.5439117"></trkpt>
    <trkpt lat="-23.5825997" lon="132.5438629"></trkpt>
    <trkpt lat="-23.5825611" lon="132.5436367"></trkpt>
    <trkpt lat="-23.5825334" lon="132.5434058"></trkpt>
    <trkpt lat="-23.5825146" lon="132.5432953"></trkpt>
    <trkpt lat="-23.5824959" lon="132.5432815"></trkpt>
    <trkpt lat="-23.5824364" lon="132.5432036"></trkpt>
    <trkpt lat="-23.5824389" lon="132.5430006"></trkpt>
    <trkpt lat="-23.5824941" lon="132.5428271"></trkpt>
    <trkpt lat="-23.5825774" lon="132.5427335"></trkpt>
    <trkpt lat="-23.5825759" lon="132.5427115"></trkpt>
    <trkpt lat="-23.5826120" lon="132.5425836"></trkpt>
    <trkpt lat="-23.5826192" lon="132.5424904"></trkpt>
    <trkpt lat="-23.5825395" lon="132.5423826"></trkpt>
    <trkpt lat="-23.5825417" lon="132.5423255"></trkpt>
    <trkpt lat="-23.5824923" lon="132.5421599"></trkpt>
    <trkpt lat="-23.5824858" lon="132.5421347"></trkpt>
    <trkpt lat="-23.5824760" lon="132.5421119"></trkpt>
    <trkpt lat="-23.5824357" lon="132.5420789"></trkpt>
    <trkpt lat="-23.5823654" lon="132.5420714"></trkpt>
    <trkpt lat="-23.5823477" lon="132.5420108"></trkpt>
    <trkpt lat="-23.5822741" lon="132.5419006"></trkpt>
    <trkpt lat="-23.5822716" lon="132.5418692"></trkpt>
    <trkpt lat="-23.5823217" lon="132.5417763"></trkpt>
    <trkpt lat="-23.5823271" lon="132.5416866"></trkpt>
    <trkpt lat="-23.5823755" lon="132.5415352"></trkpt>
    <trkpt lat="-23.5823834" lon="132.5414919"></trkpt>
    <trkpt lat="-23.5824202" lon="132.5413684"></trkpt>
    <trkpt lat="-23.5824580" lon="132.5411587"></trkpt>
    <trkpt lat="-23.5824739" lon="132.5409777"></trkpt>
    <trkpt lat="-23.5824760" lon="132.5409219"></trkpt>
    <trkpt lat="-23.5824703" lon="132.5408129"></trkpt>
    <trkpt lat="-23.5824833" lon="132.5407586"></trkpt>
    <trkpt lat="-23.5824962" lon="132.5406933"></trkpt>
    <trkpt lat="-23.5825081" lon="132.5405304"></trkpt>
    <trkpt lat="-23.5824883" lon="132.5405052"></trkpt>
    <trkpt lat="-23.5824995" lon="132.5404997"></trkpt>
    <trkpt lat="-23.5825146" lon="132.5404757"></trkpt>
    <trkpt lat="-23.5825150" lon="132.5403813"></trkpt>
    <trkpt lat="-23.5826037" lon="132.5402468"></trkpt>
    <trkpt lat="-23.5826094" lon="132.5402059"></trkpt>
    <trkpt lat="-23.5825265" lon="132.5398561"></trkpt>
    <trkpt lat="-23.5824580" lon="132.5397192"></trkpt>
    <trkpt lat="-23.5823827" lon="132.5396343"></trkpt>
    <trkpt lat="-23.5823704" lon="132.5395693"></trkpt>
    <trkpt lat="-23.5823185" lon="132.5394320"></trkpt>
    <trkpt lat="-23.5823466" lon="132.5393864"></trkpt>
    <trkpt lat="-23.5823059" lon="132.5393215"></trkpt>
    <trkpt lat="-23.5821314" lon="132.5391810"></trkpt>
    <trkpt lat="-23.5820066" lon="132.5390599"></trkpt>
    <trkpt lat="-23.5819522" lon="132.5390658"></trkpt>
    <trkpt lat="-23.5819100" lon="132.5390438"></trkpt>
    <trkpt lat="-23.5818927" lon="132.5390316"></trkpt>
    <trkpt lat="-23.5818541" lon="132.5388872"></trkpt>
    <trkpt lat="-23.5818213" lon="132.5387515"></trkpt>
    <trkpt lat="-23.5818436" lon="132.5385548"></trkpt>
    <trkpt lat="-23.5818638" lon="132.5384391"></trkpt>
    <trkpt lat="-23.5819370" lon="132.5383230"></trkpt>
    <trkpt lat="-23.5819446" lon="132.5383053"></trkpt>
    <trkpt lat="-23.5819742" lon="132.5382699"></trkpt>
    <trkpt lat="-23.5820798" lon="132.5382593"></trkpt>
    <trkpt lat="-23.5822287" lon="132.5381279"></trkpt>
    <trkpt lat="-23.5823106" lon="132.5379729"></trkpt>
    <trkpt lat="-23.5823160" lon="132.5379650"></trkpt>
    <trkpt lat="-23.5823264" lon="132.5379332"></trkpt>
    <trkpt lat="-23.5823127" lon="132.5377117"></trkpt>
    <trkpt lat="-23.5823142" lon="132.5376000"></trkpt>
    <trkpt lat="-23.5822803" lon="132.5372730"></trkpt>
    <trkpt lat="-23.5823059" lon="132.5371688"></trkpt>
    <trkpt lat="-23.5823030" lon="132.5371475"></trkpt>
    <trkpt lat="-23.5822922" lon="132.5370051"></trkpt>
    <trkpt lat="-23.5823015" lon="132.5368501"></trkpt>
    <trkpt lat="-23.5822723" lon="132.5366357"></trkpt>
    <trkpt lat="-23.5822352" lon="132.5364382"></trkpt>
    <trkpt lat="-23.5822348" lon="132.5364076"></trkpt>
    <trkpt lat="-23.5821660" lon="132.5362876"></trkpt>
    <trkpt lat="-23.5821840" lon="132.5361731"></trkpt>
    <trkpt lat="-23.5821782" lon="132.5361558"></trkpt>
    <trkpt lat="-23.5821552" lon="132.5361145"></trkpt>
    <trkpt lat="-23.5821245" lon="132.5359398"></trkpt>
    <trkpt lat="-23.5821018" lon="132.5357482"></trkpt>
    <trkpt lat="-23.5820560" lon="132.5356774"></trkpt>
    <trkpt lat="-23.5820398" lon="132.5356648"></trkpt>
    <trkpt lat="-23.5819821" lon="132.5356522"></trkpt>
    <trkpt lat="-23.5818249" lon="132.5355908"></trkpt>
    <trkpt lat="-23.5817387" lon="132.5354036"></trkpt>
    <trkpt lat="-23.5817899" lon="132.5351636"></trkpt>
    <trkpt lat="-23.5818101" lon="132.5348741"></trkpt>
    <trkpt lat="-23.5817589" lon="132.5347171"></trkpt>
    <trkpt lat="-23.5817535" lon="132.5346738"></trkpt>
    <trkpt lat="-23.5817351" lon="132.5346573"></trkpt>
    <trkpt lat="-23.5815873" lon="132.5345826"></trkpt>
    <trkpt lat="-23.5815426" lon="132.5345432"></trkpt>
    <trkpt lat="-23.5815105" lon="132.5344693"></trkpt>
    <trkpt lat="-23.5814643" lon="132.5343866"></trkpt>
    <trkpt lat="-23.5813194" lon="132.5342297"></trkpt>
    <trkpt lat="-23.5812307" lon="132.5340845"></trkpt>
    <trkpt lat="-23.5812509" lon="132.5338146"></trkpt>
    <trkpt lat="-23.5812495" lon="132.5337883"></trkpt>
    <trkpt lat="-23.5811716" lon="132.5335928"></trkpt>
    <trkpt lat="-23.5811319" lon="132.5335326"></trkpt>
    <trkpt lat="-23.5810638" lon="132.5334830"></trkpt>
    <trkpt lat="-23.5810320" lon="132.5334519"></trkpt>
    <trkpt lat="-23.5810313" lon="132.5333866"></trkpt>
    <trkpt lat="-23.5810364" lon="132.5333445"></trkpt>
    <trkpt lat="-23.5810324" lon="132.5331443"></trkpt>
    <trkpt lat="-23.5810447" lon="132.5331159"></trkpt>
    <trkpt lat="-23.5810969" lon="132.5330408"></trkpt>
    <trkpt lat="-23.5810616" lon="132.5329149"></trkpt>
    <trkpt lat="-23.5810937" lon="132.5328374"></trkpt>
    <trkpt lat="-23.5812246" lon="132.5327029"></trkpt>
    <trkpt lat="-23.5812372" lon="132.5326848"></trkpt>
    <trkpt lat="-23.5812422" lon="132.5326494"></trkpt>
    <trkpt lat="-23.5811521" lon="132.5325396"></trkpt>
    <trkpt lat="-23.5811254" lon="132.5324786"></trkpt>
    <trkpt lat="-23.5811124" lon="132.5324680"></trkpt>
    <trkpt lat="-23.5810674" lon="132.5324247"></trkpt>
    <trkpt lat="-23.5810677" lon="132.5322886"></trkpt>
    <trkpt lat="-23.5810638" lon="132.5322127"></trkpt>
    <trkpt lat="-23.5810858" lon="132.5320959"></trkpt>
    <trkpt lat="-23.5811319" lon="132.5319113"></trkpt>
    <trkpt lat="-23.5811492" lon="132.5318224"></trkpt>
    <trkpt lat="-23.5810966" lon="132.5316781"></trkpt>
    <trkpt lat="-23.5809733" lon="132.5315360"></trkpt>
    <trkpt lat="-23.5809661" lon="132.5315223"></trkpt>
    <trkpt lat="-23.5809736" lon="132.5314003"></trkpt>
    <trkpt lat="-23.5809855" lon="132.5313488"></trkpt>
    <trkpt lat="-23.5809152" lon="132.5311902"></trkpt>
    <trkpt lat="-23.5808885" lon="132.5309786"></trkpt>
    <trkpt lat="-23.5808020" lon="132.5308468"></trkpt>
    <trkpt lat="-23.5807782" lon="132.5308193"></trkpt>
    <trkpt lat="-23.5806956" lon="132.5306847"></trkpt>
    <trkpt lat="-23.5806106" lon="132.5305510"></trkpt>
    <trkpt lat="-23.5805475" lon="132.5304310"></trkpt>
    <trkpt lat="-23.5805363" lon="132.5303696"></trkpt>
    <trkpt lat="-23.5805323" lon="132.5302819"></trkpt>
    <trkpt lat="-23.5805096" lon="132.5300690"></trkpt>
    <trkpt lat="-23.5804317" lon="132.5298582"></trkpt>
    <trkpt lat="-23.5804198" lon="132.5297897"></trkpt>
    <trkpt lat="-23.5803672" lon="132.5296992"></trkpt>
    <trkpt lat="-23.5802514" lon="132.5295191"></trkpt>
    <trkpt lat="-23.5801613" lon="132.5293227"></trkpt>
    <trkpt lat="-23.5801242" lon="132.5292767"></trkpt>
    <trkpt lat="-23.5800820" lon="132.5292571"></trkpt>
    <trkpt lat="-23.5800690" lon="132.5292279"></trkpt>
    <trkpt lat="-23.5799803" lon="132.5291304"></trkpt>
    <trkpt lat="-23.5799623" lon="132.5291213"></trkpt>
    <trkpt lat="-23.5798826" lon="132.5290489"></trkpt>
    <trkpt lat="-23.5797899" lon="132.5288625"></trkpt>
    <trkpt lat="-23.5797899" lon="132.5286898"></trkpt>
    <trkpt lat="-23.5796782" lon="132.5283357"></trkpt>
    <trkpt lat="-23.5796718" lon="132.5283196"></trkpt>
    <trkpt lat="-23.5796362" lon="132.5282330"></trkpt>
    <trkpt lat="-23.5796268" lon="132.5281603"></trkpt>
    <trkpt lat="-23.5796855" lon="132.5280123"></trkpt>
    <trkpt lat="-23.5797645" lon="132.5279105"></trkpt>
    <trkpt lat="-23.5797869" lon="132.5277173"></trkpt>
    <trkpt lat="-23.5797443" lon="132.5275918"></trkpt>
    <trkpt lat="-23.5797169" lon="132.5275253"></trkpt>
    <trkpt lat="-23.5796816" lon="132.5273015"></trkpt>
    <trkpt lat="-23.5795255" lon="132.5270989"></trkpt>
    <trkpt lat="-23.5794462" lon="132.5268947"></trkpt>
    <trkpt lat="-23.5794101" lon="132.5267287"></trkpt>
    <trkpt lat="-23.5792911" lon="132.5265765"></trkpt>
    <trkpt lat="-23.5792342" lon="132.5264372"></trkpt>
    <trkpt lat="-23.5792075" lon="132.5262531"></trkpt>
    <trkpt lat="-23.5791592" lon="132.5261221"></trkpt>
    <trkpt lat="-23.5791429" lon="132.5261033"></trkpt>
    <trkpt lat="-23.5791285" lon="132.5260415"></trkpt>
    <trkpt lat="-23.5790258" lon="132.5258783"></trkpt>
    <trkpt lat="-23.5788386" lon="132.5256194"></trkpt>
    <trkpt lat="-23.5787691" lon="132.5255045"></trkpt>
    <trkpt lat="-23.5786623" lon="132.5251635"></trkpt>
    <trkpt lat="-23.5785798" lon="132.5250211"></trkpt>
    <trkpt lat="-23.5785628" lon="132.5249007"></trkpt>
    <trkpt lat="-23.5785459" lon="132.5247917"></trkpt>
    <trkpt lat="-23.5785347" lon="132.5247740"></trkpt>
    <trkpt lat="-23.5785120" lon="132.5247005"></trkpt>
    <trkpt lat="-23.5784219" lon="132.5245860"></trkpt>
    <trkpt lat="-23.5783155" lon="132.5243515"></trkpt>
    <trkpt lat="-23.5782960" lon="132.5242890"></trkpt>
    <trkpt lat="-23.5782481" lon="132.5241977"></trkpt>
    <trkpt lat="-23.5782838" lon="132.5240168"></trkpt>
    <trkpt lat="-23.5782939" lon="132.5240195"></trkpt>
    <trkpt lat="-23.5783119" lon="132.5240038"></trkpt>
    <trkpt lat="-23.5783862" lon="132.5239058"></trkpt>
    <trkpt lat="-23.5783674" lon="132.5237461"></trkpt>
    <trkpt lat="-23.5783638" lon="132.5236922"></trkpt>
    <trkpt lat="-23.5783465" lon="132.5235427"></trkpt>
    <trkpt lat="-23.5782701" lon="132.5233461"></trkpt>
    <trkpt lat="-23.5782247" lon="132.5232320"></trkpt>
    <trkpt lat="-23.5781940" lon="132.5231765"></trkpt>
    <trkpt lat="-23.5780494" lon="132.5230015"></trkpt>
    <trkpt lat="-23.5779889" lon="132.5228862"></trkpt>
    <trkpt lat="-23.5779755" lon="132.5228846"></trkpt>
    <trkpt lat="-23.5778075" lon="132.5228417"></trkpt>
    <trkpt lat="-23.5775137" lon="132.5225947"></trkpt>
    <trkpt lat="-23.5773374" lon="132.5225263"></trkpt>
    <trkpt lat="-23.5771697" lon="132.5225455"></trkpt>
    <trkpt lat="-23.5771643" lon="132.5225522"></trkpt>
    <trkpt lat="-23.5771236" lon="132.5225841"></trkpt>
    <trkpt lat="-23.5770698" lon="132.5226124"></trkpt>
    <trkpt lat="-23.5769732" lon="132.5226750"></trkpt>
    <trkpt lat="-23.5768658" lon="132.5227485"></trkpt>
    <trkpt lat="-23.5767190" lon="132.5228288"></trkpt>
    <trkpt lat="-23.5766646" lon="132.5228964"></trkpt>
    <trkpt lat="-23.5765164" lon="132.5230439"></trkpt>
    <trkpt lat="-23.5764324" lon="132.5231742"></trkpt>
    <trkpt lat="-23.5764014" lon="132.5231745"></trkpt>
    <trkpt lat="-23.5762496" lon="132.5231352"></trkpt>
    <trkpt lat="-23.5762117" lon="132.5231014"></trkpt>
    <trkpt lat="-23.5761126" lon="132.5229247"></trkpt>
    <trkpt lat="-23.5760911" lon="132.5228703"></trkpt>
    <trkpt lat="-23.5760801" lon="132.5228024"></trkpt>
    <trkpt lat="-23.5760722" lon="132.5226651"></trkpt>
    <trkpt lat="-23.5760577" lon="132.5225787"></trkpt>
    <trkpt lat="-23.5760353" lon="132.5225180"></trkpt>
    <trkpt lat="-23.5760135" lon="132.5224396"></trkpt>
    <trkpt lat="-23.5759985" lon="132.5222675"></trkpt>
    <trkpt lat="-23.5759447" lon="132.5220752"></trkpt>
    <trkpt lat="-23.5759197" lon="132.5219951"></trkpt>
    <trkpt lat="-23.5760053" lon="132.5217482"></trkpt>
    <trkpt lat="-23.5760267" lon="132.5216385"></trkpt>
    <trkpt lat="-23.5760042" lon="132.5214583"></trkpt>
    <trkpt lat="-23.5759805" lon="132.5213448"></trkpt>
    <trkpt lat="-23.5759714" lon="132.5213050"></trkpt>
    <trkpt lat="-23.5759914" lon="132.5210832"></trkpt>
    <trkpt lat="-23.5760071" lon="132.5209855"></trkpt>
    <trkpt lat="-23.5760109" lon="132.5209283"></trkpt>
    <trkpt lat="-23.5760506" lon="132.5208517"></trkpt>
    <trkpt lat="-23.5761412" lon="132.5207247"></trkpt>
    <trkpt lat="-23.5761826" lon="132.5206668"></trkpt>
    <trkpt lat="-23.5762101" lon="132.5205749"></trkpt>
    <trkpt lat="-23.5761887" lon="132.5203927"></trkpt>
    <trkpt lat="-23.5761968" lon="132.5203532"></trkpt>
    <trkpt lat="-23.5762611" lon="132.5202100"></trkpt>
    <trkpt lat="-23.5763679" lon="132.5199859"></trkpt>
    <trkpt lat="-23.5764209" lon="132.5198544"></trkpt>
    <trkpt lat="-23.5764360" lon="132.5198399"></trkpt>
    <trkpt lat="-23.5764865" lon="132.5198237"></trkpt>
    <trkpt lat="-23.5766121" lon="132.5197532"></trkpt>
    <trkpt lat="-23.5767096" lon="132.5194113"></trkpt>
    <trkpt lat="-23.5767996" lon="132.5193133"></trkpt>
    <trkpt lat="-23.5769141" lon="132.5191630"></trkpt>
    <trkpt lat="-23.5769768" lon="132.5191380"></trkpt>
    <trkpt lat="-23.5771293" lon="132.5189983"></trkpt>
    <trkpt lat="-23.5771945" lon="132.5189418"></trkpt>
    <trkpt lat="-23.5774963" lon="132.5187757"></trkpt>
    <trkpt lat="-23.5771945" lon="132.5189418"></trkpt>
    <trkpt lat="-23.5771293" lon="132.5189983"></trkpt>
    <trkpt lat="-23.5769768" lon="132.5191380"></trkpt>
    <trkpt lat="-23.5769141" lon="132.5191630"></trkpt>
    <trkpt lat="-23.5767996" lon="132.5193133"></trkpt>
    <trkpt lat="-23.5767096" lon="132.5194113"></trkpt>
    <trkpt lat="-23.5766121" lon="132.5197532"></trkpt>
    <trkpt lat="-23.5764865" lon="132.5198237"></trkpt>
    <trkpt lat="-23.5764360" lon="132.5198399"></trkpt>
    <trkpt lat="-23.5764209" lon="132.5198544"></trkpt>
    <trkpt lat="-23.5763679" lon="132.5199859"></trkpt>
    <trkpt lat="-23.5762611" lon="132.5202100"></trkpt>
    <trkpt lat="-23.5761968" lon="132.5203532"></trkpt>
    <trkpt lat="-23.5761887" lon="132.5203927"></trkpt>
    <trkpt lat="-23.5762101" lon="132.5205749"></trkpt>
    <trkpt lat="-23.5761826" lon="132.5206668"></trkpt>
    <trkpt lat="-23.5761412" lon="132.5207247"></trkpt>
    <trkpt lat="-23.5760506" lon="132.5208517"></trkpt>
    <trkpt lat="-23.5760109" lon="132.5209283"></trkpt>
    <trkpt lat="-23.5760071" lon="132.5209855"></trkpt>
    <trkpt lat="-23.5759914" lon="132.5210832"></trkpt>
    <trkpt lat="-23.5759714" lon="132.5213050"></trkpt>
    <trkpt lat="-23.5759805" lon="132.5213448"></trkpt>
    <trkpt lat="-23.5760042" lon="132.5214583"></trkpt>
    <trkpt lat="-23.5760267" lon="132.5216385"></trkpt>
    <trkpt lat="-23.5760053" lon="132.5217482"></trkpt>
    <trkpt lat="-23.5759197" lon="132.5219951"></trkpt>
    <trkpt lat="-23.5759447" lon="132.5220752"></trkpt>
    <trkpt lat="-23.5759985" lon="132.5222675"></trkpt>
    <trkpt lat="-23.5760135" lon="132.5224396"></trkpt>
    <trkpt lat="-23.5760353" lon="132.5225180"></trkpt>
    <trkpt lat="-23.5760577" lon="132.5225787"></trkpt>
    <trkpt lat="-23.5760722" lon="132.5226651"></trkpt>
    <trkpt lat="-23.5760801" lon="132.5228024"></trkpt>
    <trkpt lat="-23.5760911" lon="132.5228703"></trkpt>
    <trkpt lat="-23.5760242" lon="132.5229823"></trkpt>
    <trkpt lat="-23.5759939" lon="132.5230154"></trkpt>
    <trkpt lat="-23.5759767" lon="132.5230506"></trkpt>
    <trkpt lat="-23.5759348" lon="132.5230837"></trkpt>
    <trkpt lat="-23.5758909" lon="132.5231123"></trkpt>
    <trkpt lat="-23.5758101" lon="132.5231839"></trkpt>
    <trkpt lat="-23.5757693" lon="132.5232114"></trkpt>
    <trkpt lat="-23.5755911" lon="132.5233150"></trkpt>
    <trkpt lat="-23.5755214" lon="132.5233744"></trkpt>
    <trkpt lat="-23.5754426" lon="132.5234409"></trkpt>
    <trkpt lat="-23.5754288" lon="132.5234759"></trkpt>
    <trkpt lat="-23.5754225" lon="132.5235185"></trkpt>
    <trkpt lat="-23.5755109" lon="132.5236518"></trkpt>
    <trkpt lat="-23.5755916" lon="132.5238265"></trkpt>
    <trkpt lat="-23.5756160" lon="132.5239250"></trkpt>
    <trkpt lat="-23.5756465" lon="132.5239851"></trkpt>
    <trkpt lat="-23.5756556" lon="132.5240634"></trkpt>
    <trkpt lat="-23.5756422" lon="132.5240711"></trkpt>
    <trkpt lat="-23.5756481" lon="132.5241556"></trkpt>
    <trkpt lat="-23.5756223" lon="132.5242261"></trkpt>
    <trkpt lat="-23.5755819" lon="132.5242501"></trkpt>
    <trkpt lat="-23.5755573" lon="132.5243112"></trkpt>
    <trkpt lat="-23.5755271" lon="132.5243575"></trkpt>
    <trkpt lat="-23.5755068" lon="132.5244160"></trkpt>
    <trkpt lat="-23.5754720" lon="132.5244554"></trkpt>
    <trkpt lat="-23.5754130" lon="132.5244657"></trkpt>
    <trkpt lat="-23.5753593" lon="132.5244622"></trkpt>
    <trkpt lat="-23.5753099" lon="132.5244414"></trkpt>
    <trkpt lat="-23.5752585" lon="132.5244652"></trkpt>
    <trkpt lat="-23.5752265" lon="132.5244697"></trkpt>
    <trkpt lat="-23.5751980" lon="132.5244848"></trkpt>
    <trkpt lat="-23.5751858" lon="132.5245313"></trkpt>
    <trkpt lat="-23.5751599" lon="132.5246053"></trkpt>
    <trkpt lat="-23.5751474" lon="132.5246294"></trkpt>
    <trkpt lat="-23.5751203" lon="132.5246445"></trkpt>
    <trkpt lat="-23.5750909" lon="132.5246670"></trkpt>
    <trkpt lat="-23.5750555" lon="132.5247000"></trkpt>
    <trkpt lat="-23.5749898" lon="132.5247030"></trkpt>
    <trkpt lat="-23.5749605" lon="132.5246707"></trkpt>
    <trkpt lat="-23.5749032" lon="132.5246498"></trkpt>
    <trkpt lat="-23.5748537" lon="132.5246007"></trkpt>
    <trkpt lat="-23.5747729" lon="132.5245617"></trkpt>
    <trkpt lat="-23.5747075" lon="132.5245185"></trkpt>
    <trkpt lat="-23.5745615" lon="132.5244312"></trkpt>
    <trkpt lat="-23.5744377" lon="132.5243754"></trkpt>
    <trkpt lat="-23.5743398" lon="132.5243608"></trkpt>
    <trkpt lat="-23.5743009" lon="132.5243531"></trkpt>
    <trkpt lat="-23.5742278" lon="132.5243341"></trkpt>
    <trkpt lat="-23.5741041" lon="132.5243217"></trkpt>
    <trkpt lat="-23.5739498" lon="132.5242584"></trkpt>
    <trkpt lat="-23.5738794" lon="132.5242611"></trkpt>
    <trkpt lat="-23.5738082" lon="132.5242588"></trkpt>
    <trkpt lat="-23.5737572" lon="132.5242626"></trkpt>
    <trkpt lat="-23.5737101" lon="132.5242679"></trkpt>
    <trkpt lat="-23.5736700" lon="132.5242786"></trkpt>
    <trkpt lat="-23.5735847" lon="132.5243554"></trkpt>
    <trkpt lat="-23.5735583" lon="132.5243811"></trkpt>
    <trkpt lat="-23.5735456" lon="132.5244032"></trkpt>
    <trkpt lat="-23.5735195" lon="132.5245723"></trkpt>
    <trkpt lat="-23.5735074" lon="132.5246604"></trkpt>
    <trkpt lat="-23.5734975" lon="132.5247065"></trkpt>
    <trkpt lat="-23.5734580" lon="132.5247944"></trkpt>
    <trkpt lat="-23.5734233" lon="132.5249610"></trkpt>
    <trkpt lat="-23.5732844" lon="132.5251905"></trkpt>
    <trkpt lat="-23.5732293" lon="132.5252614"></trkpt>
    <trkpt lat="-23.5731854" lon="132.5253224"></trkpt>
    <trkpt lat="-23.5731319" lon="132.5254028"></trkpt>
    <trkpt lat="-23.5730830" lon="132.5254538"></trkpt>
    <trkpt lat="-23.5730452" lon="132.5255007"></trkpt>
    <trkpt lat="-23.5729976" lon="132.5255426"></trkpt>
    <trkpt lat="-23.5729493" lon="132.5256104"></trkpt>
    <trkpt lat="-23.5728596" lon="132.5256794"></trkpt>
    <trkpt lat="-23.5728144" lon="132.5257035"></trkpt>
    <trkpt lat="-23.5727604" lon="132.5257169"></trkpt>
    <trkpt lat="-23.5727196" lon="132.5257319"></trkpt>
    <trkpt lat="-23.5726712" lon="132.5258011"></trkpt>
    <trkpt lat="-23.5725902" lon="132.5258545"></trkpt>
    <trkpt lat="-23.5725325" lon="132.5258911"></trkpt>
    <trkpt lat="-23.5724040" lon="132.5258180"></trkpt>
    <trkpt lat="-23.5722382" lon="132.5257356"></trkpt>
    <trkpt lat="-23.5721377" lon="132.5257445"></trkpt>
    <trkpt lat="-23.5719588" lon="132.5256818"></trkpt>
    <trkpt lat="-23.5719011" lon="132.5257075"></trkpt>
    <trkpt lat="-23.5717787" lon="132.5257531"></trkpt>
    <trkpt lat="-23.5716213" lon="132.5258616"></trkpt>
    <trkpt lat="-23.5715732" lon="132.5258756"></trkpt>
    <trkpt lat="-23.5714958" lon="132.5258932"></trkpt>
    <trkpt lat="-23.5714013" lon="132.5259242"></trkpt>
    <trkpt lat="-23.5713402" lon="132.5259434"></trkpt>
    <trkpt lat="-23.5712968" lon="132.5259586"></trkpt>
    <trkpt lat="-23.5712556" lon="132.5259626"></trkpt>
    <trkpt lat="-23.5711831" lon="132.5259500"></trkpt>
    <trkpt lat="-23.5710179" lon="132.5259928"></trkpt>
    <trkpt lat="-23.5709435" lon="132.5260587"></trkpt>
    <trkpt lat="-23.5708501" lon="132.5261154"></trkpt>
    <trkpt lat="-23.5708365" lon="132.5261347"></trkpt>
    <trkpt lat="-23.5707812" lon="132.5261677"></trkpt>
    <trkpt lat="-23.5707313" lon="132.5262133"></trkpt>
    <trkpt lat="-23.5706347" lon="132.5262650"></trkpt>
    <trkpt lat="-23.5705784" lon="132.5263234"></trkpt>
    <trkpt lat="-23.5705484" lon="132.5263252"></trkpt>
    <trkpt lat="-23.5704768" lon="132.5263352"></trkpt>
    <trkpt lat="-23.5704392" lon="132.5263623"></trkpt>
    <trkpt lat="-23.5703410" lon="132.5263763"></trkpt>
    <trkpt lat="-23.5702792" lon="132.5263842"></trkpt>
    <trkpt lat="-23.5702612" lon="132.5264029"></trkpt>
    <trkpt lat="-23.5702386" lon="132.5264256"></trkpt>
    <trkpt lat="-23.5701932" lon="132.5264534"></trkpt>
    <trkpt lat="-23.5701527" lon="132.5264882"></trkpt>
    <trkpt lat="-23.5700989" lon="132.5265161"></trkpt>
    <trkpt lat="-23.5700697" lon="132.5265247"></trkpt>
    <trkpt lat="-23.5700464" lon="132.5265564"></trkpt>
    <trkpt lat="-23.5699704" lon="132.5265884"></trkpt>
    <trkpt lat="-23.5699081" lon="132.5266182"></trkpt>
    <trkpt lat="-23.5698616" lon="132.5266335"></trkpt>
    <trkpt lat="-23.5697961" lon="132.5266234"></trkpt>
    <trkpt lat="-23.5697395" lon="132.5266575"></trkpt>
    <trkpt lat="-23.5696737" lon="132.5266839"></trkpt>
    <trkpt lat="-23.5696547" lon="132.5267119"></trkpt>
    <trkpt lat="-23.5696149" lon="132.5267661"></trkpt>
    <trkpt lat="-23.5695835" lon="132.5267998"></trkpt>
    <trkpt lat="-23.5695358" lon="132.5268193"></trkpt>
    <trkpt lat="-23.5694894" lon="132.5268527"></trkpt>
    <trkpt lat="-23.5694301" lon="132.5268647"></trkpt>
    <trkpt lat="-23.5693493" lon="132.5268641"></trkpt>
    <trkpt lat="-23.5693095" lon="132.5268936"></trkpt>
    <trkpt lat="-23.5692542" lon="132.5268932"></trkpt>
    <trkpt lat="-23.5692108" lon="132.5268722"></trkpt>
    <trkpt lat="-23.5691740" lon="132.5268825"></trkpt>
    <trkpt lat="-23.5691582" lon="132.5269344"></trkpt>
    <trkpt lat="-23.5690562" lon="132.5269822"></trkpt>
    <trkpt lat="-23.5690131" lon="132.5269978"></trkpt>
    <trkpt lat="-23.5689659" lon="132.5270070"></trkpt>
    <trkpt lat="-23.5688609" lon="132.5268962"></trkpt>
    <trkpt lat="-23.5688114" lon="132.5269197"></trkpt>
    <trkpt lat="-23.5688301" lon="132.5271385"></trkpt>
    <trkpt lat="-23.5688357" lon="132.5272142"></trkpt>
    <trkpt lat="-23.5688240" lon="132.5272452"></trkpt>
    <trkpt lat="-23.5687674" lon="132.5272754"></trkpt>
    <trkpt lat="-23.5687417" lon="132.5272455"></trkpt>
    <trkpt lat="-23.5686954" lon="132.5271361"></trkpt>
    <trkpt lat="-23.5686481" lon="132.5271001"></trkpt>
    <trkpt lat="-23.5686144" lon="132.5271258"></trkpt>
    <trkpt lat="-23.5686392" lon="132.5274136"></trkpt>
    <trkpt lat="-23.5686257" lon="132.5274756"></trkpt>
    <trkpt lat="-23.5686031" lon="132.5275162"></trkpt>
    <trkpt lat="-23.5685890" lon="132.5276283"></trkpt>
    <trkpt lat="-23.5685538" lon="132.5277801"></trkpt>
    <trkpt lat="-23.5685434" lon="132.5279385"></trkpt>
    <trkpt lat="-23.5685644" lon="132.5280398"></trkpt>
    <trkpt lat="-23.5685801" lon="132.5282001"></trkpt>
    <trkpt lat="-23.5685610" lon="132.5284232"></trkpt>
    <trkpt lat="-23.5685868" lon="132.5286646"></trkpt>
    <trkpt lat="-23.5685996" lon="132.5287412"></trkpt>
    <trkpt lat="-23.5685906" lon="132.5289720"></trkpt>
    <trkpt lat="-23.5685605" lon="132.5291266"></trkpt>
    <trkpt lat="-23.5684992" lon="132.5292355"></trkpt>
    <trkpt lat="-23.5684778" lon="132.5293425"></trkpt>
    <trkpt lat="-23.5684064" lon="132.5295308"></trkpt>
    <trkpt lat="-23.5683650" lon="132.5296347"></trkpt>
    <trkpt lat="-23.5683364" lon="132.5297698"></trkpt>
    <trkpt lat="-23.5683047" lon="132.5298808"></trkpt>
    <trkpt lat="-23.5683067" lon="132.5299863"></trkpt>
    <trkpt lat="-23.5682600" lon="132.5302098"></trkpt>
    <trkpt lat="-23.5682660" lon="132.5303219"></trkpt>
    <trkpt lat="-23.5682146" lon="132.5304663"></trkpt>
    <trkpt lat="-23.5682174" lon="132.5305432"></trkpt>
    <trkpt lat="-23.5682007" lon="132.5308170"></trkpt>
    <trkpt lat="-23.5682229" lon="132.5309431"></trkpt>
    <trkpt lat="-23.5682683" lon="132.5310549"></trkpt>
    <trkpt lat="-23.5683122" lon="132.5311638"></trkpt>
    <trkpt lat="-23.5683814" lon="132.5312327"></trkpt>
    <trkpt lat="-23.5684430" lon="132.5313264"></trkpt>
    <trkpt lat="-23.5684950" lon="132.5313413"></trkpt>
    <trkpt lat="-23.5685059" lon="132.5313657"></trkpt>
    <trkpt lat="-23.5686055" lon="132.5314934"></trkpt>
    <trkpt lat="-23.5686549" lon="132.5316011"></trkpt>
    <trkpt lat="-23.5687413" lon="132.5317438"></trkpt>
    <trkpt lat="-23.5688426" lon="132.5318555"></trkpt>
    <trkpt lat="-23.5689112" lon="132.5319564"></trkpt>
    <trkpt lat="-23.5690437" lon="132.5322094"></trkpt>
    <trkpt lat="-23.5691130" lon="132.5322742"></trkpt>
    <trkpt lat="-23.5691873" lon="132.5324198"></trkpt>
    <trkpt lat="-23.5692394" lon="132.5324616"></trkpt>
    <trkpt lat="-23.5692749" lon="132.5325010"></trkpt>
    <trkpt lat="-23.5693212" lon="132.5326093"></trkpt>
    <trkpt lat="-23.5693426" lon="132.5326818"></trkpt>
    <trkpt lat="-23.5694865" lon="132.5329683"></trkpt>
    <trkpt lat="-23.5695302" lon="132.5330246"></trkpt>
    <trkpt lat="-23.5695603" lon="132.5330518"></trkpt>
    <trkpt lat="-23.5696186" lon="132.5331531"></trkpt>
    <trkpt lat="-23.5696853" lon="132.5331829"></trkpt>
    <trkpt lat="-23.5698943" lon="132.5334736"></trkpt>
    <trkpt lat="-23.5699307" lon="132.5335275"></trkpt>
    <trkpt lat="-23.5699639" lon="132.5335816"></trkpt>
    <trkpt lat="-23.5699957" lon="132.5337000"></trkpt>
    <trkpt lat="-23.5700674" lon="132.5338740"></trkpt>
    <trkpt lat="-23.5701199" lon="132.5339500"></trkpt>
    <trkpt lat="-23.5701502" lon="132.5339788"></trkpt>
    <trkpt lat="-23.5701885" lon="132.5340811"></trkpt>
    <trkpt lat="-23.5702360" lon="132.5342144"></trkpt>
    <trkpt lat="-23.5702542" lon="132.5342926"></trkpt>
    <trkpt lat="-23.5702903" lon="132.5343778"></trkpt>
    <trkpt lat="-23.5703363" lon="132.5345250"></trkpt>
    <trkpt lat="-23.5703220" lon="132.5345889"></trkpt>
    <trkpt lat="-23.5703320" lon="132.5346294"></trkpt>
    <trkpt lat="-23.5704833" lon="132.5348334"></trkpt>
    <trkpt lat="-23.5704877" lon="132.5348964"></trkpt>
    <trkpt lat="-23.5704987" lon="132.5349364"></trkpt>
    <trkpt lat="-23.5705096" lon="132.5349626"></trkpt>
    <trkpt lat="-23.5705184" lon="132.5350211"></trkpt>
    <trkpt lat="-23.5705425" lon="132.5351014"></trkpt>
    <trkpt lat="-23.5705889" lon="132.5351494"></trkpt>
    <trkpt lat="-23.5706306" lon="132.5351817"></trkpt>
    <trkpt lat="-23.5706547" lon="132.5353397"></trkpt>
    <trkpt lat="-23.5707146" lon="132.5354581"></trkpt>
    <trkpt lat="-23.5707632" lon="132.5354970"></trkpt>
    <trkpt lat="-23.5707889" lon="132.5355593"></trkpt>
    <trkpt lat="-23.5708831" lon="132.5355873"></trkpt>
    <trkpt lat="-23.5709259" lon="132.5356091"></trkpt>
    <trkpt lat="-23.5709331" lon="132.5356824"></trkpt>
    <trkpt lat="-23.5709555" lon="132.5357190"></trkpt>
    <trkpt lat="-23.5710765" lon="132.5358311"></trkpt>
    <trkpt lat="-23.5710880" lon="132.5359059"></trkpt>
    <trkpt lat="-23.5710954" lon="132.5359331"></trkpt>
    <trkpt lat="-23.5711308" lon="132.5359651"></trkpt>
    <trkpt lat="-23.5711879" lon="132.5359884"></trkpt>
    <trkpt lat="-23.5713036" lon="132.5359994"></trkpt>
    <trkpt lat="-23.5713464" lon="132.5360367"></trkpt>
    <trkpt lat="-23.5713849" lon="132.5361380"></trkpt>
    <trkpt lat="-23.5714706" lon="132.5362470"></trkpt>
    <trkpt lat="-23.5715086" lon="132.5362710"></trkpt>
    <trkpt lat="-23.5715529" lon="132.5362779"></trkpt>
    <trkpt lat="-23.5715696" lon="132.5362874"></trkpt>
    <trkpt lat="-23.5716091" lon="132.5363576"></trkpt>
    <trkpt lat="-23.5716362" lon="132.5364526"></trkpt>
    <trkpt lat="-23.5716890" lon="132.5365103"></trkpt>
    <trkpt lat="-23.5717447" lon="132.5367221"></trkpt>
    <trkpt lat="-23.5717947" lon="132.5367486"></trkpt>
    <trkpt lat="-23.5718461" lon="132.5368187"></trkpt>
    <trkpt lat="-23.5718889" lon="132.5369573"></trkpt>
    <trkpt lat="-23.5719289" lon="132.5370788"></trkpt>
    <trkpt lat="-23.5719703" lon="132.5371411"></trkpt>
    <trkpt lat="-23.5720003" lon="132.5372159"></trkpt>
    <trkpt lat="-23.5720431" lon="132.5372502"></trkpt>
    <trkpt lat="-23.5720517" lon="132.5373374"></trkpt>
    <trkpt lat="-23.5720674" lon="132.5374324"></trkpt>
    <trkpt lat="-23.5720974" lon="132.5374667"></trkpt>
    <trkpt lat="-23.5721288" lon="132.5375773"></trkpt>
    <trkpt lat="-23.5722102" lon="132.5376412"></trkpt>
    <trkpt lat="-23.5722380" lon="132.5377307"></trkpt>
    <trkpt lat="-23.5722508" lon="132.5378444"></trkpt>
    <trkpt lat="-23.5722751" lon="132.5379753"></trkpt>
    <trkpt lat="-23.5724050" lon="132.5381809"></trkpt>
    <trkpt lat="-23.5725435" lon="132.5384286"></trkpt>
    <trkpt lat="-23.5725749" lon="132.5385314"></trkpt>
    <trkpt lat="-23.5725735" lon="132.5385765"></trkpt>
    <trkpt lat="-23.5725935" lon="132.5386638"></trkpt>
    <trkpt lat="-23.5726406" lon="132.5387121"></trkpt>
    <trkpt lat="-23.5726620" lon="132.5387806"></trkpt>
    <trkpt lat="-23.5727263" lon="132.5389192"></trkpt>
    <trkpt lat="-23.5727748" lon="132.5389566"></trkpt>
    <trkpt lat="-23.5728191" lon="132.5390111"></trkpt>
    <trkpt lat="-23.5728319" lon="132.5390859"></trkpt>
    <trkpt lat="-23.5728662" lon="132.5391731"></trkpt>
    <trkpt lat="-23.5729261" lon="132.5392292"></trkpt>
    <trkpt lat="-23.5729576" lon="132.5393087"></trkpt>
    <trkpt lat="-23.5730361" lon="132.5394224"></trkpt>
    <trkpt lat="-23.5730618" lon="132.5395127"></trkpt>
    <trkpt lat="-23.5731560" lon="132.5396654"></trkpt>
    <trkpt lat="-23.5732160" lon="132.5397059"></trkpt>
    <trkpt lat="-23.5733830" lon="132.5400408"></trkpt>
    <trkpt lat="-23.5734073" lon="132.5401576"></trkpt>
    <trkpt lat="-23.5734401" lon="132.5401778"></trkpt>
    <trkpt lat="-23.5734630" lon="132.5402215"></trkpt>
    <trkpt lat="-23.5734672" lon="132.5403009"></trkpt>
    <trkpt lat="-23.5734944" lon="132.5403523"></trkpt>
    <trkpt lat="-23.5735929" lon="132.5404395"></trkpt>
    <trkpt lat="-23.5736129" lon="132.5405096"></trkpt>
    <trkpt lat="-23.5736985" lon="132.5405875"></trkpt>
    <trkpt lat="-23.5737471" lon="132.5406934"></trkpt>
    <trkpt lat="-23.5737828" lon="132.5407184"></trkpt>
    <trkpt lat="-23.5738270" lon="132.5407900"></trkpt>
    <trkpt lat="-23.5739909" lon="132.5409974"></trkpt>
    <trkpt lat="-23.5740183" lon="132.5410315"></trkpt>
    <trkpt lat="-23.5740826" lon="132.5411857"></trkpt>
    <trkpt lat="-23.5740840" lon="132.5412604"></trkpt>
    <trkpt lat="-23.5740997" lon="132.5413087"></trkpt>
    <trkpt lat="-23.5741468" lon="132.5413617"></trkpt>
    <trkpt lat="-23.5742496" lon="132.5415175"></trkpt>
    <trkpt lat="-23.5742573" lon="132.5415699"></trkpt>
    <trkpt lat="-23.5742489" lon="132.5416670"></trkpt>
    <trkpt lat="-23.5742560" lon="132.5417496"></trkpt>
    <trkpt lat="-23.5743303" lon="132.5420549"></trkpt>
    <trkpt lat="-23.5743888" lon="132.5421203"></trkpt>
    <trkpt lat="-23.5744188" lon="132.5422620"></trkpt>
    <trkpt lat="-23.5744174" lon="132.5424069"></trkpt>
    <trkpt lat="-23.5744274" lon="132.5424965"></trkpt>
    <trkpt lat="-23.5745159" lon="132.5427807"></trkpt>
    <trkpt lat="-23.5745216" lon="132.5428586"></trkpt>
    <trkpt lat="-23.5744888" lon="132.5429739"></trkpt>
    <trkpt lat="-23.5744864" lon="132.5430200"></trkpt>
    <trkpt lat="-23.5744876" lon="132.5430814"></trkpt>
    <trkpt lat="-23.5744930" lon="132.5431390"></trkpt>
    <trkpt lat="-23.5745264" lon="132.5432964"></trkpt>
    <trkpt lat="-23.5745616" lon="132.5434241"></trkpt>
    <trkpt lat="-23.5745697" lon="132.5435675"></trkpt>
    <trkpt lat="-23.5746515" lon="132.5436756"></trkpt>
    <trkpt lat="-23.5746958" lon="132.5438065"></trkpt>
    <trkpt lat="-23.5747657" lon="132.5438890"></trkpt>
    <trkpt lat="-23.5747900" lon="132.5440074"></trkpt>
    <trkpt lat="-23.5748257" lon="132.5441056"></trkpt>
    <trkpt lat="-23.5748328" lon="132.5442052"></trkpt>
    <trkpt lat="-23.5748899" lon="132.5443003"></trkpt>
    <trkpt lat="-23.5749228" lon="132.5444062"></trkpt>
    <trkpt lat="-23.5749827" lon="132.5445448"></trkpt>
    <trkpt lat="-23.5750327" lon="132.5449031"></trkpt>
    <trkpt lat="-23.5750655" lon="132.5449934"></trkpt>
    <trkpt lat="-23.5750684" lon="132.5451056"></trkpt>
    <trkpt lat="-23.5751947" lon="132.5455254"></trkpt>
    <trkpt lat="-23.5752026" lon="132.5457100"></trkpt>
    <trkpt lat="-23.5752740" lon="132.5459327"></trkpt>
    <trkpt lat="-23.5752777" lon="132.5459936"></trkpt>
    <trkpt lat="-23.5752840" lon="132.5460495"></trkpt>
    <trkpt lat="-23.5753315" lon="132.5462436"></trkpt>
    <trkpt lat="-23.5753482" lon="132.5464421"></trkpt>
    <trkpt lat="-23.5753539" lon="132.5465246"></trkpt>
    <trkpt lat="-23.5753489" lon="132.5466103"></trkpt>
    <trkpt lat="-23.5753725" lon="132.5466461"></trkpt>
    <trkpt lat="-23.5753811" lon="132.5467412"></trkpt>
    <trkpt lat="-23.5755024" lon="132.5469686"></trkpt>
    <trkpt lat="-23.5755224" lon="132.5471649"></trkpt>
    <trkpt lat="-23.5755153" lon="132.5472490"></trkpt>
    <trkpt lat="-23.5755210" lon="132.5473113"></trkpt>
    <trkpt lat="-23.5755595" lon="132.5474328"></trkpt>
    <trkpt lat="-23.5755607" lon="132.5475384"></trkpt>
    <trkpt lat="-23.5756623" lon="132.5477949"></trkpt>
    <trkpt lat="-23.5756652" lon="132.5478572"></trkpt>
    <trkpt lat="-23.5757137" lon="132.5479663"></trkpt>
    <trkpt lat="-23.5757737" lon="132.5480192"></trkpt>
    <trkpt lat="-23.5758622" lon="132.5482155"></trkpt>
    <trkpt lat="-23.5759050" lon="132.5483728"></trkpt>
    <trkpt lat="-23.5759393" lon="132.5485255"></trkpt>
    <trkpt lat="-23.5760278" lon="132.5488199"></trkpt>
    <trkpt lat="-23.5760378" lon="132.5490716"></trkpt>
    <trkpt lat="-23.5760692" lon="132.5492165"></trkpt>
    <trkpt lat="-23.5761095" lon="132.5493980"></trkpt>
    <trkpt lat="-23.5761181" lon="132.5496829"></trkpt>
    <trkpt lat="-23.5761353" lon="132.5497972"></trkpt>
    <trkpt lat="-23.5761459" lon="132.5499877"></trkpt>
    <trkpt lat="-23.5761245" lon="132.5501481"></trkpt>
    <trkpt lat="-23.5761752" lon="132.5503041"></trkpt>
    <trkpt lat="-23.5761676" lon="132.5504677"></trkpt>
    <trkpt lat="-23.5761361" lon="132.5506030"></trkpt>
    <trkpt lat="-23.5761516" lon="132.5507260"></trkpt>
    <trkpt lat="-23.5761131" lon="132.5508046"></trkpt>
    <trkpt lat="-23.5760890" lon="132.5509021"></trkpt>
    <trkpt lat="-23.5761092" lon="132.5510349"></trkpt>
    <trkpt lat="-23.5761172" lon="132.5511844"></trkpt>
    <trkpt lat="-23.5761022" lon="132.5512648"></trkpt>
    <trkpt lat="-23.5761186" lon="132.5513560"></trkpt>
    <trkpt lat="-23.5760966" lon="132.5515438"></trkpt>
    <trkpt lat="-23.5760508" lon="132.5516965"></trkpt>
    <trkpt lat="-23.5760606" lon="132.5518380"></trkpt>
    <trkpt lat="-23.5760422" lon="132.5519341"></trkpt>
    <trkpt lat="-23.5760535" lon="132.5519976"></trkpt>
    <trkpt lat="-23.5760378" lon="132.5521988"></trkpt>
    <trkpt lat="-23.5760149" lon="132.5523347"></trkpt>
    <trkpt lat="-23.5760617" lon="132.5524822"></trkpt>
    <trkpt lat="-23.5760483" lon="132.5526153"></trkpt>
    <trkpt lat="-23.5760597" lon="132.5526512"></trkpt>
    <trkpt lat="-23.5760836" lon="132.5526976"></trkpt>
    <trkpt lat="-23.5761345" lon="132.5527785"></trkpt>
    <trkpt lat="-23.5762055" lon="132.5530771"></trkpt>
    <trkpt lat="-23.5762127" lon="132.5532079"></trkpt>
    <trkpt lat="-23.5762433" lon="132.5533665"></trkpt>
    <trkpt lat="-23.5763069" lon="132.5535359"></trkpt>
    <trkpt lat="-23.5763077" lon="132.5536554"></trkpt>
    <trkpt lat="-23.5763640" lon="132.5538445"></trkpt>
    <trkpt lat="-23.5763734" lon="132.5539776"></trkpt>
    <trkpt lat="-23.5763983" lon="132.5541534"></trkpt>
    <trkpt lat="-23.5764254" lon="132.5543590"></trkpt>
    <trkpt lat="-23.5764464" lon="132.5544572"></trkpt>
    <trkpt lat="-23.5764580" lon="132.5545183"></trkpt>
    <trkpt lat="-23.5764742" lon="132.5545913"></trkpt>
    <trkpt lat="-23.5764898" lon="132.5547748"></trkpt>
    <trkpt lat="-23.5765406" lon="132.5548848"></trkpt>
    <trkpt lat="-23.5765555" lon="132.5549666"></trkpt>
    <trkpt lat="-23.5765743" lon="132.5550225"></trkpt>
    <trkpt lat="-23.5766021" lon="132.5551287"></trkpt>
    <trkpt lat="-23.5766297" lon="132.5552147"></trkpt>
    <trkpt lat="-23.5766820" lon="132.5553817"></trkpt>
    <trkpt lat="-23.5766853" lon="132.5555235"></trkpt>
    <trkpt lat="-23.5767786" lon="132.5558166"></trkpt>
    <trkpt lat="-23.5768132" lon="132.5560074"></trkpt>
    <trkpt lat="-23.5768107" lon="132.5561455"></trkpt>
    <trkpt lat="-23.5768080" lon="132.5562792"></trkpt>
    <trkpt lat="-23.5768359" lon="132.5565367"></trkpt>
    <trkpt lat="-23.5768173" lon="132.5566982"></trkpt>
    <trkpt lat="-23.5768597" lon="132.5568324"></trkpt>
    <trkpt lat="-23.5768621" lon="132.5569586"></trkpt>
    <trkpt lat="-23.5768187" lon="132.5570434"></trkpt>
    <trkpt lat="-23.5768142" lon="132.5572202"></trkpt>
    <trkpt lat="-23.5767995" lon="132.5573471"></trkpt>
    <trkpt lat="-23.5767414" lon="132.5574951"></trkpt>
    <trkpt lat="-23.5766855" lon="132.5577270"></trkpt>
    <trkpt lat="-23.5766960" lon="132.5578414"></trkpt>
    <trkpt lat="-23.5766882" lon="132.5579826"></trkpt>
    <trkpt lat="-23.5766472" lon="132.5580358"></trkpt>
    <trkpt lat="-23.5766601" lon="132.5580930"></trkpt>
    <trkpt lat="-23.5766376" lon="132.5581386"></trkpt>
    <trkpt lat="-23.5766887" lon="132.5582026"></trkpt>
    <trkpt lat="-23.5766609" lon="132.5582501"></trkpt>
    <trkpt lat="-23.5765366" lon="132.5582768"></trkpt>
    <trkpt lat="-23.5765227" lon="132.5583482"></trkpt>
    <trkpt lat="-23.5765918" lon="132.5583869"></trkpt>
    <trkpt lat="-23.5766137" lon="132.5584368"></trkpt>
    <trkpt lat="-23.5766231" lon="132.5585499"></trkpt>
    <trkpt lat="-23.5767039" lon="132.5586826"></trkpt>
    <trkpt lat="-23.5768810" lon="132.5587574"></trkpt>
    <trkpt lat="-23.5769205" lon="132.5588470"></trkpt>
    <trkpt lat="-23.5769547" lon="132.5589795"></trkpt>
    <trkpt lat="-23.5769725" lon="132.5592211"></trkpt>
    <trkpt lat="-23.5770196" lon="132.5593547"></trkpt>
    <trkpt lat="-23.5770353" lon="132.5594798"></trkpt>
    <trkpt lat="-23.5770287" lon="132.5596028"></trkpt>
    <trkpt lat="-23.5770405" lon="132.5596903"></trkpt>
    <trkpt lat="-23.5770439" lon="132.5597925"></trkpt>
    <trkpt lat="-23.5769272" lon="132.5602081"></trkpt>
    <trkpt lat="-23.5768847" lon="132.5603387"></trkpt>
    <trkpt lat="-23.5769059" lon="132.5604656"></trkpt>
    <trkpt lat="-23.5769282" lon="132.5605678"></trkpt>
    <trkpt lat="-23.5769829" lon="132.5606223"></trkpt>
    <trkpt lat="-23.5769886" lon="132.5607222"></trkpt>
    <trkpt lat="-23.5770115" lon="132.5608188"></trkpt>
    <trkpt lat="-23.5770272" lon="132.5610493"></trkpt>
    <trkpt lat="-23.5770543" lon="132.5611350"></trkpt>
    <trkpt lat="-23.5770386" lon="132.5612362"></trkpt>
    <trkpt lat="-23.5770457" lon="132.5612954"></trkpt>
    <trkpt lat="-23.5770379" lon="132.5614722"></trkpt>
    <trkpt lat="-23.5770614" lon="132.5615789"></trkpt>
    <trkpt lat="-23.5770362" lon="132.5616577"></trkpt>
    <trkpt lat="-23.5770320" lon="132.5617532"></trkpt>
    <trkpt lat="-23.5770900" lon="132.5618141"></trkpt>
    <trkpt lat="-23.5771020" lon="132.5619040"></trkpt>
    <trkpt lat="-23.5770930" lon="132.5619747"></trkpt>
    <trkpt lat="-23.5770763" lon="132.5620455"></trkpt>
    <trkpt lat="-23.5771398" lon="132.5622912"></trkpt>
    <trkpt lat="-23.5771475" lon="132.5623407"></trkpt>
    <trkpt lat="-23.5772227" lon="132.5624812"></trkpt>
    <trkpt lat="-23.5772479" lon="132.5625781"></trkpt>
    <trkpt lat="-23.5772741" lon="132.5629232"></trkpt>
    <trkpt lat="-23.5772907" lon="132.5630237"></trkpt>
    <trkpt lat="-23.5773113" lon="132.5630914"></trkpt>
    <trkpt lat="-23.5773355" lon="132.5631787"></trkpt>
    <trkpt lat="-23.5773726" lon="132.5632347"></trkpt>
    <trkpt lat="-23.5773583" lon="132.5633401"></trkpt>
    <trkpt lat="-23.5774262" lon="132.5635345"></trkpt>
    <trkpt lat="-23.5774683" lon="132.5636693"></trkpt>
    <trkpt lat="-23.5774754" lon="132.5637862"></trkpt>
    <trkpt lat="-23.5775011" lon="132.5638781"></trkpt>
    <trkpt lat="-23.5775218" lon="132.5639722"></trkpt>
    <trkpt lat="-23.5775133" lon="132.5640891"></trkpt>
    <trkpt lat="-23.5775099" lon="132.5642777"></trkpt>
    <trkpt lat="-23.5775603" lon="132.5645846"></trkpt>
    <trkpt lat="-23.5776746" lon="132.5649459"></trkpt>
    <trkpt lat="-23.5776860" lon="132.5650627"></trkpt>
    <trkpt lat="-23.5777160" lon="132.5651265"></trkpt>
    <trkpt lat="-23.5778002" lon="132.5654708"></trkpt>
    <trkpt lat="-23.5778545" lon="132.5655549"></trkpt>
    <trkpt lat="-23.5778611" lon="132.5656505"></trkpt>
    <trkpt lat="-23.5778438" lon="132.5657333"></trkpt>
    <trkpt lat="-23.5778659" lon="132.5658929"></trkpt>
    <trkpt lat="-23.5779073" lon="132.5659490"></trkpt>
    <trkpt lat="-23.5779175" lon="132.5660085"></trkpt>
    <trkpt lat="-23.5779359" lon="132.5661468"></trkpt>
    <trkpt lat="-23.5779618" lon="132.5662743"></trkpt>
    <trkpt lat="-23.5779488" lon="132.5663704"></trkpt>
    <trkpt lat="-23.5780030" lon="132.5664475"></trkpt>
    <trkpt lat="-23.5780344" lon="132.5665565"></trkpt>
    <trkpt lat="-23.5780711" lon="132.5666040"></trkpt>
    <trkpt lat="-23.5780929" lon="132.5667014"></trkpt>
    <trkpt lat="-23.5780858" lon="132.5667839"></trkpt>
    <trkpt lat="-23.5780942" lon="132.5668843"></trkpt>
    <trkpt lat="-23.5780740" lon="132.5669983"></trkpt>
    <trkpt lat="-23.5780487" lon="132.5670907"></trkpt>
    <trkpt lat="-23.5780841" lon="132.5673078"></trkpt>
    <trkpt lat="-23.5781525" lon="132.5674746"></trkpt>
    <trkpt lat="-23.5781385" lon="132.5676678"></trkpt>
    <trkpt lat="-23.5782078" lon="132.5677209"></trkpt>
    <trkpt lat="-23.5782496" lon="132.5678030"></trkpt>
    <trkpt lat="-23.5782749" lon="132.5678564"></trkpt>
    <trkpt lat="-23.5783286" lon="132.5679456"></trkpt>
    <trkpt lat="-23.5783313" lon="132.5680457"></trkpt>
    <trkpt lat="-23.5783570" lon="132.5680776"></trkpt>
    <trkpt lat="-23.5785124" lon="132.5682273"></trkpt>
    <trkpt lat="-23.5785775" lon="132.5682714"></trkpt>
    <trkpt lat="-23.5786149" lon="132.5683187"></trkpt>
    <trkpt lat="-23.5786963" lon="132.5686476"></trkpt>
    <trkpt lat="-23.5787245" lon="132.5688401"></trkpt>
    <trkpt lat="-23.5788046" lon="132.5689452"></trkpt>
    <trkpt lat="-23.5788202" lon="132.5690272"></trkpt>
    <trkpt lat="-23.5788340" lon="132.5692341"></trkpt>
    <trkpt lat="-23.5788694" lon="132.5693751"></trkpt>
    <trkpt lat="-23.5788996" lon="132.5695111"></trkpt>
    <trkpt lat="-23.5789359" lon="132.5695822"></trkpt>
    <trkpt lat="-23.5789151" lon="132.5697196"></trkpt>
    <trkpt lat="-23.5789273" lon="132.5698371"></trkpt>
    <trkpt lat="-23.5789723" lon="132.5700784"></trkpt>
    <trkpt lat="-23.5789919" lon="132.5701938"></trkpt>
    <trkpt lat="-23.5789899" lon="132.5704767"></trkpt>
    <trkpt lat="-23.5789969" lon="132.5706093"></trkpt>
    <trkpt lat="-23.5790290" lon="132.5707147"></trkpt>
    <trkpt lat="-23.5790344" lon="132.5707777"></trkpt>
    <trkpt lat="-23.5790693" lon="132.5708511"></trkpt>
    <trkpt lat="-23.5790569" lon="132.5709450"></trkpt>
    <trkpt lat="-23.5791029" lon="132.5710479"></trkpt>
    <trkpt lat="-23.5791093" lon="132.5712210"></trkpt>
    <trkpt lat="-23.5791584" lon="132.5713776"></trkpt>
    <trkpt lat="-23.5791702" lon="132.5714760"></trkpt>
    <trkpt lat="-23.5792164" lon="132.5715566"></trkpt>
    <trkpt lat="-23.5792474" lon="132.5716654"></trkpt>
    <trkpt lat="-23.5792736" lon="132.5717794"></trkpt>
    <trkpt lat="-23.5793335" lon="132.5719336"></trkpt>
    <trkpt lat="-23.5794230" lon="132.5721058"></trkpt>
    <trkpt lat="-23.5794284" lon="132.5722192"></trkpt>
    <trkpt lat="-23.5794537" lon="132.5722921"></trkpt>
    <trkpt lat="-23.5794826" lon="132.5724829"></trkpt>
    <trkpt lat="-23.5795058" lon="132.5726658"></trkpt>
    <trkpt lat="-23.5794816" lon="132.5727251"></trkpt>
    <trkpt lat="-23.5795051" lon="132.5730432"></trkpt>
    <trkpt lat="-23.5794688" lon="132.5732256"></trkpt>
    <trkpt lat="-23.5795007" lon="132.5733652"></trkpt>
    <trkpt lat="-23.5795065" lon="132.5734749"></trkpt>
    <trkpt lat="-23.5795169" lon="132.5735370"></trkpt>
    <trkpt lat="-23.5795199" lon="132.5736119"></trkpt>
    <trkpt lat="-23.5795122" lon="132.5736674"></trkpt>
    <trkpt lat="-23.5795209" lon="132.5737188"></trkpt>
    <trkpt lat="-23.5795411" lon="132.5737738"></trkpt>
    <trkpt lat="-23.5795250" lon="132.5738212"></trkpt>
    <trkpt lat="-23.5795148" lon="132.5738689"></trkpt>
    <trkpt lat="-23.5795033" lon="132.5739207"></trkpt>
    <trkpt lat="-23.5794934" lon="132.5739988"></trkpt>
    <trkpt lat="-23.5795522" lon="132.5740397"></trkpt>
    <trkpt lat="-23.5795876" lon="132.5742142"></trkpt>
    <trkpt lat="-23.5795983" lon="132.5743510"></trkpt>
    <trkpt lat="-23.5796118" lon="132.5744231"></trkpt>
    <trkpt lat="-23.5796189" lon="132.5745300"></trkpt>
    <trkpt lat="-23.5796128" lon="132.5746058"></trkpt>
    <trkpt lat="-23.5797178" lon="132.5747638"></trkpt>
    <trkpt lat="-23.5796850" lon="132.5748036"></trkpt>
    <trkpt lat="-23.5796976" lon="132.5748219"></trkpt>
    <trkpt lat="-23.5796760" lon="132.5748624"></trkpt>
    <trkpt lat="-23.5796835" lon="132.5748979"></trkpt>
    <trkpt lat="-23.5797194" lon="132.5750061"></trkpt>
    <trkpt lat="-23.5797198" lon="132.5751137"></trkpt>
    <trkpt lat="-23.5797430" lon="132.5751677"></trkpt>
    <trkpt lat="-23.5797630" lon="132.5752189"></trkpt>
    <trkpt lat="-23.5797552" lon="132.5753418"></trkpt>
    <trkpt lat="-23.5797353" lon="132.5753988"></trkpt>
    <trkpt lat="-23.5797158" lon="132.5754948"></trkpt>
    <trkpt lat="-23.5797360" lon="132.5755532"></trkpt>
    <trkpt lat="-23.5797621" lon="132.5756822"></trkpt>
    <trkpt lat="-23.5797320" lon="132.5757302"></trkpt>
    <trkpt lat="-23.5797118" lon="132.5758589"></trkpt>
    <trkpt lat="-23.5797443" lon="132.5759401"></trkpt>
    <trkpt lat="-23.5797406" lon="132.5760025"></trkpt>
    <trkpt lat="-23.5797020" lon="132.5761067"></trkpt>
    <trkpt lat="-23.5796814" lon="132.5763749"></trkpt>
    <trkpt lat="-23.5796134" lon="132.5765509"></trkpt>
    <trkpt lat="-23.5795423" lon="132.5767209"></trkpt>
    <trkpt lat="-23.5795492" lon="132.5770842"></trkpt>
    <trkpt lat="-23.5795837" lon="132.5772161"></trkpt>
    <trkpt lat="-23.5795174" lon="132.5775658"></trkpt>
    <trkpt lat="-23.5795428" lon="132.5776526"></trkpt>
    <trkpt lat="-23.5796118" lon="132.5777363"></trkpt>
    <trkpt lat="-23.5796118" lon="132.5778107"></trkpt>
    <trkpt lat="-23.5795816" lon="132.5780297"></trkpt>
    <trkpt lat="-23.5795730" lon="132.5781439"></trkpt>
    <trkpt lat="-23.5796786" lon="132.5783273"></trkpt>
    <trkpt lat="-23.5798319" lon="132.5785437"></trkpt>
    <trkpt lat="-23.5798813" lon="132.5786666"></trkpt>
    <trkpt lat="-23.5799120" lon="132.5787097"></trkpt>
    <trkpt lat="-23.5799620" lon="132.5787518"></trkpt>
    <trkpt lat="-23.5800219" lon="132.5787953"></trkpt>
    <trkpt lat="-23.5800510" lon="132.5788057"></trkpt>
    <trkpt lat="-23.5801108" lon="132.5788845"></trkpt>
    <trkpt lat="-23.5801762" lon="132.5789185"></trkpt>
    <trkpt lat="-23.5802191" lon="132.5789726"></trkpt>
    <trkpt lat="-23.5802689" lon="132.5790477"></trkpt>
    <trkpt lat="-23.5802876" lon="132.5790783"></trkpt>
    <trkpt lat="-23.5802788" lon="132.5791213"></trkpt>
    <trkpt lat="-23.5803830" lon="132.5792420"></trkpt>
    <trkpt lat="-23.5803988" lon="132.5792704"></trkpt>
    <trkpt lat="-23.5804345" lon="132.5793390"></trkpt>
    <trkpt lat="-23.5804745" lon="132.5793842"></trkpt>
    <trkpt lat="-23.5805173" lon="132.5794044"></trkpt>
    <trkpt lat="-23.5805316" lon="132.5794309"></trkpt>
    <trkpt lat="-23.5805244" lon="132.5794711"></trkpt>
    <trkpt lat="-23.5805355" lon="132.5795063"></trkpt>
    <trkpt lat="-23.5805520" lon="132.5795320"></trkpt>
    <trkpt lat="-23.5805748" lon="132.5795350"></trkpt>
    <trkpt lat="-23.5806016" lon="132.5795621"></trkpt>
    <trkpt lat="-23.5806152" lon="132.5795647"></trkpt>
    <trkpt lat="-23.5806423" lon="132.5796883"></trkpt>
    </trkseg>
  </trk>
</gpx>
